Order_ID,Order_Date,Salesperson,Territory,Category,Sub_Category,Sales,Discount,Profit,Year,Month,Profit_Margin
10001,2024-01-05,Aarav Sharma,West,Furniture,Bookcases,256.09,0.06177395640290563,19.18,2024,1,0.07489554453512437
10002,2024-01-02,Aarav Sharma,West,Furniture,Bookcases,194.64,0.17560724958334686,1.75,2024,1,0.008990957665433622
10003,2024-01-25,Aarav Sharma,West,Office Supplies,Art,87.02,0.19957016882414216,8.07,2024,1,0.09273730176970812
10004,2024-01-21,Aarav Sharma,West,Furniture,Tables,138.92,0.07168008699422669,7.95,2024,1,0.05722718111143105
10005,2024-01-08,Aarav Sharma,West,Office Supplies,Art,103.1,0.2040749099940059,11.02,2024,1,0.10688651794374394
10006,2024-01-03,Aarav Sharma,West,Furniture,Bookcases,126.52,0.1685514369185991,6.56,2024,1,0.051849509958899774
10007,2024-01-12,Aarav Sharma,West,Technology,Accessories,144.51,0.23114576895339853,12.11,2024,1,0.08380042903605286
10008,2024-01-20,Aarav Sharma,West,Furniture,Tables,213.33,0.2660340146136515,-15.26,2024,1,-0.0715323676932452
10009,2024-01-10,Aarav Sharma,West,Furniture,Chairs,192.29,0.17285351908865762,-9.66,2024,1,-0.050236621769202766
10010,2024-01-04,Aarav Sharma,West,Office Supplies,Art,127.69,0.19178727242469654,10.92,2024,1,0.08551961782441851
10011,2024-01-03,Aarav Sharma,West,Technology,Accessories,240.42,0.05602640086231934,46.26,2024,1,0.19241327676566009
10012,2024-01-27,Aarav Sharma,West,Technology,Accessories,203.68,0.1958322797564943,8.91,2024,1,0.04374509033778476
10013,2024-01-05,Aarav Sharma,West,Technology,Accessories,273.92,0.05700652649046235,80.2,2024,1,0.292786214953271
10014,2024-01-08,Ananya Patil,West,Furniture,Bookcases,116.64,0.15539344096660285,-5.23,2024,1,-0.044838820301783266
10015,2024-01-08,Ananya Patil,West,Furniture,Chairs,413.81,0.4260850708437253,-54.33,2024,1,-0.13129213890432806
10016,2024-01-22,Ananya Patil,West,Office Supplies,Storage,80.84,0.20078807265038792,4.27,2024,1,0.05282038594755071
10017,2024-01-25,Ananya Patil,West,Office Supplies,Binders,62.85,0.20250291448381466,11.01,2024,1,0.17517899761336514
10018,2024-01-08,Ananya Patil,West,Office Supplies,Storage,152.24,0.4508783517996978,-13.35,2024,1,-0.08769048870204939
10019,2024-01-27,Ananya Patil,West,Office Supplies,Storage,78.95,0.3161738579721667,1.15,2024,1,0.014566181127295755
10020,2024-01-06,Ananya Patil,West,Furniture,Tables,252.45,0.15810249347795016,8.73,2024,1,0.034581105169340466
10021,2024-01-26,Ananya Patil,West,Furniture,Chairs,99.12,0.2957030449280004,3.95,2024,1,0.039850686037126715
10022,2024-01-26,Ananya Patil,West,Furniture,Chairs,63.51,0.27534531518779076,-7.6,2024,1,-0.11966619430011022
10023,2024-01-24,Ananya Patil,West,Furniture,Bookcases,109.17,0.27626438761686883,-12.12,2024,1,-0.11101951085463038
10024,2024-01-03,Ananya Patil,West,Office Supplies,Art,79.11,0.43782895790564086,-1.59,2024,1,-0.020098596890405766
10025,2024-01-04,Ananya Patil,West,Technology,Accessories,155.27,0.08468144897256644,23.92,2024,1,0.15405422811876088
10026,2024-01-23,Ananya Patil,West,Office Supplies,Art,189.92,0.46914196120217194,-9.1,2024,1,-0.04791491154170177
10027,2024-01-02,Ananya Patil,West,Office Supplies,Binders,106.03,0.27444961006778706,7.02,2024,1,0.06620767707252664
10028,2024-01-15,Ananya Patil,West,Technology,Machines,200.17,0.1383731294071645,9.9,2024,1,0.04945796073337663
10029,2024-01-10,Ananya Patil,West,Technology,Accessories,317.82,0.04714602774803324,75.18,2024,1,0.23654898999433643
10030,2024-01-23,Ananya Patil,West,Furniture,Bookcases,239.9,0.13939037129231355,17.24,2024,1,0.07186327636515213
10031,2024-01-03,Ananya Patil,West,Furniture,Tables,226.75,0.20388808361831845,5.09,2024,1,0.02244762954796031
10032,2024-01-14,Rohan Deshmukh,Central,Technology,Machines,82.21,0.5905623182950764,-11.86,2024,1,-0.1442646879941613
10033,2024-01-20,Rohan Deshmukh,Central,Furniture,Tables,209.08,0.30948332243791987,-1.88,2024,1,-0.008991773483833938
10034,2024-01-05,Rohan Deshmukh,Central,Office Supplies,Art,61.94,0.11847098853703729,14.88,2024,1,0.2402324830481111
10035,2024-01-04,Rohan Deshmukh,Central,Office Supplies,Paper,67.07,0.29143033948044966,9.99,2024,1,0.14894885940062624
10036,2024-01-20,Rohan Deshmukh,Central,Furniture,Chairs,158.0,0.07147613761877152,18.57,2024,1,0.11753164556962026
10037,2024-01-07,Rohan Deshmukh,Central,Technology,Machines,40.38,0.22970018753150295,4.38,2024,1,0.10846953937592867
10038,2024-01-27,Rohan Deshmukh,Central,Technology,Phones,206.01,0.25614281636395225,-10.96,2024,1,-0.05320130090772293
10039,2024-01-15,Rohan Deshmukh,Central,Office Supplies,Binders,57.83,0.13827325390135484,11.64,2024,1,0.2012796126577901
10040,2024-01-01,Rohan Deshmukh,Central,Office Supplies,Paper,42.77,0.08112303738013854,5.94,2024,1,0.13888239420154314
10041,2024-01-13,Rohan Deshmukh,Central,Office Supplies,Binders,49.28,0.1510749646569528,8.18,2024,1,0.16599025974025974
10042,2024-01-04,Rohan Deshmukh,Central,Office Supplies,Binders,113.71,0.12498237149711426,26.67,2024,1,0.2345440154779703
10043,2024-01-17,Rohan Deshmukh,Central,Technology,Phones,201.16,0.20259295589744328,-3.3,2024,1,-0.016404851859216543
10044,2024-01-07,Rohan Deshmukh,Central,Technology,Phones,149.82,0.09321140906647049,24.55,2024,1,0.16386330262982246
10045,2024-01-08,Rohan Deshmukh,Central,Furniture,Bookcases,148.96,0.20252336238284838,0.59,2024,1,0.00396079484425349
10046,2024-01-25,Rohan Deshmukh,Central,Technology,Machines,104.22,0.19834874203421543,6.6,2024,1,0.06332757628094415
10047,2024-01-04,Rohan Deshmukh,Central,Office Supplies,Binders,104.33,0.04779206633114335,21.74,2024,1,0.20837726444934343
10048,2024-01-06,Rohan Deshmukh,Central,Furniture,Bookcases,141.18,0.27626937840349386,1.05,2024,1,0.007437314067148321
10049,2024-01-07,Rohan Deshmukh,Central,Office Supplies,Art,53.45,0.35387575589528014,-2.06,2024,1,-0.03854069223573433
10050,2024-01-16,Rohan Deshmukh,Central,Technology,Machines,65.51,0.4087170718159107,-4.67,2024,1,-0.07128682643871163
10051,2024-01-10,Rohan Deshmukh,Central,Furniture,Tables,167.0,0.24483610704769085,5.3,2024,1,0.03173652694610778
10052,2024-01-09,Rohan Deshmukh,Central,Office Supplies,Paper,35.79,0.07709129097075965,8.75,2024,1,0.2444816987985471
10053,2024-01-22,Rohan Deshmukh,Central,Technology,Phones,118.58,0.04151338402128421,17.39,2024,1,0.14665204924945185
10054,2024-01-18,Rohan Deshmukh,Central,Furniture,Tables,183.24,0.09827166053016355,24.35,2024,1,0.13288583278760097
10055,2024-01-27,Rohan Deshmukh,Central,Furniture,Tables,73.04,0.46846767825687347,-16.2,2024,1,-0.22179627601314345
10056,2024-01-13,Isha Kulkarni,Central,Office Supplies,Art,49.96,0.41221959397643965,2.32,2024,1,0.04643714971977582
10057,2024-01-02,Isha Kulkarni,Central,Technology,Machines,92.55,0.3489981440766767,-2.16,2024,1,-0.0233387358184765
10058,2024-01-24,Isha Kulkarni,Central,Furniture,Chairs,173.46,0.27199666445960535,-18.46,2024,1,-0.10642222990891272
10059,2024-01-24,Isha Kulkarni,Central,Technology,Machines,139.29,0.21504788708395084,6.45,2024,1,0.04630626749946156
10060,2024-01-27,Isha Kulkarni,Central,Office Supplies,Paper,62.12,0.3758468793971151,-0.01,2024,1,-0.00016097875080489378
10061,2024-01-04,Isha Kulkarni,Central,Furniture,Tables,78.24,0.2092789569109046,-5.57,2024,1,-0.0711912065439673
10062,2024-01-15,Isha Kulkarni,Central,Office Supplies,Paper,28.42,0.04439405521482852,7.03,2024,1,0.24736101337086558
10063,2024-01-07,Isha Kulkarni,Central,Technology,Machines,312.08,0.24592780557246277,24.13,2024,1,0.07731991796975135
10064,2024-01-22,Isha Kulkarni,Central,Furniture,Chairs,115.29,0.32297282650847015,-6.01,2024,1,-0.052129412785150486
10065,2024-01-26,Isha Kulkarni,Central,Technology,Machines,105.92,0.0862887155047719,9.77,2024,1,0.09223942598187311
10066,2024-01-02,Isha Kulkarni,Central,Furniture,Bookcases,87.52,0.15478162094057915,-0.15,2024,1,-0.0017138939670932358
10067,2024-01-14,Isha Kulkarni,Central,Furniture,Chairs,220.91,0.051503756880913465,5.74,2024,1,0.025983432166945816
10068,2024-01-09,Isha Kulkarni,Central,Technology,Machines,298.5,0.20249602953770224,23.4,2024,1,0.07839195979899496
10069,2024-01-01,Isha Kulkarni,Central,Technology,Machines,63.25,0.5394558783058825,0.18,2024,1,0.0028458498023715413
10070,2024-01-21,Isha Kulkarni,Central,Technology,Machines,101.44,0.04231948343502474,14.94,2024,1,0.14727917981072555
10071,2024-01-17,Isha Kulkarni,Central,Office Supplies,Binders,96.54,0.43919478261378947,-7.72,2024,1,-0.07996685311787859
10072,2024-01-08,Vikram Joshi,East,Office Supplies,Paper,131.02,0.25967645957723395,7.31,2024,1,0.055793008700961676
10073,2024-01-13,Vikram Joshi,East,Technology,Phones,583.13,0.22516955658886964,29.8,2024,1,0.051103527515305336
10074,2024-01-15,Vikram Joshi,East,Technology,Accessories,233.77,0.2385551100959388,1.6,2024,1,0.006844334174616076
10075,2024-01-12,Vikram Joshi,East,Furniture,Tables,280.9,0.054431902453066984,21.94,2024,1,0.07810608757564971
10076,2024-01-24,Vikram Joshi,East,Technology,Accessories,221.95,0.24895546206016894,-5.77,2024,1,-0.025996846136517232
10077,2024-01-01,Vikram Joshi,East,Office Supplies,Paper,122.38,0.42781874831551125,-7.14,2024,1,-0.05834286648145122
10078,2024-01-11,Vikram Joshi,East,Office Supplies,Binders,67.88,0.40542945310088296,10.49,2024,1,0.15453741897466117
10079,2024-01-01,Vikram Joshi,East,Furniture,Tables,111.71,0.18332504135567745,-1.7,2024,1,-0.015217975114134814
10080,2024-01-04,Vikram Joshi,East,Technology,Machines,70.99,0.17097818162994172,4.88,2024,1,0.06874207634878152
10081,2024-01-03,Vikram Joshi,East,Furniture,Chairs,153.94,0.02295661206689575,18.36,2024,1,0.1192672469793426
10082,2024-01-15,Vikram Joshi,East,Office Supplies,Art,77.05,0.6317989280622365,-14.71,2024,1,-0.190914990266061
10083,2024-01-02,Vikram Joshi,East,Technology,Phones,148.02,0.15921242211377154,14.91,2024,1,0.10072963113092824
10084,2024-01-24,Vikram Joshi,East,Office Supplies,Binders,35.22,0.2403660755507252,2.21,2024,1,0.06274843838727996
10085,2024-01-08,Vikram Joshi,East,Office Supplies,Paper,131.86,0.034045752693905515,25.32,2024,1,0.19202184134688305
10086,2024-01-26,Vikram Joshi,East,Furniture,Tables,129.71,0.12679501404249863,10.33,2024,1,0.07963919512759232
10087,2024-01-23,Vikram Joshi,East,Technology,Phones,334.02,0.21561700605571682,18.67,2024,1,0.055894856595413454
10088,2024-01-02,Vikram Joshi,East,Office Supplies,Art,83.59,0.29851948971237446,10.24,2024,1,0.12250269170953464
10089,2024-01-22,Vikram Joshi,East,Office Supplies,Art,40.4,0.2641144626475063,4.9,2024,1,0.1212871287128713
10090,2024-01-17,Vikram Joshi,East,Technology,Phones,169.18,0.053176183990124984,19.82,2024,1,0.11715332781652678
10091,2024-01-21,Vikram Joshi,East,Technology,Machines,210.43,0.2389290756399382,14.94,2024,1,0.07099748134771658
10092,2024-01-06,Vikram Joshi,East,Technology,Accessories,474.15,0.13132127777839286,60.0,2024,1,0.12654223347042076
10093,2024-01-22,Vikram Joshi,East,Technology,Accessories,138.46,0.2503422023813438,4.61,2024,1,0.03329481438682652
10094,2024-01-24,Sneha More,East,Office Supplies,Art,68.45,0.1213060083490968,12.48,2024,1,0.1823228634039445
10095,2024-01-19,Sneha More,East,Furniture,Tables,41.91,0.12500137329561808,2.87,2024,1,0.0684800763540921
10096,2024-01-24,Sneha More,East,Furniture,Bookcases,107.39,0.2048052837309264,-1.11,2024,1,-0.010336157929043674
10097,2024-01-25,Sneha More,East,Technology,Accessories,257.93,0.056735132912131066,30.36,2024,1,0.11770635443725042
10098,2024-01-08,Sneha More,East,Furniture,Tables,192.09,0.28627756964416096,-10.82,2024,1,-0.05632776302774741
10099,2024-01-23,Sneha More,East,Office Supplies,Binders,38.19,0.20857906477544016,14.21,2024,1,0.37208693375229124
10100,2024-01-27,Sneha More,East,Office Supplies,Storage,82.79,0.21400266387021172,5.96,2024,1,0.07198937069694407
10101,2024-01-15,Sneha More,East,Furniture,Tables,235.35,0.14732865571071935,22.79,2024,1,0.09683450180582112
10102,2024-01-02,Sneha More,East,Furniture,Chairs,78.53,0.032862259602455736,11.28,2024,1,0.14363937348783903
10103,2024-01-25,Sneha More,East,Furniture,Chairs,155.37,0.19486512480997215,-0.24,2024,1,-0.0015446997489862906
10104,2024-01-01,Sneha More,East,Office Supplies,Binders,63.48,0.2051199719597199,9.43,2024,1,0.14855072463768115
10105,2024-01-20,Sneha More,East,Furniture,Tables,151.65,0.39095937435756367,-17.25,2024,1,-0.11374876360039564
10106,2024-01-03,Sneha More,East,Technology,Machines,141.21,0.1869957327580782,14.68,2024,1,0.10395864315558387
10107,2024-01-27,Sneha More,East,Office Supplies,Art,36.84,0.23488557615802716,9.61,2024,1,0.26085776330076
10108,2024-01-21,Aditya Shah,South,Technology,Machines,143.12,0.17091149133544695,10.13,2024,1,0.07077976523197317
10109,2024-01-23,Aditya Shah,South,Furniture,Chairs,243.65,0.3904360837831177,-20.92,2024,1,-0.08586086599630618
10110,2024-01-12,Aditya Shah,South,Furniture,Bookcases,127.89,0.5705097621161039,-23.85,2024,1,-0.1864883884588318
10111,2024-01-12,Aditya Shah,South,Furniture,Chairs,139.86,0.1457464871403642,10.67,2024,1,0.07629057629057628
10112,2024-01-19,Aditya Shah,South,Office Supplies,Binders,33.48,0.04390284445192966,11.29,2024,1,0.3372162485065711
10113,2024-01-15,Aditya Shah,South,Office Supplies,Paper,96.0,0.09584671537683513,10.45,2024,1,0.10885416666666665
10114,2024-01-16,Aditya Shah,South,Office Supplies,Storage,44.87,0.151535863720076,6.27,2024,1,0.13973701805215066
10115,2024-01-08,Aditya Shah,South,Furniture,Tables,154.38,0.051929081252127904,23.05,2024,1,0.1493069050395129
10116,2024-01-21,Aditya Shah,South,Furniture,Tables,232.57,0.3308323328958201,-10.38,2024,1,-0.044631723782087115
10117,2024-01-27,Aditya Shah,South,Technology,Machines,105.27,0.1715434551019233,9.98,2024,1,0.09480383775054622
10118,2024-01-26,Aditya Shah,South,Technology,Phones,519.59,0.5600812985253449,-73.84,2024,1,-0.14211204988548662
10119,2024-01-22,Aditya Shah,South,Office Supplies,Storage,72.59,0.2816554498844262,3.11,2024,1,0.04284336685493869
10120,2024-01-26,Aditya Shah,South,Technology,Machines,96.79,0.2795624335663923,2.75,2024,1,0.02841202603574749
10121,2024-01-12,Aditya Shah,South,Furniture,Tables,236.67,0.1375191229411996,11.07,2024,1,0.04677398909874509
10122,2024-01-14,Aditya Shah,South,Technology,Machines,125.9,0.19119004608547252,12.35,2024,1,0.09809372517871326
10123,2024-01-04,Aditya Shah,South,Technology,Accessories,320.46,0.373141922019539,-14.34,2024,1,-0.04474817449915747
10124,2024-01-21,Aditya Shah,South,Technology,Accessories,128.72,0.1692450489160126,13.14,2024,1,0.10208203853325047
10125,2024-01-05,Aditya Shah,South,Technology,Machines,289.81,0.15725784200903178,29.27,2024,1,0.10099720506538766
10126,2024-01-06,Neha Pawar,South,Technology,Machines,231.6,0.5057644099730699,-23.49,2024,1,-0.10142487046632125
10127,2024-01-22,Neha Pawar,South,Technology,Machines,260.2,0.65,-51.03,2024,1,-0.1961183704842429
10128,2024-01-03,Neha Pawar,South,Furniture,Chairs,180.39,0.1290093715763756,2.74,2024,1,0.015189312046122293
10129,2024-01-14,Neha Pawar,South,Technology,Accessories,263.51,0.16831613335960555,29.03,2024,1,0.11016659709308946
10130,2024-01-17,Neha Pawar,South,Furniture,Tables,116.4,0.21177020770983138,4.28,2024,1,0.03676975945017182
10131,2024-01-15,Neha Pawar,South,Office Supplies,Binders,73.01,0.06193497098400829,14.05,2024,1,0.1924393918641282
10132,2024-01-03,Neha Pawar,South,Technology,Machines,62.61,0.2018687447024612,3.83,2024,1,0.06117233668743013
10133,2024-01-07,Neha Pawar,South,Furniture,Chairs,175.6,0.4430836969272875,-18.16,2024,1,-0.10341685649202734
10134,2024-01-12,Neha Pawar,South,Office Supplies,Art,69.78,0.3392752574637721,1.61,2024,1,0.023072513614216108
10135,2024-01-14,Neha Pawar,South,Office Supplies,Storage,32.67,0.019443237770358824,3.51,2024,1,0.10743801652892561
10136,2024-01-03,Neha Pawar,South,Technology,Accessories,70.31,0.23007396430878446,3.02,2024,1,0.04295263831602901
10137,2024-01-13,Neha Pawar,South,Technology,Machines,224.4,0.25233852079129726,1.52,2024,1,0.006773618538324421
10138,2024-01-23,Neha Pawar,South,Office Supplies,Binders,48.8,0.3779868220539984,-3.02,2024,1,-0.061885245901639345
10139,2024-01-08,Neha Pawar,South,Technology,Phones,189.45,0.018189125777656207,38.32,2024,1,0.2022697281604645
10140,2024-01-27,Neha Pawar,South,Office Supplies,Paper,60.69,0.0896077372362957,7.45,2024,1,0.12275498434667985
10141,2024-01-16,Neha Pawar,South,Furniture,Tables,75.52,0.04878320854890772,9.6,2024,1,0.1271186440677966
10142,2024-01-17,Neha Pawar,South,Technology,Machines,155.43,0.3983629073932314,-9.97,2024,1,-0.06414463102361191
10143,2024-01-19,Neha Pawar,South,Office Supplies,Binders,99.94,0.15568141414459932,6.22,2024,1,0.06223734240544326
10144,2024-01-27,Neha Pawar,South,Technology,Accessories,201.41,0.1648076788409168,3.65,2024,1,0.018122238220545157
10145,2024-01-16,Neha Pawar,South,Technology,Accessories,42.98,0.20460377906865304,-6.59,2024,1,-0.1533271288971615
10146,2024-01-06,Neha Pawar,South,Technology,Phones,134.82,0.1413472170397961,15.4,2024,1,0.11422637590861891
10147,2024-01-15,Kunal Mehta,North,Office Supplies,Binders,125.5,0.029649659547079057,27.35,2024,1,0.21792828685258966
10148,2024-01-03,Kunal Mehta,North,Technology,Machines,153.85,0.043443261159466666,25.03,2024,1,0.16269093272668184
10149,2024-01-03,Kunal Mehta,North,Furniture,Chairs,293.48,0.22085938050675347,7.62,2024,1,0.025964290581981735
10150,2024-01-05,Kunal Mehta,North,Office Supplies,Paper,114.69,0.028941283149297555,20.06,2024,1,0.1749062690731537
10151,2024-01-21,Kunal Mehta,North,Technology,Machines,276.29,0.1759291954735179,23.0,2024,1,0.0832458648521481
10152,2024-01-18,Kunal Mehta,North,Furniture,Bookcases,59.8,0.02790492394828803,3.89,2024,1,0.06505016722408027
10153,2024-01-07,Kunal Mehta,North,Office Supplies,Storage,66.75,0.22181718792790775,8.62,2024,1,0.1291385767790262
10154,2024-01-13,Kunal Mehta,North,Technology,Machines,344.66,0.20928204827461383,37.5,2024,1,0.10880287819880462
10155,2024-01-15,Kunal Mehta,North,Office Supplies,Storage,103.19,0.12663036188568655,10.66,2024,1,0.10330458377749782
10156,2024-01-04,Kunal Mehta,North,Office Supplies,Paper,73.83,0.0639485258832585,20.82,2024,1,0.28199918732222673
10157,2024-01-23,Kunal Mehta,North,Furniture,Tables,134.95,0.011850205344294972,15.12,2024,1,0.11204149685068544
10158,2024-01-03,Kunal Mehta,North,Technology,Phones,75.95,0.07406136098698925,6.97,2024,1,0.09177090190915076
10159,2024-01-24,Priya Nair,North,Furniture,Tables,131.06,0.19924307767428232,-2.3,2024,1,-0.017549214100412023
10160,2024-01-07,Priya Nair,North,Technology,Machines,251.96,0.0868533026604337,42.99,2024,1,0.17062232100333385
10161,2024-01-08,Priya Nair,North,Office Supplies,Binders,91.32,0.5178305743884754,-12.98,2024,1,-0.14213753832676304
10162,2024-01-02,Priya Nair,North,Furniture,Tables,136.5,0.1397747221290301,3.49,2024,1,0.02556776556776557
10163,2024-01-13,Priya Nair,North,Office Supplies,Art,77.36,0.08058904970469379,17.65,2024,1,0.22815408479834537
10164,2024-01-25,Priya Nair,North,Furniture,Tables,299.91,0.02625058867653156,35.55,2024,1,0.11853556066820044
10165,2024-01-20,Priya Nair,North,Office Supplies,Paper,61.93,0.11875355465609493,8.58,2024,1,0.13854351687388988
10166,2024-01-07,Priya Nair,North,Office Supplies,Binders,68.02,0.020584376735764503,16.4,2024,1,0.24110555718906204
10167,2024-01-15,Priya Nair,North,Office Supplies,Binders,97.97,0.4297547662333615,6.16,2024,1,0.06287639073185669
10168,2024-01-25,Priya Nair,North,Office Supplies,Art,38.14,0.22726652594851596,8.04,2024,1,0.21080230728893548
10169,2024-01-09,Priya Nair,North,Technology,Accessories,182.57,0.05372468378068773,29.5,2024,1,0.16158185901298133
10170,2024-01-18,Priya Nair,North,Technology,Phones,149.22,0.07397454504844633,16.81,2024,1,0.11265245945583702
10171,2024-01-02,Priya Nair,North,Furniture,Tables,175.59,0.17584693619275396,8.71,2024,1,0.049604191582664166
10172,2024-01-17,Priya Nair,North,Office Supplies,Binders,96.05,0.5998709895447335,-7.73,2024,1,-0.08047891723060907
10173,2024-01-12,Priya Nair,North,Technology,Phones,215.59,0.02734222393022872,23.22,2024,1,0.10770443898139988
10174,2024-01-07,Priya Nair,North,Technology,Machines,66.14,0.0494514464702086,12.64,2024,1,0.1911097671605685
10175,2024-01-01,Priya Nair,North,Office Supplies,Paper,82.91,0.0797264574991108,10.72,2024,1,0.12929682788565916
10176,2024-01-16,Priya Nair,North,Furniture,Tables,63.41,0.23585595494552072,-5.34,2024,1,-0.08421384639646744
10177,2024-01-10,Priya Nair,North,Office Supplies,Binders,54.5,0.14762439349495324,4.77,2024,1,0.0875229357798165
10178,2024-01-17,Priya Nair,North,Technology,Accessories,79.16,0.03020355583814452,8.84,2024,1,0.11167256189994947
10179,2024-01-21,Priya Nair,North,Furniture,Bookcases,52.97,0.1578950443015539,-0.41,2024,1,-0.0077402303190485175
10180,2024-01-14,Priya Nair,North,Office Supplies,Paper,46.19,0.24905989629810976,4.93,2024,1,0.1067330591037021
10181,2024-01-01,Rahul Jadhav,West,Technology,Phones,546.09,0.013679398444394933,87.97,2024,1,0.16109066271127467
10182,2024-01-27,Rahul Jadhav,West,Furniture,Tables,125.45,0.16159382108063064,6.49,2024,1,0.05173375846950976
10183,2024-01-22,Rahul Jadhav,West,Office Supplies,Paper,63.7,0.14092711880928138,10.0,2024,1,0.15698587127158556
10184,2024-01-27,Rahul Jadhav,West,Office Supplies,Storage,120.83,0.1601501545498352,19.4,2024,1,0.16055615327319372
10185,2024-01-04,Rahul Jadhav,West,Furniture,Chairs,207.99,0.17480701840527757,-8.78,2024,1,-0.042213567959998075
10186,2024-01-13,Rahul Jadhav,West,Office Supplies,Storage,128.27,0.14255159264782952,18.36,2024,1,0.14313557339985966
10187,2024-01-02,Rahul Jadhav,West,Furniture,Chairs,253.44,0.585393870427553,-40.21,2024,1,-0.15865688131313133
10188,2024-01-05,Rahul Jadhav,West,Technology,Machines,298.41,0.5512844236508511,-43.99,2024,1,-0.14741463087698134
10189,2024-01-17,Rahul Jadhav,West,Furniture,Bookcases,403.01,0.24081375744568861,-3.44,2024,1,-0.00853576834321729
10190,2024-01-09,Rahul Jadhav,West,Technology,Phones,72.64,0.18931699720227022,-2.72,2024,1,-0.037444933920704845
10191,2024-01-20,Rahul Jadhav,West,Technology,Phones,85.64,0.3217580903786016,2.11,2024,1,0.0246380196170014
10192,2024-01-19,Rahul Jadhav,West,Office Supplies,Art,98.73,0.27540995033353766,6.27,2024,1,0.06350653296870251
10193,2024-01-17,Meera Singh,Central,Office Supplies,Art,74.12,0.17630942810123817,9.09,2024,1,0.1226389638424177
10194,2024-01-08,Meera Singh,Central,Office Supplies,Binders,88.02,0.1818397710008788,17.22,2024,1,0.19563735514655758
10195,2024-01-12,Meera Singh,Central,Furniture,Tables,157.09,0.17987000377705914,6.98,2024,1,0.04443312750652492
10196,2024-01-16,Meera Singh,Central,Office Supplies,Storage,257.75,0.284272328658838,22.52,2024,1,0.08737148399612027
10197,2024-01-07,Meera Singh,Central,Furniture,Chairs,90.82,0.18838875315582265,1.23,2024,1,0.013543272406958821
10198,2024-01-03,Meera Singh,Central,Technology,Machines,422.32,0.5297517414046358,-55.88,2024,1,-0.13231672665277516
10199,2024-01-12,Meera Singh,Central,Furniture,Bookcases,180.25,0.20326491581073095,14.82,2024,1,0.08221914008321775
10200,2024-01-26,Meera Singh,Central,Technology,Machines,58.48,0.10586898325102838,1.96,2024,1,0.033515731874145006
10201,2024-01-11,Meera Singh,Central,Technology,Accessories,54.24,0.18532720413864673,6.0,2024,1,0.11061946902654866
10202,2024-01-15,Meera Singh,Central,Office Supplies,Storage,90.51,0.09507316657402036,17.17,2024,1,0.18970279527124076
10203,2024-01-21,Meera Singh,Central,Technology,Machines,170.08,0.1866871528666972,6.98,2024,1,0.04103951081843838
10204,2024-01-06,Meera Singh,Central,Furniture,Bookcases,174.31,0.04199225950806391,9.88,2024,1,0.05668062647008204
10205,2024-01-06,Meera Singh,Central,Office Supplies,Binders,44.57,0.041070147790570284,3.78,2024,1,0.08481041059008301
10206,2024-01-20,Meera Singh,Central,Technology,Machines,92.41,0.014578854581486115,19.11,2024,1,0.20679580132020345
10207,2024-01-27,Meera Singh,Central,Office Supplies,Paper,60.49,0.20254533077564624,1.16,2024,1,0.019176723425359563
10208,2024-01-02,Meera Singh,Central,Technology,Machines,273.23,0.65,-42.64,2024,1,-0.15605899791384548
10209,2024-01-12,Meera Singh,Central,Technology,Machines,229.51,0.2745333767580805,14.22,2024,1,0.06195808461504946
10210,2024-01-02,Meera Singh,Central,Office Supplies,Binders,51.74,0.1959161664354852,5.88,2024,1,0.1136451488210282
10211,2024-01-14,Meera Singh,Central,Office Supplies,Art,76.0,0.19981523638625176,10.3,2024,1,0.1355263157894737
10212,2024-02-06,Aarav Sharma,West,Furniture,Chairs,126.87,0.3482315177452813,-14.46,2024,2,-0.11397493497280681
10213,2024-02-10,Aarav Sharma,West,Technology,Accessories,347.16,0.2479620872351248,58.59,2024,2,0.1687694434842724
10214,2024-02-11,Aarav Sharma,West,Technology,Machines,474.21,0.21878647799776793,23.84,2024,2,0.050273085763691196
10215,2024-02-15,Aarav Sharma,West,Furniture,Tables,145.24,0.05973665293372874,26.34,2024,2,0.18135499862296886
10216,2024-02-03,Aarav Sharma,West,Office Supplies,Paper,236.5,0.4170609006253804,1.66,2024,2,0.007019027484143763
10217,2024-02-24,Aarav Sharma,West,Office Supplies,Binders,19.7,0.24221889449431794,4.12,2024,2,0.20913705583756345
10218,2024-02-19,Aarav Sharma,West,Technology,Accessories,282.77,0.2709279244436507,13.13,2024,2,0.04643349718852779
10219,2024-02-22,Aarav Sharma,West,Furniture,Tables,114.86,0.1276689672271037,5.78,2024,2,0.050322131290266414
10220,2024-02-01,Aarav Sharma,West,Furniture,Tables,57.08,0.1669770554003463,0.36,2024,2,0.006306937631394534
10221,2024-02-22,Aarav Sharma,West,Office Supplies,Paper,48.62,0.4452958340152117,0.33,2024,2,0.0067873303167420825
10222,2024-02-22,Aarav Sharma,West,Technology,Phones,713.0,0.3388479281137162,-3.01,2024,2,-0.004221598877980365
10223,2024-02-21,Aarav Sharma,West,Technology,Machines,60.98,0.30690164988105084,0.62,2024,2,0.010167267956707117
10224,2024-02-22,Aarav Sharma,West,Furniture,Bookcases,113.79,0.3221636088825174,-12.51,2024,2,-0.10993936198259951
10225,2024-02-10,Aarav Sharma,West,Furniture,Tables,50.98,0.06119559678844218,1.3,2024,2,0.025500196155355044
10226,2024-02-17,Aarav Sharma,West,Furniture,Chairs,149.81,0.1078231552947588,4.58,2024,2,0.030572057940057407
10227,2024-02-15,Aarav Sharma,West,Furniture,Tables,425.64,0.21405547558704327,5.49,2024,2,0.01289822385114181
10228,2024-02-21,Aarav Sharma,West,Technology,Accessories,210.48,0.13618589582395885,43.8,2024,2,0.2080957810718358
10229,2024-02-19,Aarav Sharma,West,Technology,Machines,403.72,0.22843935810046387,51.04,2024,2,0.12642425443376595
10230,2024-02-05,Aarav Sharma,West,Furniture,Tables,399.38,0.33680088587371176,-5.21,2024,2,-0.01304522009114127
10231,2024-02-06,Aarav Sharma,West,Furniture,Tables,131.1,0.4430737333538804,-14.56,2024,2,-0.11106025934401222
10232,2024-02-12,Aarav Sharma,West,Furniture,Tables,161.48,0.48738648795617534,-21.95,2024,2,-0.13593014614812982
10233,2024-02-25,Aarav Sharma,West,Furniture,Tables,144.54,0.26451234424651665,-14.33,2024,2,-0.09914210599142106
10234,2024-02-10,Aarav Sharma,West,Furniture,Bookcases,119.05,0.1949308840412816,5.96,2024,2,0.0500629987400252
10235,2024-02-15,Aarav Sharma,West,Office Supplies,Binders,83.08,0.012692177679344122,25.83,2024,2,0.3109051516610496
10236,2024-02-12,Ananya Patil,West,Furniture,Chairs,309.34,0.08047650798078945,32.82,2024,2,0.10609685136096206
10237,2024-02-20,Ananya Patil,West,Office Supplies,Storage,43.96,0.4063038207444246,2.22,2024,2,0.05050045495905369
10238,2024-02-16,Ananya Patil,West,Furniture,Tables,108.27,0.11788920311524126,1.73,2024,2,0.015978572088297775
10239,2024-02-16,Ananya Patil,West,Technology,Machines,61.3,0.1705639960788144,5.33,2024,2,0.0869494290375204
10240,2024-02-10,Ananya Patil,West,Office Supplies,Binders,74.12,0.07645418716405487,11.5,2024,2,0.1551538046411225
10241,2024-02-26,Ananya Patil,West,Furniture,Chairs,148.87,0.3613974519207913,-13.75,2024,2,-0.0923624638946732
10242,2024-02-22,Ananya Patil,West,Furniture,Bookcases,343.54,0.375881701588516,-50.33,2024,2,-0.1465040461081679
10243,2024-02-07,Ananya Patil,West,Office Supplies,Art,76.25,0.06956529031431051,11.55,2024,2,0.15147540983606558
10244,2024-02-22,Ananya Patil,West,Office Supplies,Art,58.22,0.1434433693007283,9.09,2024,2,0.15613191343181038
10245,2024-02-15,Ananya Patil,West,Technology,Phones,501.58,0.25467829981950885,3.85,2024,2,0.007675744646915747
10246,2024-02-14,Ananya Patil,West,Technology,Machines,155.11,0.05776434406262019,34.98,2024,2,0.22551737476629485
10247,2024-02-15,Ananya Patil,West,Furniture,Tables,90.02,0.04574864983973585,9.58,2024,2,0.10642079537880472
10248,2024-02-05,Ananya Patil,West,Office Supplies,Storage,94.94,0.17927911232481858,12.99,2024,2,0.13682325679376448
10249,2024-02-03,Ananya Patil,West,Technology,Machines,203.2,0.22754683566170902,15.96,2024,2,0.07854330708661418
10250,2024-02-20,Ananya Patil,West,Technology,Accessories,77.77,0.24134758713796844,15.06,2024,2,0.19364793622219367
10251,2024-02-17,Ananya Patil,West,Technology,Accessories,105.58,0.37869731306370924,0.95,2024,2,0.008997916272021216
10252,2024-02-16,Ananya Patil,West,Technology,Accessories,195.2,0.21323091879751993,3.02,2024,2,0.015471311475409836
10253,2024-02-13,Ananya Patil,West,Office Supplies,Binders,26.82,0.3503696358254961,0.6,2024,2,0.022371364653243846
10254,2024-02-08,Ananya Patil,West,Furniture,Tables,204.88,0.1564388150196004,14.28,2024,2,0.06969933619679812
10255,2024-02-21,Ananya Patil,West,Technology,Phones,182.55,0.13377442837965403,20.24,2024,2,0.11087373322377429
10256,2024-02-07,Rohan Deshmukh,Central,Furniture,Bookcases,127.82,0.07922670267187337,3.45,2024,2,0.02699108120794868
10257,2024-02-06,Rohan Deshmukh,Central,Furniture,Chairs,174.41,0.1276033872166391,8.18,2024,2,0.04690098044836879
10258,2024-02-16,Rohan Deshmukh,Central,Furniture,Chairs,242.03,0.29978064060369747,-7.74,2024,2,-0.031979506672726525
10259,2024-02-12,Rohan Deshmukh,Central,Furniture,Tables,87.28,0.2710915540511499,-0.26,2024,2,-0.0029789184234647113
10260,2024-02-04,Rohan Deshmukh,Central,Technology,Machines,162.53,0.3708146464689868,-5.96,2024,2,-0.03667015320248569
10261,2024-02-12,Rohan Deshmukh,Central,Technology,Accessories,459.48,0.1930301154581987,13.44,2024,2,0.02925045703839122
10262,2024-02-25,Rohan Deshmukh,Central,Technology,Accessories,89.48,0.33759778535778445,-6.17,2024,2,-0.06895395619132767
10263,2024-02-18,Rohan Deshmukh,Central,Technology,Phones,42.19,0.08244044383884978,11.03,2024,2,0.2614363593268547
10264,2024-02-25,Rohan Deshmukh,Central,Technology,Machines,252.77,0.12335699826842142,23.19,2024,2,0.09174348221703525
10265,2024-02-08,Rohan Deshmukh,Central,Furniture,Chairs,89.98,0.08407047489007084,6.11,2024,2,0.06790397866192487
10266,2024-02-06,Rohan Deshmukh,Central,Furniture,Bookcases,203.46,0.65,-33.88,2024,2,-0.16651921753661655
10267,2024-02-02,Rohan Deshmukh,Central,Technology,Phones,327.96,0.07350030992658528,62.39,2024,2,0.19023661422124652
10268,2024-02-18,Rohan Deshmukh,Central,Furniture,Tables,245.77,0.6366636715089553,-50.86,2024,2,-0.20694144932253733
10269,2024-02-07,Rohan Deshmukh,Central,Technology,Accessories,412.55,0.10078141803759692,72.81,2024,2,0.17648769846079262
10270,2024-02-18,Rohan Deshmukh,Central,Technology,Phones,149.68,0.07280748967888394,31.1,2024,2,0.2077765900587921
10271,2024-02-25,Rohan Deshmukh,Central,Office Supplies,Storage,29.96,0.22634042261043805,4.25,2024,2,0.14185580774365822
10272,2024-02-21,Isha Kulkarni,Central,Office Supplies,Paper,62.64,0.11602045041147202,9.95,2024,2,0.1588441890166028
10273,2024-02-14,Isha Kulkarni,Central,Furniture,Bookcases,167.69,0.17155650276569873,11.05,2024,2,0.06589540223030593
10274,2024-02-12,Isha Kulkarni,Central,Furniture,Bookcases,573.64,0.11317465615712304,1.22,2024,2,0.002126769402412663
10275,2024-02-17,Isha Kulkarni,Central,Technology,Phones,361.12,0.538675889204394,-30.62,2024,2,-0.08479175897208684
10276,2024-02-15,Isha Kulkarni,Central,Furniture,Bookcases,45.33,0.4586435449198101,-3.65,2024,2,-0.08052062651665563
10277,2024-02-26,Isha Kulkarni,Central,Technology,Phones,216.46,0.04113183021697757,34.13,2024,2,0.15767347315901323
10278,2024-02-18,Isha Kulkarni,Central,Furniture,Tables,138.51,0.14153152438555772,10.87,2024,2,0.07847808822467692
10279,2024-02-06,Isha Kulkarni,Central,Furniture,Chairs,87.88,0.14984963142844615,0.26,2024,2,0.002958579881656805
10280,2024-02-21,Isha Kulkarni,Central,Office Supplies,Paper,57.68,0.1577953226162721,8.44,2024,2,0.1463245492371706
10281,2024-02-20,Isha Kulkarni,Central,Furniture,Chairs,309.58,0.2710164796971503,-17.1,2024,2,-0.05523612636475225
10282,2024-02-02,Isha Kulkarni,Central,Technology,Machines,133.48,0.06135850811358243,18.9,2024,2,0.14159424632903805
10283,2024-02-03,Isha Kulkarni,Central,Technology,Accessories,86.75,0.05806204539248125,12.51,2024,2,0.14420749279538905
10284,2024-02-07,Isha Kulkarni,Central,Office Supplies,Art,75.01,0.28170682782277295,4.71,2024,2,0.06279162778296227
10285,2024-02-15,Isha Kulkarni,Central,Technology,Phones,80.5,0.2522510886137811,4.38,2024,2,0.054409937888198756
10286,2024-02-18,Isha Kulkarni,Central,Office Supplies,Paper,68.44,0.1668257742768408,12.72,2024,2,0.1858562244301578
10287,2024-02-04,Isha Kulkarni,Central,Furniture,Bookcases,130.06,0.1025385993318294,16.75,2024,2,0.12878671382438875
10288,2024-02-13,Vikram Joshi,East,Furniture,Bookcases,137.31,0.10606081160805268,5.37,2024,2,0.03910858641031243
10289,2024-02-08,Vikram Joshi,East,Technology,Machines,281.41,0.1230797252028069,47.52,2024,2,0.16886393518354004
10290,2024-02-08,Vikram Joshi,East,Office Supplies,Art,102.67,0.1801967811513724,5.46,2024,2,0.053180091555468975
10291,2024-02-09,Vikram Joshi,East,Technology,Accessories,74.5,0.22860654612553155,1.07,2024,2,0.014362416107382552
10292,2024-02-18,Vikram Joshi,East,Office Supplies,Binders,111.32,0.09105028068775325,26.36,2024,2,0.23679482572763205
10293,2024-02-17,Vikram Joshi,East,Technology,Accessories,223.25,0.1491456402481163,33.6,2024,2,0.15050391937290034
10294,2024-02-13,Vikram Joshi,East,Furniture,Bookcases,265.35,0.3477988056289963,-29.11,2024,2,-0.10970416431128696
10295,2024-02-22,Vikram Joshi,East,Office Supplies,Storage,32.25,0.18825318686188908,5.1,2024,2,0.15813953488372093
10296,2024-02-15,Vikram Joshi,East,Technology,Accessories,327.33,0.08203889463267182,49.32,2024,2,0.15067363211437998
10297,2024-02-06,Vikram Joshi,East,Office Supplies,Paper,65.21,0.05550738944013754,16.68,2024,2,0.2557889894188008
10298,2024-02-23,Vikram Joshi,East,Furniture,Tables,78.77,0.3631223262282344,-7.84,2024,2,-0.09953027802462867
10299,2024-02-26,Vikram Joshi,East,Furniture,Bookcases,133.9,0.016068214556167394,11.0,2024,2,0.08215085884988797
10300,2024-02-11,Vikram Joshi,East,Furniture,Tables,316.28,0.23719480067242987,-16.52,2024,2,-0.052232199317060836
10301,2024-02-09,Vikram Joshi,East,Furniture,Chairs,105.83,0.27021460324199953,5.12,2024,2,0.04837947651894548
10302,2024-02-24,Vikram Joshi,East,Technology,Machines,1349.56,0.30880245689297287,47.32,2024,2,0.03506327988381398
10303,2024-02-15,Vikram Joshi,East,Furniture,Chairs,135.13,0.499699639084687,-19.41,2024,2,-0.14363945829941538
10304,2024-02-15,Vikram Joshi,East,Furniture,Bookcases,154.04,0.1512862554016363,3.98,2024,2,0.0258374448195274
10305,2024-02-03,Vikram Joshi,East,Technology,Accessories,248.94,0.0825923929794827,21.67,2024,2,0.08704908813368684
10306,2024-02-05,Vikram Joshi,East,Technology,Accessories,257.38,0.2981329727222267,-23.71,2024,2,-0.09212059989121145
10307,2024-02-01,Vikram Joshi,East,Technology,Accessories,201.87,0.17891726361426435,17.17,2024,2,0.0850547381978501
10308,2024-02-06,Vikram Joshi,East,Office Supplies,Paper,31.86,0.1425358235740141,1.64,2024,2,0.051475204017576895
10309,2024-02-14,Vikram Joshi,East,Technology,Machines,223.89,0.1727391714344672,5.91,2024,2,0.02639689133056412
10310,2024-02-12,Sneha More,East,Office Supplies,Art,90.07,0.17517179950877018,14.87,2024,2,0.16509381592095038
10311,2024-02-20,Sneha More,East,Furniture,Tables,71.98,0.41017711659880923,-12.31,2024,2,-0.17101972770213947
10312,2024-02-20,Sneha More,East,Office Supplies,Binders,106.93,0.1967874175428134,13.0,2024,2,0.12157486205929112
10313,2024-02-22,Sneha More,East,Furniture,Tables,201.25,0.19438956653721262,-0.45,2024,2,-0.0022360248447204968
10314,2024-02-15,Sneha More,East,Technology,Phones,193.47,0.44211829934436647,-5.72,2024,2,-0.02956530728278286
10315,2024-02-14,Sneha More,East,Office Supplies,Art,30.25,0.22274724500851784,2.76,2024,2,0.09123966942148759
10316,2024-02-24,Sneha More,East,Technology,Accessories,299.45,0.04536070491859093,55.02,2024,2,0.1837368508933044
10317,2024-02-15,Sneha More,East,Office Supplies,Paper,115.33,0.21105067952327722,14.5,2024,2,0.12572617705714037
10318,2024-02-25,Sneha More,East,Furniture,Chairs,261.22,0.24260940927977698,-3.4,2024,2,-0.0130158487098997
10319,2024-02-13,Sneha More,East,Technology,Machines,150.91,0.12562746086734683,19.15,2024,2,0.1268968259227354
10320,2024-02-25,Sneha More,East,Office Supplies,Storage,152.03,0.13331781300160694,20.83,2024,2,0.13701243175689007
10321,2024-02-27,Sneha More,East,Technology,Accessories,228.58,0.14083947223205365,22.82,2024,2,0.09983375623414122
10322,2024-02-06,Sneha More,East,Technology,Accessories,502.37,0.023666586211017217,107.92,2024,2,0.21482174492903636
10323,2024-02-27,Sneha More,East,Technology,Phones,333.42,0.08251784994823758,48.8,2024,2,0.14636194589406754
10324,2024-02-03,Sneha More,East,Technology,Phones,358.46,0.07069916560808845,61.45,2024,2,0.17142777436813036
10325,2024-02-26,Aditya Shah,South,Technology,Phones,264.48,0.20498540458943842,40.12,2024,2,0.15169388989715665
10326,2024-02-13,Aditya Shah,South,Technology,Phones,315.15,0.22956734125383838,-3.54,2024,2,-0.011232746311280344
10327,2024-02-01,Aditya Shah,South,Furniture,Bookcases,215.75,0.1725888137871176,-2.03,2024,2,-0.0094090382387022
10328,2024-02-03,Aditya Shah,South,Office Supplies,Storage,164.1,0.11897229177667641,19.85,2024,2,0.12096282754418039
10329,2024-02-27,Aditya Shah,South,Technology,Phones,872.68,0.3231734034874039,29.51,2024,2,0.03381537333272219
10330,2024-02-23,Aditya Shah,South,Technology,Accessories,124.38,0.35643443646495476,-2.61,2024,2,-0.020984081041968163
10331,2024-02-16,Aditya Shah,South,Office Supplies,Storage,183.29,0.1281693622039941,40.13,2024,2,0.21894265917398661
10332,2024-02-15,Aditya Shah,South,Furniture,Tables,70.2,0.49955202515894165,-7.99,2024,2,-0.11381766381766381
10333,2024-02-13,Aditya Shah,South,Office Supplies,Art,54.79,0.25656801742247404,8.95,2024,2,0.16335097645555757
10334,2024-02-21,Aditya Shah,South,Office Supplies,Binders,42.37,0.15942352637007026,6.42,2024,2,0.15152230351663915
10335,2024-02-09,Aditya Shah,South,Office Supplies,Storage,71.41,0.2061789783094915,10.72,2024,2,0.15011903094804652
10336,2024-02-13,Aditya Shah,South,Technology,Phones,115.99,0.28820386867739783,0.44,2024,2,0.003793430468143806
10337,2024-02-19,Aditya Shah,South,Furniture,Bookcases,225.12,0.013896205595701755,22.06,2024,2,0.09799218194740582
10338,2024-02-15,Aditya Shah,South,Office Supplies,Art,46.04,0.10441291050809995,9.2,2024,2,0.19982623805386618
10339,2024-02-22,Aditya Shah,South,Office Supplies,Paper,69.43,0.07412102363135892,16.29,2024,2,0.2346248019588074
10340,2024-02-04,Aditya Shah,South,Office Supplies,Paper,63.41,0.3144291015852437,1.82,2024,2,0.028702097460968305
10341,2024-02-18,Aditya Shah,South,Office Supplies,Paper,53.35,0.1578658551263162,2.45,2024,2,0.04592314901593252
10342,2024-02-10,Aditya Shah,South,Furniture,Tables,119.98,0.21158372914369947,-3.06,2024,2,-0.025504250708451408
10343,2024-02-23,Aditya Shah,South,Furniture,Bookcases,132.25,0.26388743111385177,-0.42,2024,2,-0.0031758034026465026
10344,2024-02-06,Aditya Shah,South,Furniture,Tables,192.24,0.40632333947743177,-15.22,2024,2,-0.0791718684977112
10345,2024-02-18,Aditya Shah,South,Technology,Machines,244.43,0.30387259932831434,17.74,2024,2,0.07257701591457676
10346,2024-02-03,Aditya Shah,South,Technology,Accessories,576.97,0.3281950308192623,-9.25,2024,2,-0.016032029394942544
10347,2024-02-07,Neha Pawar,South,Office Supplies,Storage,59.72,0.49157933468525766,-2.87,2024,2,-0.04805760214333557
10348,2024-02-04,Neha Pawar,South,Technology,Accessories,148.69,0.3395050346326941,5.93,2024,2,0.03988163292756742
10349,2024-02-24,Neha Pawar,South,Furniture,Bookcases,131.34,0.13927388635782428,-2.4,2024,2,-0.01827318410232983
10350,2024-02-25,Neha Pawar,South,Technology,Phones,109.55,0.2798750650669077,-2.61,2024,2,-0.023824737562756732
10351,2024-02-14,Neha Pawar,South,Technology,Accessories,191.69,0.623246159125344,-38.8,2024,2,-0.20241014137409358
10352,2024-02-24,Neha Pawar,South,Technology,Phones,53.68,0.20424878583990644,6.28,2024,2,0.11698956780923994
10353,2024-02-27,Neha Pawar,South,Furniture,Chairs,389.65,0.34173199678418914,-45.12,2024,2,-0.11579622738354933
10354,2024-02-05,Neha Pawar,South,Furniture,Tables,178.63,0.14436991581987932,12.11,2024,2,0.06779376364552427
10355,2024-02-14,Neha Pawar,South,Technology,Machines,138.54,0.16014311962926916,10.35,2024,2,0.0747076656561282
10356,2024-02-27,Neha Pawar,South,Office Supplies,Storage,91.94,0.2848042992255387,8.36,2024,2,0.09092886665216444
10357,2024-02-20,Neha Pawar,South,Technology,Accessories,68.52,0.28642078165541995,-1.2,2024,2,-0.017513134851138354
10358,2024-02-05,Neha Pawar,South,Technology,Machines,223.63,0.2083309153425594,-0.94,2024,2,-0.004203371640656441
10359,2024-02-09,Neha Pawar,South,Technology,Accessories,296.16,0.16309162273603878,30.79,2024,2,0.10396407347379794
10360,2024-02-15,Neha Pawar,South,Furniture,Chairs,223.13,0.33720276411096356,-16.5,2024,2,-0.07394792273562498
10361,2024-02-08,Neha Pawar,South,Furniture,Tables,150.66,0.12303401359330365,18.22,2024,2,0.12093455462631089
10362,2024-02-26,Neha Pawar,South,Technology,Phones,155.14,0.10902410886724052,19.73,2024,2,0.12717545442825837
10363,2024-02-25,Neha Pawar,South,Furniture,Bookcases,177.93,0.2536557273886387,-9.57,2024,2,-0.053785196425560615
10364,2024-02-13,Neha Pawar,South,Technology,Machines,87.31,0.12487786315850327,9.11,2024,2,0.10434085442675523
10365,2024-02-03,Neha Pawar,South,Technology,Accessories,154.51,0.1952820648135313,17.27,2024,2,0.11177270079606498
10366,2024-02-18,Neha Pawar,South,Technology,Accessories,105.14,0.12875719462204824,15.15,2024,2,0.14409358949971468
10367,2024-02-21,Neha Pawar,South,Office Supplies,Art,79.91,0.07233166708674131,14.0,2024,2,0.17519709673382555
10368,2024-02-04,Kunal Mehta,North,Furniture,Bookcases,113.55,0.24580013820132385,-3.98,2024,2,-0.03505063848524879
10369,2024-02-14,Kunal Mehta,North,Furniture,Tables,145.74,0.08526276685641054,10.52,2024,2,0.07218334019486757
10370,2024-02-02,Kunal Mehta,North,Technology,Accessories,234.96,0.256358927945261,17.7,2024,2,0.07533197139938712
10371,2024-02-20,Kunal Mehta,North,Office Supplies,Binders,48.71,0.26299240415868,-2.93,2024,2,-0.06015191952371177
10372,2024-02-16,Kunal Mehta,North,Furniture,Chairs,337.39,0.10966687920379224,18.28,2024,2,0.05418062183230091
10373,2024-02-05,Kunal Mehta,North,Furniture,Bookcases,269.13,0.10873974108183591,40.09,2024,2,0.14896146843532868
10374,2024-02-25,Kunal Mehta,North,Furniture,Chairs,53.33,0.30601097120211496,-4.73,2024,2,-0.0886930433152072
10375,2024-02-21,Kunal Mehta,North,Technology,Phones,300.14,0.3308042980154815,-6.13,2024,2,-0.020423802225628042
10376,2024-02-09,Kunal Mehta,North,Technology,Machines,377.1,0.0785761613455892,61.91,2024,2,0.16417395916202596
10377,2024-02-13,Kunal Mehta,North,Technology,Phones,148.74,0.2877950547875943,-4.21,2024,2,-0.028304423826811885
10378,2024-02-13,Kunal Mehta,North,Office Supplies,Paper,61.99,0.2627011697167351,9.2,2024,2,0.148411034037748
10379,2024-02-16,Kunal Mehta,North,Technology,Machines,466.58,0.09297298622910087,83.32,2024,2,0.17857602126109134
10380,2024-02-15,Kunal Mehta,North,Office Supplies,Storage,59.57,0.29996758435346393,7.77,2024,2,0.13043478260869565
10381,2024-02-27,Kunal Mehta,North,Office Supplies,Art,51.65,0.4391123162893344,1.37,2024,2,0.026524685382381417
10382,2024-02-06,Kunal Mehta,North,Furniture,Tables,185.47,0.07173076552140845,23.22,2024,2,0.1251954493988246
10383,2024-02-09,Kunal Mehta,North,Furniture,Chairs,174.92,0.025138182501652572,29.55,2024,2,0.16893436999771325
10384,2024-02-13,Kunal Mehta,North,Technology,Accessories,182.32,0.12715630025337032,20.01,2024,2,0.10975208424747698
10385,2024-02-09,Kunal Mehta,North,Office Supplies,Paper,54.97,0.1880006513571694,6.64,2024,2,0.12079315990540294
10386,2024-02-26,Kunal Mehta,North,Office Supplies,Binders,119.25,0.18492986287984198,18.22,2024,2,0.15278825995807127
10387,2024-02-16,Kunal Mehta,North,Furniture,Chairs,151.12,0.06782594907029,15.96,2024,2,0.10561143462149286
10388,2024-02-18,Priya Nair,North,Technology,Machines,136.77,0.18418033325388844,18.69,2024,2,0.13665277473130072
10389,2024-02-27,Priya Nair,North,Furniture,Bookcases,245.5,0.11236649740486386,10.16,2024,2,0.04138492871690428
10390,2024-02-05,Priya Nair,North,Furniture,Chairs,186.49,0.3121976330155221,-8.11,2024,2,-0.043487586465762236
10391,2024-02-09,Priya Nair,North,Office Supplies,Paper,46.66,0.09178581784685062,3.28,2024,2,0.07029575653664809
10392,2024-02-21,Priya Nair,North,Technology,Accessories,243.04,0.45055536733283064,-26.67,2024,2,-0.10973502304147467
10393,2024-02-24,Priya Nair,North,Technology,Accessories,214.59,0.008859384909768628,45.14,2024,2,0.21035462975907546
10394,2024-02-14,Priya Nair,North,Technology,Machines,270.02,0.5656193329096127,-40.53,2024,2,-0.15009999259314127
10395,2024-02-09,Priya Nair,North,Technology,Machines,246.36,0.3043064902629898,6.33,2024,2,0.025694106186069165
10396,2024-02-09,Priya Nair,North,Technology,Phones,184.73,0.37449291269789897,-5.41,2024,2,-0.029285984951009585
10397,2024-02-18,Priya Nair,North,Office Supplies,Paper,37.56,0.26604947041181337,3.18,2024,2,0.08466453674121406
10398,2024-02-27,Priya Nair,North,Technology,Phones,227.94,0.08275040250222745,31.74,2024,2,0.1392471703079758
10399,2024-02-14,Priya Nair,North,Technology,Machines,123.54,0.4467008404330641,-15.15,2024,2,-0.12263234579893152
10400,2024-02-08,Priya Nair,North,Office Supplies,Paper,95.69,0.11167714370645605,23.12,2024,2,0.24161354373497754
10401,2024-02-13,Priya Nair,North,Technology,Machines,99.48,0.26130690065383233,2.39,2024,2,0.024024929634097306
10402,2024-02-06,Priya Nair,North,Furniture,Bookcases,310.02,0.35976950673087055,-25.93,2024,2,-0.08363976517644023
10403,2024-02-21,Priya Nair,North,Technology,Accessories,103.19,0.16208316371905962,2.58,2024,2,0.025002422715379398
10404,2024-02-25,Rahul Jadhav,West,Furniture,Chairs,66.25,0.08455080417473543,11.01,2024,2,0.16618867924528302
10405,2024-02-13,Rahul Jadhav,West,Technology,Phones,308.51,0.2250444632936366,13.73,2024,2,0.04450423000875175
10406,2024-02-01,Rahul Jadhav,West,Technology,Machines,450.45,0.13255488609445376,78.33,2024,2,0.17389277389277388
10407,2024-02-20,Rahul Jadhav,West,Office Supplies,Storage,64.93,0.25183391561259905,3.9,2024,2,0.06006468504543354
10408,2024-02-19,Rahul Jadhav,West,Office Supplies,Storage,162.85,0.25900490682572136,11.18,2024,2,0.06865213386552042
10409,2024-02-04,Rahul Jadhav,West,Office Supplies,Paper,74.79,0.11314695701925068,10.92,2024,2,0.14600882470918572
10410,2024-02-26,Rahul Jadhav,West,Furniture,Bookcases,84.56,0.12330057043474614,-1.77,2024,2,-0.020931882686849573
10411,2024-02-13,Rahul Jadhav,West,Technology,Machines,304.3,0.3604517706709906,-8.19,2024,2,-0.026914229378902397
10412,2024-02-13,Rahul Jadhav,West,Furniture,Tables,258.19,0.2918860969715501,-6.27,2024,2,-0.024284441690228125
10413,2024-02-27,Rahul Jadhav,West,Technology,Phones,190.32,0.19312169966457943,19.36,2024,2,0.10172341319882304
10414,2024-02-06,Rahul Jadhav,West,Technology,Phones,180.36,0.17773673169576584,9.67,2024,2,0.053614992237746725
10415,2024-02-12,Rahul Jadhav,West,Office Supplies,Art,124.14,0.14605443910823998,14.27,2024,2,0.11495086193007895
10416,2024-02-24,Rahul Jadhav,West,Technology,Accessories,229.02,0.06496446461730446,25.94,2024,2,0.11326521701161471
10417,2024-02-21,Rahul Jadhav,West,Furniture,Chairs,24.97,0.3416208232665343,3.28,2024,2,0.13135762915498597
10418,2024-02-11,Rahul Jadhav,West,Technology,Machines,221.94,0.4763525368621141,-12.36,2024,2,-0.05569072722357394
10419,2024-02-22,Rahul Jadhav,West,Furniture,Bookcases,125.06,0.4069942689933924,-10.13,2024,2,-0.08100111946265792
10420,2024-02-10,Rahul Jadhav,West,Furniture,Chairs,230.24,0.09514171548861464,19.97,2024,2,0.08673558026407227
10421,2024-02-05,Rahul Jadhav,West,Furniture,Chairs,165.67,0.3950613373644987,-5.47,2024,2,-0.033017444317015754
10422,2024-02-01,Rahul Jadhav,West,Office Supplies,Storage,40.39,0.65,-2.48,2024,2,-0.061401336964595196
10423,2024-02-01,Rahul Jadhav,West,Office Supplies,Binders,47.03,0.1369395949025175,5.42,2024,2,0.11524558792260259
10424,2024-02-25,Meera Singh,Central,Furniture,Bookcases,104.46,0.11287736289051142,2.67,2024,2,0.025560022975301553
10425,2024-02-08,Meera Singh,Central,Furniture,Bookcases,85.81,0.22500827838969426,-2.57,2024,2,-0.029949889290292506
10426,2024-02-12,Meera Singh,Central,Technology,Accessories,63.13,0.07759189811514866,15.46,2024,2,0.24489149374306987
10427,2024-02-21,Meera Singh,Central,Technology,Machines,169.61,0.1342465801024051,18.79,2024,2,0.11078356228995931
10428,2024-02-23,Meera Singh,Central,Furniture,Bookcases,103.39,0.17346287622614887,-0.03,2024,2,-0.00029016345874842826
10429,2024-02-16,Meera Singh,Central,Furniture,Tables,96.45,0.23266022161347327,1.67,2024,2,0.017314670813893207
10430,2024-02-20,Meera Singh,Central,Furniture,Tables,226.03,0.2985146883105914,-7.97,2024,2,-0.035260806087687474
10431,2024-02-09,Meera Singh,Central,Furniture,Chairs,383.42,0.13184969658046292,5.59,2024,2,0.014579312503260132
10432,2024-02-08,Meera Singh,Central,Furniture,Tables,123.16,0.23216049999860497,1.56,2024,2,0.012666450146151349
10433,2024-02-04,Meera Singh,Central,Office Supplies,Storage,100.15,0.18091743165447574,10.64,2024,2,0.10624063904143784
10434,2024-02-18,Meera Singh,Central,Office Supplies,Art,27.82,0.25691335273497373,1.9,2024,2,0.06829618979151689
10435,2024-02-15,Meera Singh,Central,Furniture,Chairs,108.11,0.41611987539884665,-12.83,2024,2,-0.11867542318009434
10436,2024-02-03,Meera Singh,Central,Office Supplies,Art,17.72,0.15237162174038463,-2.13,2024,2,-0.12020316027088036
10437,2024-02-24,Meera Singh,Central,Furniture,Tables,302.42,0.3559449879763141,-15.71,2024,2,-0.05194762251173864
10438,2024-02-06,Meera Singh,Central,Furniture,Tables,227.05,0.3042207643416596,-8.14,2024,2,-0.0358511341114292
10439,2024-02-11,Meera Singh,Central,Furniture,Bookcases,203.31,0.4409740923175886,-29.46,2024,2,-0.14490187398553933
10440,2024-03-11,Aarav Sharma,West,Furniture,Bookcases,146.92,0.1165730999953376,8.74,2024,3,0.05948815682003812
10441,2024-03-17,Aarav Sharma,West,Furniture,Chairs,105.66,0.11823361557900387,-5.3,2024,3,-0.050160893431762256
10442,2024-03-16,Aarav Sharma,West,Office Supplies,Binders,46.2,0.012465468069936377,8.66,2024,3,0.18744588744588744
10443,2024-03-25,Aarav Sharma,West,Technology,Phones,176.25,0.26048124501239894,12.13,2024,3,0.068822695035461
10444,2024-03-06,Aarav Sharma,West,Furniture,Tables,63.42,0.21516217577063848,3.35,2024,3,0.05282245348470514
10445,2024-03-25,Aarav Sharma,West,Furniture,Chairs,122.38,0.1816548770688892,-6.2,2024,3,-0.05066187285504168
10446,2024-03-19,Aarav Sharma,West,Furniture,Chairs,201.01,0.14876211407219908,11.35,2024,3,0.056464852494900755
10447,2024-03-14,Aarav Sharma,West,Furniture,Tables,294.13,0.061553854517565405,29.91,2024,3,0.10168972903138068
10448,2024-03-14,Aarav Sharma,West,Furniture,Tables,44.36,0.09845650307793923,1.87,2024,3,0.0421550946798918
10449,2024-03-04,Aarav Sharma,West,Technology,Phones,109.51,0.06776264386987102,18.59,2024,3,0.16975618664962103
10450,2024-03-25,Aarav Sharma,West,Technology,Phones,310.49,0.03151219268533615,79.95,2024,3,0.25749621565911945
10451,2024-03-25,Aarav Sharma,West,Furniture,Tables,202.56,0.19862728581070427,-4.16,2024,3,-0.020537124802527645
10452,2024-03-26,Aarav Sharma,West,Technology,Phones,110.83,0.36925768607767107,-0.39,2024,3,-0.003518902824145087
10453,2024-03-24,Aarav Sharma,West,Office Supplies,Paper,69.41,0.02232585273607076,19.09,2024,3,0.27503241607837486
10454,2024-03-01,Aarav Sharma,West,Furniture,Bookcases,117.04,0.15028852209226534,1.47,2024,3,0.012559808612440191
10455,2024-03-24,Aarav Sharma,West,Furniture,Tables,205.57,0.09588536439072182,27.31,2024,3,0.13285012404533736
10456,2024-03-22,Aarav Sharma,West,Technology,Phones,216.84,0.048753860722592884,45.17,2024,3,0.20831027485703746
10457,2024-03-22,Aarav Sharma,West,Technology,Machines,187.23,0.12633798795618276,6.85,2024,3,0.0365860171980986
10458,2024-03-10,Aarav Sharma,West,Office Supplies,Art,35.32,0.047903921627990065,4.47,2024,3,0.12655719139297847
10459,2024-03-02,Aarav Sharma,West,Furniture,Bookcases,94.58,0.15514372655039876,2.8,2024,3,0.0296045675618524
10460,2024-03-14,Aarav Sharma,West,Technology,Accessories,385.76,0.2837265800567299,-6.3,2024,3,-0.01633139776026545
10461,2024-03-12,Ananya Patil,West,Technology,Machines,231.47,0.46655790102844474,-15.59,2024,3,-0.06735214066617705
10462,2024-03-05,Ananya Patil,West,Technology,Machines,369.39,0.2019743723643549,24.05,2024,3,0.0651073391266683
10463,2024-03-24,Ananya Patil,West,Technology,Phones,157.3,0.02051910839323842,24.95,2024,3,0.1586141131595677
10464,2024-03-12,Ananya Patil,West,Office Supplies,Paper,82.08,0.23524758398581616,6.18,2024,3,0.07529239766081872
10465,2024-03-26,Ananya Patil,West,Technology,Accessories,423.3,0.33123082355009,6.2,2024,3,0.014646822584455469
10466,2024-03-03,Ananya Patil,West,Technology,Accessories,97.95,0.41026030838655136,-4.96,2024,3,-0.05063808065339459
10467,2024-03-25,Ananya Patil,West,Office Supplies,Binders,59.29,0.11069978016829862,11.06,2024,3,0.18654073199527746
10468,2024-03-09,Ananya Patil,West,Technology,Phones,202.61,0.10827494494365739,36.64,2024,3,0.18084003751048813
10469,2024-03-22,Ananya Patil,West,Technology,Phones,182.68,0.10410648348464972,21.05,2024,3,0.11522881541493321
10470,2024-03-10,Ananya Patil,West,Office Supplies,Art,28.76,0.24741999452737912,6.04,2024,3,0.21001390820584143
10471,2024-03-21,Ananya Patil,West,Furniture,Bookcases,217.82,0.13578712424337053,5.5,2024,3,0.025250206592599394
10472,2024-03-22,Ananya Patil,West,Technology,Phones,100.65,0.033733579631295876,15.43,2024,3,0.15330352707401887
10473,2024-03-07,Ananya Patil,West,Office Supplies,Paper,133.86,0.039167945634566846,36.58,2024,3,0.2732705812042432
10474,2024-03-08,Ananya Patil,West,Technology,Machines,270.62,0.0616201327037124,51.43,2024,3,0.19004508166432635
10475,2024-03-18,Ananya Patil,West,Technology,Machines,84.64,0.28364750828198637,-3.71,2024,3,-0.04383270321361059
10476,2024-03-07,Ananya Patil,West,Office Supplies,Storage,80.63,0.313543222431765,-0.44,2024,3,-0.005457025920873124
10477,2024-03-16,Ananya Patil,West,Office Supplies,Paper,24.81,0.2825400571324524,0.9,2024,3,0.036275695284159616
10478,2024-03-25,Ananya Patil,West,Furniture,Bookcases,59.14,0.47982150190881284,-10.41,2024,3,-0.17602299628001353
10479,2024-03-26,Ananya Patil,West,Office Supplies,Storage,100.6,0.1420909766079424,13.56,2024,3,0.13479125248508947
10480,2024-03-20,Ananya Patil,West,Technology,Machines,550.7,0.09429594003320306,80.5,2024,3,0.14617759215543852
10481,2024-03-13,Ananya Patil,West,Technology,Accessories,256.09,0.032433630318638884,55.14,2024,3,0.21531492834550356
10482,2024-03-02,Ananya Patil,West,Furniture,Chairs,50.88,0.06837060039979136,2.13,2024,3,0.04186320754716981
10483,2024-03-08,Ananya Patil,West,Office Supplies,Art,45.48,0.2664548206622951,11.36,2024,3,0.2497801231310466
10484,2024-03-14,Ananya Patil,West,Furniture,Bookcases,144.83,0.2949155916906875,4.46,2024,3,0.03079472484982393
10485,2024-03-18,Ananya Patil,West,Furniture,Bookcases,324.92,0.0663181815815145,31.4,2024,3,0.09663917271943862
10486,2024-03-25,Rohan Deshmukh,Central,Office Supplies,Art,94.38,0.057072628971289,32.03,2024,3,0.33937274846365756
10487,2024-03-08,Rohan Deshmukh,Central,Office Supplies,Binders,81.41,0.15809660009036855,17.35,2024,3,0.21311878147647711
10488,2024-03-02,Rohan Deshmukh,Central,Office Supplies,Binders,70.85,0.02470092821267367,21.88,2024,3,0.30882145377558223
10489,2024-03-23,Rohan Deshmukh,Central,Technology,Phones,219.75,0.34179070792979843,-6.06,2024,3,-0.027576791808873718
10490,2024-03-07,Rohan Deshmukh,Central,Furniture,Chairs,122.99,0.30307925340935,4.41,2024,3,0.035856573705179286
10491,2024-03-05,Rohan Deshmukh,Central,Technology,Phones,120.83,0.1171701032826184,17.43,2024,3,0.14425225523462717
10492,2024-03-18,Rohan Deshmukh,Central,Technology,Accessories,117.38,0.35718764578676254,1.42,2024,3,0.012097461237008007
10493,2024-03-23,Rohan Deshmukh,Central,Technology,Accessories,119.65,0.18772724933381763,14.92,2024,3,0.12469703301295444
10494,2024-03-02,Rohan Deshmukh,Central,Office Supplies,Storage,118.85,0.05835179669048044,32.5,2024,3,0.27345393352965924
10495,2024-03-08,Rohan Deshmukh,Central,Technology,Accessories,439.04,0.42511842513906795,-47.64,2024,3,-0.10850947521865889
10496,2024-03-17,Rohan Deshmukh,Central,Technology,Machines,120.63,0.46722635518096556,-12.48,2024,3,-0.10345685152947029
10497,2024-03-17,Rohan Deshmukh,Central,Technology,Accessories,123.59,0.36029868201015175,0.71,2024,3,0.005744801359333279
10498,2024-03-16,Rohan Deshmukh,Central,Office Supplies,Paper,72.27,0.09135176303072291,13.4,2024,3,0.18541580185415804
10499,2024-03-14,Rohan Deshmukh,Central,Furniture,Tables,250.02,0.16861655153440835,14.82,2024,3,0.05927525797936165
10500,2024-03-17,Rohan Deshmukh,Central,Furniture,Tables,124.92,0.22287901780944439,-2.77,2024,3,-0.02217419148254883
10501,2024-03-08,Rohan Deshmukh,Central,Furniture,Chairs,108.96,0.305843033759629,-11.85,2024,3,-0.10875550660792951
10502,2024-03-17,Isha Kulkarni,Central,Furniture,Chairs,108.22,0.18898834762231181,-2.63,2024,3,-0.02430234707078174
10503,2024-03-04,Isha Kulkarni,Central,Technology,Machines,111.88,0.11539646568256748,14.36,2024,3,0.12835180550589917
10504,2024-03-07,Isha Kulkarni,Central,Furniture,Bookcases,103.59,0.08518460090794663,5.95,2024,3,0.05743797663867169
10505,2024-03-25,Isha Kulkarni,Central,Technology,Machines,314.75,0.2553074024549034,6.28,2024,3,0.019952343129467833
10506,2024-03-25,Isha Kulkarni,Central,Technology,Accessories,228.64,0.02156077536943244,42.39,2024,3,0.1854006298110567
10507,2024-03-21,Isha Kulkarni,Central,Furniture,Chairs,401.14,0.1803758657686406,13.99,2024,3,0.03487560452709777
10508,2024-03-25,Isha Kulkarni,Central,Office Supplies,Binders,49.92,0.04503008625762451,6.35,2024,3,0.12720352564102563
10509,2024-03-23,Isha Kulkarni,Central,Technology,Accessories,433.43,0.227859757054565,35.83,2024,3,0.08266617446877235
10510,2024-03-15,Isha Kulkarni,Central,Office Supplies,Art,111.41,0.14908009782429277,13.43,2024,3,0.12054573198097118
10511,2024-03-02,Isha Kulkarni,Central,Technology,Phones,160.48,0.1786974309828744,14.05,2024,3,0.08754985044865404
10512,2024-03-25,Isha Kulkarni,Central,Furniture,Bookcases,395.48,0.269305688106327,-13.53,2024,3,-0.03421159097805199
10513,2024-03-19,Isha Kulkarni,Central,Office Supplies,Storage,47.39,0.4131787178135763,-0.41,2024,3,-0.008651614264612787
10514,2024-03-17,Isha Kulkarni,Central,Technology,Phones,205.07,0.10950685455398133,25.6,2024,3,0.12483542205100698
10515,2024-03-10,Isha Kulkarni,Central,Furniture,Bookcases,358.25,0.564490337698144,-51.64,2024,3,-0.14414515003489184
10516,2024-03-15,Isha Kulkarni,Central,Furniture,Bookcases,221.69,0.4877278065737743,-44.19,2024,3,-0.19933240110063602
10517,2024-03-22,Isha Kulkarni,Central,Office Supplies,Art,50.7,0.1782058968343956,7.49,2024,3,0.1477317554240631
10518,2024-03-10,Vikram Joshi,East,Furniture,Tables,265.38,0.2687153387823144,-12.38,2024,3,-0.04665008666817394
10519,2024-03-14,Vikram Joshi,East,Furniture,Bookcases,110.53,0.17861125714221934,9.38,2024,3,0.08486383787207094
10520,2024-03-24,Vikram Joshi,East,Office Supplies,Paper,132.36,0.15637613349704976,22.12,2024,3,0.16711997582351162
10521,2024-03-17,Vikram Joshi,East,Technology,Phones,213.08,0.016995562644354676,36.45,2024,3,0.17106251173268255
10522,2024-03-26,Vikram Joshi,East,Furniture,Chairs,163.48,0.26566933884553123,-14.66,2024,3,-0.08967457793002202
10523,2024-03-27,Vikram Joshi,East,Technology,Phones,355.54,0.12446396315803872,40.32,2024,3,0.11340496146706418
10524,2024-03-04,Vikram Joshi,East,Technology,Machines,76.09,0.3963502760405862,0.16,2024,3,0.0021027730319358655
10525,2024-03-11,Vikram Joshi,East,Furniture,Tables,286.21,0.2080714567978709,-16.73,2024,3,-0.05845358303343699
10526,2024-03-04,Vikram Joshi,East,Technology,Phones,223.86,0.12024278575876172,20.03,2024,3,0.08947556508532119
10527,2024-03-16,Vikram Joshi,East,Furniture,Bookcases,453.9,0.12061571035191547,32.48,2024,3,0.07155761180876845
10528,2024-03-07,Vikram Joshi,East,Technology,Phones,373.07,0.13145783120422955,34.86,2024,3,0.09344090921274828
10529,2024-03-04,Vikram Joshi,East,Furniture,Chairs,414.08,0.05358205200063858,39.6,2024,3,0.0956336939721793
10530,2024-03-22,Vikram Joshi,East,Technology,Machines,233.88,0.11438151658481317,39.13,2024,3,0.16730802120745683
10531,2024-03-23,Vikram Joshi,East,Office Supplies,Binders,50.34,0.06489353981652235,14.01,2024,3,0.2783075089392133
10532,2024-03-27,Vikram Joshi,East,Furniture,Chairs,191.39,0.12964319256028153,-2.09,2024,3,-0.0109201107685877
10533,2024-03-19,Vikram Joshi,East,Technology,Machines,140.57,0.26606179660235857,-2.62,2024,3,-0.018638400796756067
10534,2024-03-16,Vikram Joshi,East,Office Supplies,Binders,57.99,0.11560983305464598,16.24,2024,3,0.28004828418692873
10535,2024-03-10,Vikram Joshi,East,Technology,Phones,349.3,0.1490786177928162,57.94,2024,3,0.16587460635556828
10536,2024-03-25,Vikram Joshi,East,Furniture,Bookcases,104.34,0.12622511367874845,13.74,2024,3,0.13168487636572743
10537,2024-03-18,Vikram Joshi,East,Furniture,Chairs,282.63,0.07442906338591104,20.11,2024,3,0.07115309768955878
10538,2024-03-24,Sneha More,East,Office Supplies,Binders,104.44,0.09015956177243492,20.44,2024,3,0.1957104557640751
10539,2024-03-25,Sneha More,East,Office Supplies,Storage,82.84,0.26294090941111126,4.15,2024,3,0.05009657170449058
10540,2024-03-03,Sneha More,East,Furniture,Tables,153.01,0.17577676158010028,6.18,2024,3,0.040389517025031046
10541,2024-03-22,Sneha More,East,Furniture,Chairs,160.76,0.08588103687298206,1.14,2024,3,0.0070913162478228415
10542,2024-03-04,Sneha More,East,Technology,Accessories,324.49,0.26691881649164595,-10.7,2024,3,-0.032974822028413814
10543,2024-03-06,Sneha More,East,Office Supplies,Binders,26.58,0.14732981052659339,4.53,2024,3,0.1704288939051919
10544,2024-03-04,Sneha More,East,Technology,Phones,1458.71,0.029354566948698205,194.81,2024,3,0.1335495060704321
10545,2024-03-23,Sneha More,East,Office Supplies,Storage,148.04,0.11820902581979674,22.87,2024,3,0.15448527425020267
10546,2024-03-12,Sneha More,East,Office Supplies,Paper,65.02,0.39253001351326106,-5.2,2024,3,-0.07997539218701939
10547,2024-03-09,Sneha More,East,Technology,Phones,158.49,0.29201315694126284,-6.05,2024,3,-0.03817275537888826
10548,2024-03-06,Sneha More,East,Office Supplies,Paper,31.98,0.19585596631059443,3.68,2024,3,0.11507191994996874
10549,2024-03-25,Sneha More,East,Technology,Machines,26.03,0.040753939581059724,7.03,2024,3,0.27007299270072993
10550,2024-03-26,Sneha More,East,Technology,Phones,95.91,0.3305016164778658,1.18,2024,3,0.012303200917526848
10551,2024-03-12,Sneha More,East,Office Supplies,Storage,102.24,0.007546903393325602,22.56,2024,3,0.22065727699530516
10552,2024-03-22,Sneha More,East,Furniture,Tables,92.93,0.6091037285182561,-17.63,2024,3,-0.1897126869686861
10553,2024-03-14,Sneha More,East,Technology,Accessories,311.03,0.07237629811366429,49.01,2024,3,0.15757322444780247
10554,2024-03-11,Sneha More,East,Furniture,Tables,109.72,0.19417544970977696,8.82,2024,3,0.08038643820634342
10555,2024-03-19,Sneha More,East,Furniture,Tables,84.88,0.04766769556734386,6.42,2024,3,0.07563619227144204
10556,2024-03-13,Sneha More,East,Technology,Phones,70.67,0.3139386165773804,4.58,2024,3,0.06480826376114335
10557,2024-03-16,Sneha More,East,Office Supplies,Storage,56.4,0.08734436658286651,11.03,2024,3,0.1955673758865248
10558,2024-03-23,Sneha More,East,Technology,Phones,114.37,0.23737345971882262,8.72,2024,3,0.07624377021946314
10559,2024-03-04,Sneha More,East,Office Supplies,Storage,83.05,0.4917031066096841,0.54,2024,3,0.006502107164358821
10560,2024-03-17,Sneha More,East,Technology,Accessories,152.65,0.19936368423988832,10.49,2024,3,0.06871929249918113
10561,2024-03-09,Aditya Shah,South,Office Supplies,Binders,39.28,0.3446671044681089,4.16,2024,3,0.10590631364562118
10562,2024-03-01,Aditya Shah,South,Furniture,Bookcases,44.92,0.16780343726580998,10.86,2024,3,0.24176313446126446
10563,2024-03-27,Aditya Shah,South,Technology,Machines,92.54,0.1299772692789127,15.48,2024,3,0.16727901448022475
10564,2024-03-13,Aditya Shah,South,Technology,Phones,702.11,0.08443565948435114,85.5,2024,3,0.12177579011835751
10565,2024-03-12,Aditya Shah,South,Office Supplies,Storage,25.26,0.22720915281372894,7.95,2024,3,0.3147268408551069
10566,2024-03-23,Aditya Shah,South,Furniture,Chairs,68.77,0.09726259990285886,3.57,2024,3,0.051912171004798606
10567,2024-03-09,Aditya Shah,South,Technology,Accessories,199.21,0.048096539189455036,28.05,2024,3,0.14080618442849255
10568,2024-03-12,Aditya Shah,South,Furniture,Bookcases,230.78,0.13561278994156548,24.68,2024,3,0.10694167605511742
10569,2024-03-11,Aditya Shah,South,Technology,Machines,184.11,0.30896099678137456,8.17,2024,3,0.044375644994840036
10570,2024-03-04,Aditya Shah,South,Office Supplies,Paper,34.52,0.050569765845868406,10.58,2024,3,0.3064889918887601
10571,2024-03-03,Aditya Shah,South,Office Supplies,Paper,165.15,0.16974963235531493,20.74,2024,3,0.1255828035119588
10572,2024-03-07,Aditya Shah,South,Technology,Accessories,182.73,0.13102157226060598,19.42,2024,3,0.10627702074098398
10573,2024-03-21,Aditya Shah,South,Furniture,Tables,131.96,0.5948435953741658,-19.58,2024,3,-0.14837829645347073
10574,2024-03-02,Aditya Shah,South,Office Supplies,Storage,37.44,0.15019515107822778,3.4,2024,3,0.09081196581196581
10575,2024-03-09,Aditya Shah,South,Furniture,Chairs,107.3,0.023452576940600624,15.41,2024,3,0.14361602982292637
10576,2024-03-01,Aditya Shah,South,Technology,Machines,89.86,0.01873980040320125,23.08,2024,3,0.2568439795237035
10577,2024-03-25,Aditya Shah,South,Office Supplies,Binders,176.66,0.23389791569730775,7.97,2024,3,0.04511490999660364
10578,2024-03-07,Aditya Shah,South,Furniture,Chairs,656.83,0.12041864739203917,43.83,2024,3,0.06672959517683417
10579,2024-03-19,Aditya Shah,South,Technology,Accessories,54.97,0.3710902901798265,-2.56,2024,3,-0.04657085683099873
10580,2024-03-10,Aditya Shah,South,Furniture,Tables,129.51,0.23641375163077238,0.19,2024,3,0.0014670681800633158
10581,2024-03-09,Aditya Shah,South,Office Supplies,Storage,43.8,0.22210140803769435,9.41,2024,3,0.21484018264840185
10582,2024-03-13,Neha Pawar,South,Technology,Accessories,272.04,0.18745706722736202,27.31,2024,3,0.100389648581091
10583,2024-03-23,Neha Pawar,South,Technology,Phones,101.33,0.16178134035268177,8.29,2024,3,0.081811901707293
10584,2024-03-24,Neha Pawar,South,Furniture,Tables,147.55,0.23236694735384414,5.72,2024,3,0.038766519823788544
10585,2024-03-14,Neha Pawar,South,Furniture,Bookcases,133.61,0.19408193637462354,9.81,2024,3,0.07342264800538881
10586,2024-03-26,Neha Pawar,South,Office Supplies,Binders,131.65,0.16840263952966247,10.92,2024,3,0.082947208507406
10587,2024-03-07,Neha Pawar,South,Furniture,Bookcases,259.7,0.43550963021175715,-26.95,2024,3,-0.10377358490566038
10588,2024-03-05,Neha Pawar,South,Technology,Accessories,325.52,0.3568743264584938,-5.98,2024,3,-0.018370607028753996
10589,2024-03-27,Neha Pawar,South,Technology,Phones,180.31,0.3122774918639621,-0.7,2024,3,-0.0038822028728301254
10590,2024-03-25,Neha Pawar,South,Technology,Phones,142.02,0.2528272479849957,1.7,2024,3,0.011970145049992957
10591,2024-03-04,Neha Pawar,South,Technology,Accessories,467.42,0.3499758655967811,-12.67,2024,3,-0.02710624277951307
10592,2024-03-01,Neha Pawar,South,Technology,Phones,157.59,0.46905291181289716,-14.25,2024,3,-0.09042451932229202
10593,2024-03-22,Neha Pawar,South,Office Supplies,Paper,65.26,0.19743382996969622,14.66,2024,3,0.22463990193073857
10594,2024-03-23,Neha Pawar,South,Technology,Machines,1118.85,0.30086263744605185,28.61,2024,3,0.025570898690619834
10595,2024-03-18,Neha Pawar,South,Furniture,Tables,48.52,0.0568456144681416,8.13,2024,3,0.16755976916735368
10596,2024-03-02,Neha Pawar,South,Furniture,Bookcases,280.79,0.46595270678637385,-36.16,2024,3,-0.1287795149399907
10597,2024-03-27,Neha Pawar,South,Furniture,Tables,75.23,0.2611109072026057,3.17,2024,3,0.042137445168151
10598,2024-03-18,Neha Pawar,South,Technology,Phones,177.72,0.12150667688155344,16.58,2024,3,0.09329282016655412
10599,2024-03-12,Neha Pawar,South,Technology,Phones,155.47,0.15526230426715645,22.48,2024,3,0.1445938123110568
10600,2024-03-27,Neha Pawar,South,Technology,Accessories,142.39,0.46394352167390485,-8.88,2024,3,-0.062363930051267655
10601,2024-03-17,Neha Pawar,South,Technology,Accessories,249.2,0.20952531652144235,23.42,2024,3,0.09398073836276084
10602,2024-03-10,Kunal Mehta,North,Office Supplies,Art,98.81,0.3920493662367122,-3.09,2024,3,-0.03127213844752555
10603,2024-03-06,Kunal Mehta,North,Office Supplies,Storage,74.55,0.28599820710552026,4.79,2024,3,0.0642521797451375
10604,2024-03-07,Kunal Mehta,North,Office Supplies,Storage,154.76,0.2582137892663012,8.98,2024,3,0.058025329542517455
10605,2024-03-14,Kunal Mehta,North,Technology,Machines,868.38,0.18072441322093638,54.13,2024,3,0.0623344618715309
10606,2024-03-18,Kunal Mehta,North,Furniture,Tables,155.25,0.11216923084969693,12.06,2024,3,0.07768115942028986
10607,2024-03-09,Kunal Mehta,North,Technology,Phones,123.28,0.32920289052442264,-4.82,2024,3,-0.0390979883192732
10608,2024-03-22,Kunal Mehta,North,Technology,Accessories,443.05,0.19505015439469514,-10.62,2024,3,-0.023970206522965803
10609,2024-03-07,Kunal Mehta,North,Furniture,Bookcases,237.66,0.07089111653298638,11.87,2024,3,0.04994530000841538
10610,2024-03-05,Kunal Mehta,North,Technology,Accessories,882.36,0.04838776200110858,89.55,2024,3,0.1014891880864953
10611,2024-03-13,Kunal Mehta,North,Technology,Phones,591.94,0.07195281055270508,80.36,2024,3,0.13575700239889177
10612,2024-03-27,Kunal Mehta,North,Furniture,Tables,405.98,0.398871289476155,-45.54,2024,3,-0.11217301344893836
10613,2024-03-08,Kunal Mehta,North,Technology,Phones,139.33,0.09146990909586825,9.13,2024,3,0.06552788344218761
10614,2024-03-23,Kunal Mehta,North,Technology,Accessories,123.92,0.2810749910517428,1.88,2024,3,0.015171078114912846
10615,2024-03-02,Kunal Mehta,North,Furniture,Chairs,417.96,0.18749253926485498,-0.15,2024,3,-0.0003588860178007465
10616,2024-03-07,Kunal Mehta,North,Office Supplies,Paper,57.2,0.29600740386746627,0.77,2024,3,0.01346153846153846
10617,2024-03-01,Kunal Mehta,North,Technology,Phones,249.08,0.3391521170731176,-0.35,2024,3,-0.0014051710293881481
10618,2024-03-25,Kunal Mehta,North,Furniture,Bookcases,144.37,0.024533934551700033,11.38,2024,3,0.07882524070097666
10619,2024-03-25,Priya Nair,North,Furniture,Bookcases,366.13,0.1107605899871138,2.93,2024,3,0.008002622019501271
10620,2024-03-10,Priya Nair,North,Office Supplies,Storage,55.27,0.22113567241313423,6.39,2024,3,0.11561425728243169
10621,2024-03-07,Priya Nair,North,Technology,Machines,132.93,0.2959118615187619,0.97,2024,3,0.007297073647784548
10622,2024-03-21,Priya Nair,North,Technology,Accessories,134.25,0.2498289419116583,5.13,2024,3,0.038212290502793296
10623,2024-03-22,Priya Nair,North,Furniture,Bookcases,274.32,0.6287848687612321,-80.0,2024,3,-0.2916302128900554
10624,2024-03-13,Priya Nair,North,Office Supplies,Paper,67.17,0.15020772559173626,12.37,2024,3,0.18415959505731724
10625,2024-03-11,Priya Nair,North,Office Supplies,Paper,57.42,0.21968855551583222,2.15,2024,3,0.03744339951236503
10626,2024-03-07,Priya Nair,North,Technology,Accessories,529.31,0.11212809618085669,64.45,2024,3,0.12176229430768361
10627,2024-03-03,Priya Nair,North,Technology,Accessories,276.78,0.1790677382604409,14.18,2024,3,0.05123202543536383
10628,2024-03-12,Priya Nair,North,Technology,Machines,181.4,0.17353144251239674,17.63,2024,3,0.09718853362734288
10629,2024-03-11,Priya Nair,North,Technology,Accessories,345.9,0.0514847397416255,55.33,2024,3,0.15995952587453022
10630,2024-03-07,Priya Nair,North,Furniture,Bookcases,326.12,0.19270176847973955,5.68,2024,3,0.017416901753955598
10631,2024-03-08,Priya Nair,North,Office Supplies,Binders,194.24,0.03892119981830451,36.03,2024,3,0.18549217462932455
10632,2024-03-07,Priya Nair,North,Technology,Phones,159.15,0.0857974229813682,20.3,2024,3,0.1275526233113415
10633,2024-03-04,Priya Nair,North,Technology,Accessories,205.08,0.1083984798982764,14.53,2024,3,0.07085039984396332
10634,2024-03-11,Priya Nair,North,Furniture,Bookcases,297.6,0.22654519873415388,22.55,2024,3,0.0757728494623656
10635,2024-03-18,Priya Nair,North,Furniture,Tables,122.0,0.2516864633386382,-2.14,2024,3,-0.017540983606557377
10636,2024-03-21,Priya Nair,North,Furniture,Chairs,72.23,0.22522389881994864,3.22,2024,3,0.04457981448151738
10637,2024-03-16,Priya Nair,North,Office Supplies,Art,30.22,0.4413815660995562,-0.81,2024,3,-0.026803441429516878
10638,2024-03-26,Priya Nair,North,Office Supplies,Binders,51.22,0.2207226692502938,6.76,2024,3,0.1319796954314721
10639,2024-03-01,Priya Nair,North,Technology,Phones,246.15,0.1340483193673159,8.82,2024,3,0.035831809872029254
10640,2024-03-08,Priya Nair,North,Furniture,Bookcases,104.38,0.16938314409984467,2.62,2024,3,0.02510059398352175
10641,2024-03-24,Priya Nair,North,Technology,Accessories,399.24,0.1254082339950531,46.25,2024,3,0.11584510570083158
10642,2024-03-06,Rahul Jadhav,West,Furniture,Chairs,117.3,0.08338019074217923,3.5,2024,3,0.029838022165387897
10643,2024-03-26,Rahul Jadhav,West,Technology,Phones,673.09,0.2350275862430258,47.95,2024,3,0.07123861593546182
10644,2024-03-03,Rahul Jadhav,West,Technology,Phones,325.61,0.11499461156488296,29.63,2024,3,0.09099843370903841
10645,2024-03-08,Rahul Jadhav,West,Furniture,Chairs,255.4,0.15828935133541486,4.88,2024,3,0.019107282693813624
10646,2024-03-06,Rahul Jadhav,West,Furniture,Bookcases,122.28,0.1643761959398508,9.38,2024,3,0.07670919201831862
10647,2024-03-23,Rahul Jadhav,West,Furniture,Chairs,241.28,0.05525410987035458,26.18,2024,3,0.10850464190981432
10648,2024-03-05,Rahul Jadhav,West,Office Supplies,Paper,123.91,0.03711470904262276,23.46,2024,3,0.1893309660237269
10649,2024-03-18,Rahul Jadhav,West,Office Supplies,Art,109.41,0.49106973261865744,-7.79,2024,3,-0.07120007311945892
10650,2024-03-22,Rahul Jadhav,West,Technology,Machines,269.01,0.19298502265717796,9.02,2024,3,0.03353035203152299
10651,2024-03-01,Rahul Jadhav,West,Technology,Machines,199.57,0.181698559833183,37.13,2024,3,0.18605000751615977
10652,2024-03-18,Rahul Jadhav,West,Technology,Accessories,100.33,0.10784684676530445,11.21,2024,3,0.11173128675371276
10653,2024-03-04,Rahul Jadhav,West,Technology,Accessories,197.86,0.19834166733932504,13.0,2024,3,0.0657030223390276
10654,2024-03-17,Rahul Jadhav,West,Technology,Accessories,183.8,0.11887691421661827,17.88,2024,3,0.0972796517954298
10655,2024-03-20,Rahul Jadhav,West,Office Supplies,Binders,63.2,0.27538281054659786,3.84,2024,3,0.060759493670886074
10656,2024-03-02,Rahul Jadhav,West,Office Supplies,Art,42.39,0.17055349659533647,1.5,2024,3,0.035385704175513094
10657,2024-03-15,Rahul Jadhav,West,Furniture,Bookcases,82.52,0.25219902856255383,-5.26,2024,3,-0.06374212312166748
10658,2024-03-26,Rahul Jadhav,West,Office Supplies,Binders,57.39,0.07840437994552212,1.91,2024,3,0.033281059418017074
10659,2024-03-25,Rahul Jadhav,West,Furniture,Bookcases,216.46,0.3207028571196075,-18.41,2024,3,-0.08505035572392128
10660,2024-03-06,Rahul Jadhav,West,Technology,Accessories,145.47,0.07204304726776607,24.49,2024,3,0.1683508627208359
10661,2024-03-26,Rahul Jadhav,West,Technology,Phones,98.26,0.11256964968199508,12.04,2024,3,0.12253205780582127
10662,2024-03-20,Rahul Jadhav,West,Furniture,Bookcases,139.95,0.1845736441283453,-2.09,2024,3,-0.014933904966059307
10663,2024-03-05,Meera Singh,Central,Furniture,Bookcases,189.48,0.22764580951153635,-1.09,2024,3,-0.005752586024910282
10664,2024-03-20,Meera Singh,Central,Furniture,Tables,520.05,0.14111490078368769,42.67,2024,3,0.08204980290356698
10665,2024-03-05,Meera Singh,Central,Technology,Phones,140.09,0.400683436892938,-6.14,2024,3,-0.04382896709258333
10666,2024-03-12,Meera Singh,Central,Technology,Accessories,154.58,0.23891101262019812,5.59,2024,3,0.03616250485185664
10667,2024-03-26,Meera Singh,Central,Technology,Phones,112.75,0.384522335884491,-7.08,2024,3,-0.06279379157427938
10668,2024-03-12,Meera Singh,Central,Technology,Accessories,151.36,0.2748443487928604,6.17,2024,3,0.040763742071881603
10669,2024-03-20,Meera Singh,Central,Furniture,Tables,630.51,0.33397272305978204,-61.05,2024,3,-0.09682637864585811
10670,2024-03-07,Meera Singh,Central,Technology,Phones,279.67,0.1754021626766581,29.0,2024,3,0.10369363893159794
10671,2024-03-14,Meera Singh,Central,Office Supplies,Paper,73.73,0.08502274164580259,12.09,2024,3,0.1639766716397667
10672,2024-03-02,Meera Singh,Central,Furniture,Chairs,144.93,0.08442026597810776,15.26,2024,3,0.10529221003242945
10673,2024-03-24,Meera Singh,Central,Technology,Accessories,158.66,0.02696802063481902,20.95,2024,3,0.1320433631665196
10674,2024-03-27,Meera Singh,Central,Office Supplies,Storage,73.82,0.0790288640218274,11.7,2024,3,0.15849363316174478
10675,2024-03-07,Meera Singh,Central,Technology,Phones,37.09,0.09170149563268916,0.01,2024,3,0.0002696144513345915
10676,2024-03-25,Meera Singh,Central,Technology,Accessories,53.03,0.27971833892812975,-2.3,2024,3,-0.04337167640957948
10677,2024-03-14,Meera Singh,Central,Office Supplies,Binders,35.45,0.1754207705121327,0.06,2024,3,0.0016925246826516218
10678,2024-03-12,Meera Singh,Central,Furniture,Tables,272.6,0.3007401274137516,-28.34,2024,3,-0.10396184886280263
10679,2024-03-12,Meera Singh,Central,Technology,Machines,388.7,0.2560511496338449,20.94,2024,3,0.05387188062773347
10680,2024-03-01,Meera Singh,Central,Technology,Machines,39.69,0.03518090040021952,3.37,2024,3,0.08490803728898967
10681,2024-03-02,Meera Singh,Central,Technology,Accessories,163.98,0.22142939872540343,12.25,2024,3,0.07470423222344189
10682,2024-03-04,Meera Singh,Central,Office Supplies,Binders,123.0,0.24978220023832165,10.19,2024,3,0.08284552845528455
10683,2024-03-14,Meera Singh,Central,Furniture,Tables,118.21,0.2553929184777388,-8.15,2024,3,-0.06894509770746976
10684,2024-03-27,Meera Singh,Central,Office Supplies,Storage,58.25,0.36604122830873864,-4.84,2024,3,-0.0830901287553648
10685,2024-04-02,Aarav Sharma,West,Furniture,Chairs,97.38,0.1249927544300729,1.89,2024,4,0.019408502772643253
10686,2024-04-20,Aarav Sharma,West,Furniture,Tables,234.83,0.518482181046252,-39.1,2024,4,-0.1665034280117532
10687,2024-04-16,Aarav Sharma,West,Technology,Accessories,134.43,0.478064302391422,-3.16,2024,4,-0.02350665774008778
10688,2024-04-02,Aarav Sharma,West,Office Supplies,Storage,60.46,0.09185760767110482,13.17,2024,4,0.21782997022825007
10689,2024-04-19,Aarav Sharma,West,Furniture,Bookcases,195.04,0.22358315201284346,-0.05,2024,4,-0.0002563576702214931
10690,2024-04-16,Aarav Sharma,West,Furniture,Tables,188.68,0.11188929003477936,8.54,2024,4,0.04526181895272418
10691,2024-04-04,Aarav Sharma,West,Technology,Phones,33.46,0.2523740006496462,5.59,2024,4,0.16706515242080094
10692,2024-04-18,Aarav Sharma,West,Office Supplies,Storage,27.29,0.27383162554795265,6.81,2024,4,0.2495419567607182
10693,2024-04-27,Aarav Sharma,West,Furniture,Chairs,116.32,0.08374960629607668,14.99,2024,4,0.12886863823933975
10694,2024-04-27,Aarav Sharma,West,Furniture,Chairs,108.37,0.09134688626541843,7.12,2024,4,0.0657008397157885
10695,2024-04-24,Aarav Sharma,West,Office Supplies,Binders,129.46,0.20019566562343508,14.47,2024,4,0.11177197589989185
10696,2024-04-26,Aarav Sharma,West,Furniture,Tables,177.49,0.11419922904388609,7.5,2024,4,0.04225590174094315
10697,2024-04-12,Aarav Sharma,West,Technology,Phones,582.58,0.16271976774103677,42.69,2024,4,0.07327748978681038
10698,2024-04-04,Aarav Sharma,West,Furniture,Bookcases,136.83,0.14601908845334108,-1.1,2024,4,-0.008039172696046188
10699,2024-04-08,Aarav Sharma,West,Technology,Accessories,108.53,0.06152444126213856,17.99,2024,4,0.16576061918363585
10700,2024-04-21,Ananya Patil,West,Office Supplies,Binders,67.58,0.07125908233357794,10.11,2024,4,0.14960047351287362
10701,2024-04-08,Ananya Patil,West,Technology,Machines,53.96,0.19515862501120868,3.2,2024,4,0.05930318754633062
10702,2024-04-20,Ananya Patil,West,Technology,Machines,308.5,0.2862301201936337,-2.49,2024,4,-0.00807131280388979
10703,2024-04-11,Ananya Patil,West,Technology,Machines,138.86,0.1426920864487505,20.24,2024,4,0.14575831773008782
10704,2024-04-06,Ananya Patil,West,Office Supplies,Storage,63.24,0.3903868828254682,3.46,2024,4,0.05471220746363061
10705,2024-04-26,Ananya Patil,West,Technology,Machines,89.59,0.04928967606411422,16.62,2024,4,0.1855117758678424
10706,2024-04-19,Ananya Patil,West,Technology,Phones,122.85,0.2530848852309889,4.18,2024,4,0.034025234025234025
10707,2024-04-05,Ananya Patil,West,Furniture,Bookcases,45.67,0.18781715020862286,-5.92,2024,4,-0.12962557477556383
10708,2024-04-02,Ananya Patil,West,Office Supplies,Binders,135.46,0.28362296401681725,12.49,2024,4,0.09220434076480141
10709,2024-04-05,Ananya Patil,West,Furniture,Tables,140.7,0.5267247934577827,-24.26,2024,4,-0.17242359630419335
10710,2024-04-25,Ananya Patil,West,Office Supplies,Paper,59.74,0.28554453232684446,0.06,2024,4,0.001004352192835621
10711,2024-04-26,Ananya Patil,West,Technology,Machines,83.27,0.32710911978781043,-4.57,2024,4,-0.05488171009967576
10712,2024-04-26,Ananya Patil,West,Technology,Accessories,79.89,0.3031133539303173,1.33,2024,4,0.016647890849918637
10713,2024-04-27,Ananya Patil,West,Furniture,Chairs,194.6,0.17374706144770238,-2.63,2024,4,-0.013514902363823227
10714,2024-04-08,Ananya Patil,West,Technology,Accessories,383.35,0.41561980739603704,-40.22,2024,4,-0.10491717751402112
10715,2024-04-16,Ananya Patil,West,Technology,Phones,156.46,0.11797141120055987,23.41,2024,4,0.149622906813243
10716,2024-04-21,Rohan Deshmukh,Central,Furniture,Bookcases,305.58,0.043387386349408384,32.36,2024,4,0.1058969827868316
10717,2024-04-12,Rohan Deshmukh,Central,Office Supplies,Paper,55.69,0.06371345391253722,13.27,2024,4,0.23828335428263603
10718,2024-04-03,Rohan Deshmukh,Central,Technology,Machines,178.44,0.23659511338919378,13.54,2024,4,0.07587984756780991
10719,2024-04-25,Rohan Deshmukh,Central,Technology,Accessories,487.17,0.18515674320908715,41.13,2024,4,0.08442638093478663
10720,2024-04-23,Rohan Deshmukh,Central,Technology,Machines,529.93,0.16510416786815404,73.76,2024,4,0.1391881946672202
10721,2024-04-06,Rohan Deshmukh,Central,Furniture,Tables,207.15,0.05457533922690633,14.49,2024,4,0.06994931209268646
10722,2024-04-10,Rohan Deshmukh,Central,Furniture,Tables,158.91,0.386567633686467,-27.97,2024,4,-0.17601157888112767
10723,2024-04-26,Rohan Deshmukh,Central,Technology,Machines,109.15,0.0891857966263808,18.47,2024,4,0.16921667430142004
10724,2024-04-09,Rohan Deshmukh,Central,Office Supplies,Paper,63.76,0.23445874903286404,4.69,2024,4,0.07355708908406525
10725,2024-04-19,Rohan Deshmukh,Central,Technology,Phones,415.94,0.20172680956450678,30.9,2024,4,0.07428956099437418
10726,2024-04-09,Rohan Deshmukh,Central,Office Supplies,Paper,186.05,0.0995990752310269,36.53,2024,4,0.19634506852996506
10727,2024-04-06,Rohan Deshmukh,Central,Furniture,Chairs,127.08,0.26187498243674223,1.85,2024,4,0.014557758892036513
10728,2024-04-04,Rohan Deshmukh,Central,Office Supplies,Binders,79.76,0.2027776725281605,8.96,2024,4,0.1123370110330993
10729,2024-04-20,Rohan Deshmukh,Central,Technology,Machines,222.69,0.19729744281270273,21.0,2024,4,0.09430149535228344
10730,2024-04-19,Rohan Deshmukh,Central,Technology,Accessories,399.53,0.03393978309233895,47.01,2024,4,0.1176632543238305
10731,2024-04-04,Rohan Deshmukh,Central,Furniture,Tables,90.67,0.16596071872076684,3.85,2024,4,0.0424616742031543
10732,2024-04-12,Rohan Deshmukh,Central,Office Supplies,Storage,106.96,0.29095082400754213,10.08,2024,4,0.09424083769633508
10733,2024-04-25,Rohan Deshmukh,Central,Technology,Accessories,62.95,0.24890523933079975,-1.3,2024,4,-0.020651310563939634
10734,2024-04-04,Rohan Deshmukh,Central,Office Supplies,Binders,115.63,0.24854994510612918,12.36,2024,4,0.10689267491135518
10735,2024-04-21,Rohan Deshmukh,Central,Office Supplies,Binders,132.95,0.12503260615894415,30.81,2024,4,0.23174125611132004
10736,2024-04-20,Rohan Deshmukh,Central,Office Supplies,Art,91.56,0.3075743346645548,12.34,2024,4,0.13477501092179991
10737,2024-04-16,Rohan Deshmukh,Central,Technology,Machines,454.32,0.06722178948260142,69.08,2024,4,0.15205141750308152
10738,2024-04-11,Isha Kulkarni,Central,Technology,Phones,139.55,0.39140008533873105,-7.45,2024,4,-0.0533858831959871
10739,2024-04-10,Isha Kulkarni,Central,Technology,Phones,407.75,0.5455380609706305,-40.9,2024,4,-0.1003065603923973
10740,2024-04-25,Isha Kulkarni,Central,Office Supplies,Art,43.99,0.23690683740195828,4.09,2024,4,0.09297567629006592
10741,2024-04-15,Isha Kulkarni,Central,Technology,Phones,128.23,0.026178065748076722,15.34,2024,4,0.11962879201434923
10742,2024-04-03,Isha Kulkarni,Central,Furniture,Bookcases,215.71,0.06250999992337293,25.49,2024,4,0.1181679106207408
10743,2024-04-10,Isha Kulkarni,Central,Furniture,Bookcases,138.29,0.12361667378851338,4.0,2024,4,0.02892472340733242
10744,2024-04-15,Isha Kulkarni,Central,Technology,Accessories,93.49,0.22202744907029867,3.72,2024,4,0.03979035190929511
10745,2024-04-04,Isha Kulkarni,Central,Office Supplies,Art,33.75,0.17046901878254164,5.51,2024,4,0.16325925925925924
10746,2024-04-23,Isha Kulkarni,Central,Office Supplies,Binders,167.04,0.18452635644715973,15.04,2024,4,0.09003831417624521
10747,2024-04-12,Isha Kulkarni,Central,Furniture,Tables,166.67,0.46650389544568477,-25.43,2024,4,-0.1525769484610308
10748,2024-04-22,Isha Kulkarni,Central,Office Supplies,Art,28.47,0.1696686716214016,2.66,2024,4,0.09343168247277837
10749,2024-04-19,Isha Kulkarni,Central,Furniture,Bookcases,135.91,0.06663018526353291,8.48,2024,4,0.06239423147671253
10750,2024-04-23,Isha Kulkarni,Central,Technology,Phones,121.21,0.2570313416557303,2.11,2024,4,0.01740780463658114
10751,2024-04-24,Isha Kulkarni,Central,Technology,Accessories,212.98,0.13496955643186812,19.99,2024,4,0.09385857827026012
10752,2024-04-08,Vikram Joshi,East,Furniture,Chairs,162.13,0.2799404892271942,2.63,2024,4,0.01622155060753716
10753,2024-04-07,Vikram Joshi,East,Technology,Machines,128.69,0.2521935547244642,2.41,2024,4,0.018727173828580312
10754,2024-04-11,Vikram Joshi,East,Furniture,Tables,151.51,0.39213503415951684,-11.52,2024,4,-0.07603458517589598
10755,2024-04-14,Vikram Joshi,East,Office Supplies,Binders,40.59,0.12574108651964494,5.16,2024,4,0.12712490761271247
10756,2024-04-04,Vikram Joshi,East,Technology,Machines,313.08,0.11599418251129574,34.88,2024,4,0.11140922447936631
10757,2024-04-07,Vikram Joshi,East,Furniture,Bookcases,127.15,0.1597786016543174,1.73,2024,4,0.013605977192292567
10758,2024-04-01,Vikram Joshi,East,Office Supplies,Art,66.97,0.04013634723922543,14.14,2024,4,0.21113931611169182
10759,2024-04-12,Vikram Joshi,East,Furniture,Chairs,201.66,0.13174522020909293,13.84,2024,4,0.06863036794604781
10760,2024-04-23,Vikram Joshi,East,Technology,Phones,317.94,0.2626379824392543,-1.95,2024,4,-0.006133232685412342
10761,2024-04-22,Vikram Joshi,East,Furniture,Tables,105.64,0.2830105753929435,-9.05,2024,4,-0.08566830745929573
10762,2024-04-06,Vikram Joshi,East,Furniture,Chairs,95.66,0.5456490991720144,-16.99,2024,4,-0.17760819569307965
10763,2024-04-13,Vikram Joshi,East,Furniture,Bookcases,109.38,0.09404457278559784,13.28,2024,4,0.12141159261290912
10764,2024-04-16,Vikram Joshi,East,Technology,Accessories,133.52,0.012652743960857879,24.87,2024,4,0.18626423007789095
10765,2024-04-06,Vikram Joshi,East,Office Supplies,Binders,55.7,0.15295063815397159,5.35,2024,4,0.09605026929982045
10766,2024-04-18,Sneha More,East,Office Supplies,Storage,54.8,0.21279377006064504,5.48,2024,4,0.10000000000000002
10767,2024-04-16,Sneha More,East,Furniture,Bookcases,94.77,0.20440404910206264,5.38,2024,4,0.056769019731982694
10768,2024-04-25,Sneha More,East,Technology,Accessories,210.84,0.24000652016505025,19.23,2024,4,0.09120660216277746
10769,2024-04-15,Sneha More,East,Furniture,Chairs,177.59,0.2128187064687892,-1.6,2024,4,-0.009009516301593558
10770,2024-04-18,Sneha More,East,Furniture,Chairs,231.63,0.1599985593922084,0.19,2024,4,0.0008202737123861331
10771,2024-04-08,Sneha More,East,Furniture,Chairs,228.42,0.08308684759669914,5.48,2024,4,0.023990893967253308
10772,2024-04-10,Sneha More,East,Technology,Phones,108.59,0.2935685248412416,8.34,2024,4,0.07680265217791693
10773,2024-04-21,Sneha More,East,Furniture,Tables,70.34,0.14413050599262506,6.91,2024,4,0.09823713392095536
10774,2024-04-01,Sneha More,East,Technology,Machines,117.33,0.395405010120445,-2.45,2024,4,-0.020881275036222623
10775,2024-04-13,Sneha More,East,Technology,Accessories,305.95,0.1493364364956459,22.41,2024,4,0.07324726262461187
10776,2024-04-01,Sneha More,East,Technology,Machines,84.58,0.22681774985420708,4.97,2024,4,0.05876093639158193
10777,2024-04-27,Sneha More,East,Office Supplies,Art,53.47,0.3948651990841868,1.45,2024,4,0.027118010099121
10778,2024-04-10,Sneha More,East,Furniture,Bookcases,166.07,0.06123671859523907,18.67,2024,4,0.11242247245137595
10779,2024-04-22,Sneha More,East,Office Supplies,Binders,45.36,0.12135229604630057,8.02,2024,4,0.17680776014109348
10780,2024-04-06,Sneha More,East,Furniture,Chairs,81.43,0.34461953704181436,-3.87,2024,4,-0.04752548200908756
10781,2024-04-03,Sneha More,East,Technology,Machines,101.28,0.1193474501787289,1.57,2024,4,0.015501579778830965
10782,2024-04-07,Aditya Shah,South,Technology,Accessories,56.16,0.37965949264258286,-4.86,2024,4,-0.08653846153846155
10783,2024-04-20,Aditya Shah,South,Technology,Machines,113.88,0.09612698104591222,15.34,2024,4,0.13470319634703196
10784,2024-04-01,Aditya Shah,South,Technology,Phones,199.75,0.29392856600294825,0.8,2024,4,0.0040050062578222785
10785,2024-04-27,Aditya Shah,South,Office Supplies,Art,51.85,0.11963271337368639,-1.75,2024,4,-0.033751205400192864
10786,2024-04-10,Aditya Shah,South,Office Supplies,Art,60.71,0.23334585337060917,2.92,2024,4,0.04809751276560698
10787,2024-04-19,Aditya Shah,South,Furniture,Chairs,96.13,0.10061366759245043,5.83,2024,4,0.06064704046603558
10788,2024-04-01,Aditya Shah,South,Furniture,Bookcases,51.19,0.11827241157303107,2.36,2024,4,0.04610275444422739
10789,2024-04-13,Aditya Shah,South,Technology,Machines,81.19,0.05377630544858671,13.61,2024,4,0.16763148170957015
10790,2024-04-08,Aditya Shah,South,Furniture,Tables,32.74,0.24446894918154546,4.09,2024,4,0.12492364080635307
10791,2024-04-06,Aditya Shah,South,Furniture,Bookcases,28.41,0.048768494554662256,4.52,2024,4,0.15909890883491726
10792,2024-04-10,Aditya Shah,South,Furniture,Chairs,107.13,0.28019533733017155,-3.65,2024,4,-0.03407075515728554
10793,2024-04-27,Aditya Shah,South,Technology,Machines,146.18,0.049164258499865256,20.55,2024,4,0.14058010671774523
10794,2024-04-07,Aditya Shah,South,Furniture,Chairs,108.92,0.11276656087608168,10.82,2024,4,0.09933896437752479
10795,2024-04-24,Aditya Shah,South,Office Supplies,Paper,209.51,0.17372686648574612,38.69,2024,4,0.18466898954703834
10796,2024-04-12,Aditya Shah,South,Furniture,Chairs,146.45,0.21740984644298617,7.11,2024,4,0.04854899283031752
10797,2024-04-12,Aditya Shah,South,Technology,Phones,182.23,0.060583415603441666,23.68,2024,4,0.12994567305054053
10798,2024-04-24,Aditya Shah,South,Technology,Phones,652.5,0.085010565808238,85.4,2024,4,0.13088122605363986
10799,2024-04-09,Aditya Shah,South,Office Supplies,Storage,76.46,0.2743680215554886,7.55,2024,4,0.09874444153805913
10800,2024-04-22,Aditya Shah,South,Office Supplies,Paper,90.83,0.062380902827946796,21.29,2024,4,0.2343939227127601
10801,2024-04-26,Neha Pawar,South,Furniture,Bookcases,394.71,0.0866490044349876,32.56,2024,4,0.08249094271743813
10802,2024-04-04,Neha Pawar,South,Furniture,Bookcases,193.42,0.2963637592004543,4.37,2024,4,0.022593320235756387
10803,2024-04-11,Neha Pawar,South,Furniture,Chairs,196.81,0.3869467681903403,-20.77,2024,4,-0.105533255424013
10804,2024-04-01,Neha Pawar,South,Office Supplies,Art,82.27,0.11573965286965666,15.01,2024,4,0.18244803695150116
10805,2024-04-02,Neha Pawar,South,Technology,Phones,61.06,0.5500810718622743,-12.55,2024,4,-0.20553553881428105
10806,2024-04-03,Neha Pawar,South,Furniture,Tables,106.31,0.3683503206653715,-2.62,2024,4,-0.024644906405794375
10807,2024-04-25,Neha Pawar,South,Office Supplies,Paper,175.37,0.034183799519424005,31.49,2024,4,0.17956320921480298
10808,2024-04-18,Neha Pawar,South,Technology,Machines,86.08,0.41847381794404365,4.43,2024,4,0.051463754646840144
10809,2024-04-06,Neha Pawar,South,Technology,Machines,167.54,0.07038169862605972,19.28,2024,4,0.11507699653814016
10810,2024-04-17,Neha Pawar,South,Technology,Machines,582.0,0.4353466711504521,-55.28,2024,4,-0.09498281786941581
10811,2024-04-06,Neha Pawar,South,Office Supplies,Storage,63.1,0.1585842500764821,14.12,2024,4,0.22377179080824086
10812,2024-04-16,Neha Pawar,South,Technology,Phones,49.54,0.40382820000764236,-0.71,2024,4,-0.014331853048041986
10813,2024-04-08,Neha Pawar,South,Furniture,Tables,78.65,0.2377930315478056,1.01,2024,4,0.012841703750794659
10814,2024-04-04,Neha Pawar,South,Technology,Machines,115.74,0.04564281050458213,14.88,2024,4,0.128564022809746
10815,2024-04-10,Neha Pawar,South,Technology,Phones,35.2,0.26189961761427966,-0.47,2024,4,-0.013352272727272725
10816,2024-04-24,Neha Pawar,South,Technology,Machines,337.05,0.45275651263303074,-28.23,2024,4,-0.08375611927013796
10817,2024-04-05,Neha Pawar,South,Technology,Phones,171.77,0.3395121909187368,-6.66,2024,4,-0.03877277755137684
10818,2024-04-20,Kunal Mehta,North,Office Supplies,Art,151.85,0.3627037682146936,6.48,2024,4,0.04267369114257492
10819,2024-04-21,Kunal Mehta,North,Technology,Accessories,230.04,0.0191525417346114,16.79,2024,4,0.07298730655538167
10820,2024-04-25,Kunal Mehta,North,Furniture,Bookcases,57.27,0.36495680794822877,-8.12,2024,4,-0.14178452942203595
10821,2024-04-01,Kunal Mehta,North,Office Supplies,Art,18.79,0.04948906680397831,8.74,2024,4,0.4651410324640767
10822,2024-04-03,Kunal Mehta,North,Office Supplies,Art,50.05,0.12772259885465195,6.87,2024,4,0.13726273726273727
10823,2024-04-07,Kunal Mehta,North,Office Supplies,Art,68.37,0.39808740930756653,0.24,2024,4,0.003510311540149188
10824,2024-04-12,Kunal Mehta,North,Technology,Phones,125.61,0.06310951825994293,33.63,2024,4,0.26773346071172677
10825,2024-04-26,Kunal Mehta,North,Furniture,Chairs,122.9,0.2756811916475291,-7.83,2024,4,-0.06371033360455655
10826,2024-04-02,Kunal Mehta,North,Furniture,Bookcases,190.29,0.0792838447199783,0.91,2024,4,0.004782174575647696
10827,2024-04-06,Kunal Mehta,North,Furniture,Chairs,274.43,0.15668776938504525,0.67,2024,4,0.0024414240425609446
10828,2024-04-22,Kunal Mehta,North,Furniture,Chairs,118.08,0.21630537561538477,-4.61,2024,4,-0.039041327913279134
10829,2024-04-12,Kunal Mehta,North,Office Supplies,Storage,58.43,0.32792208452448773,1.17,2024,4,0.02002396029436933
10830,2024-04-26,Kunal Mehta,North,Technology,Machines,238.25,0.17125669069881688,24.98,2024,4,0.10484784889821616
10831,2024-04-18,Kunal Mehta,North,Technology,Phones,76.84,0.19748022257960735,4.07,2024,4,0.052967204580947426
10832,2024-04-02,Kunal Mehta,North,Technology,Phones,177.45,0.22168885693581733,3.67,2024,4,0.02068188222034376
10833,2024-04-05,Kunal Mehta,North,Furniture,Bookcases,50.7,0.27936293188011985,-1.94,2024,4,-0.03826429980276134
10834,2024-04-03,Kunal Mehta,North,Furniture,Tables,156.89,0.05994086039282804,20.16,2024,4,0.1284976735292243
10835,2024-04-13,Kunal Mehta,North,Office Supplies,Paper,123.55,0.12534124436408,21.47,2024,4,0.17377579927154999
10836,2024-04-05,Kunal Mehta,North,Furniture,Bookcases,167.01,0.5025869519135128,-26.93,2024,4,-0.16124782947128916
10837,2024-04-09,Kunal Mehta,North,Furniture,Bookcases,368.97,0.10857832539266297,33.94,2024,4,0.09198579830338509
10838,2024-04-22,Kunal Mehta,North,Furniture,Tables,50.36,0.024055875654583433,0.51,2024,4,0.010127084988085783
10839,2024-04-07,Kunal Mehta,North,Office Supplies,Storage,52.81,0.10209840545984854,8.17,2024,4,0.15470554819163038
10840,2024-04-08,Kunal Mehta,North,Furniture,Tables,65.43,0.04465715223611166,5.53,2024,4,0.08451780528809415
10841,2024-04-16,Priya Nair,North,Technology,Phones,109.84,0.05631721375233845,19.72,2024,4,0.17953386744355423
10842,2024-04-07,Priya Nair,North,Office Supplies,Storage,61.41,0.16748172016112545,10.41,2024,4,0.16951636541279924
10843,2024-04-08,Priya Nair,North,Technology,Phones,163.45,0.2931498896880485,-6.23,2024,4,-0.038115631691648826
10844,2024-04-03,Priya Nair,North,Technology,Machines,63.58,0.2939171361586258,-8.57,2024,4,-0.13479081472161059
10845,2024-04-21,Priya Nair,North,Furniture,Tables,142.2,0.10156016617570818,6.15,2024,4,0.04324894514767933
10846,2024-04-05,Priya Nair,North,Technology,Phones,79.44,0.02682571080062348,13.57,2024,4,0.1708207452165156
10847,2024-04-16,Priya Nair,North,Furniture,Tables,55.92,0.06794041015165941,4.83,2024,4,0.08637339055793991
10848,2024-04-10,Priya Nair,North,Office Supplies,Storage,48.69,0.19473598417868493,3.82,2024,4,0.07845553501745739
10849,2024-04-23,Priya Nair,North,Technology,Accessories,155.02,0.09753321753073603,20.68,2024,4,0.13340214165914074
10850,2024-04-03,Priya Nair,North,Furniture,Chairs,392.64,0.2152789420997652,-11.19,2024,4,-0.028499388753056236
10851,2024-04-25,Priya Nair,North,Technology,Machines,51.5,0.19691333294274113,1.66,2024,4,0.03223300970873786
10852,2024-04-04,Priya Nair,North,Furniture,Chairs,149.03,0.09766373075992581,8.62,2024,4,0.05784070321411796
10853,2024-04-12,Priya Nair,North,Furniture,Tables,185.8,0.057668474781039036,-1.55,2024,4,-0.008342303552206673
10854,2024-04-23,Priya Nair,North,Technology,Accessories,116.38,0.1487981381954035,12.32,2024,4,0.1058601134215501
10855,2024-04-14,Priya Nair,North,Furniture,Bookcases,245.72,0.16446773112169502,8.4,2024,4,0.03418525150577894
10856,2024-04-14,Priya Nair,North,Office Supplies,Storage,30.89,0.29690231172026393,-1.39,2024,4,-0.04499838135318873
10857,2024-04-02,Priya Nair,North,Technology,Machines,104.51,0.44503992823740784,-9.2,2024,4,-0.08802985360252606
10858,2024-04-26,Priya Nair,North,Technology,Phones,237.19,0.47496284470597167,-13.32,2024,4,-0.05615751085627556
10859,2024-04-04,Priya Nair,North,Office Supplies,Binders,37.18,0.453779733566574,-5.69,2024,4,-0.15303926842388382
10860,2024-04-05,Priya Nair,North,Office Supplies,Storage,45.08,0.06162521315124777,4.76,2024,4,0.10559006211180125
10861,2024-04-05,Rahul Jadhav,West,Office Supplies,Binders,43.34,0.1602678917383122,11.1,2024,4,0.2561144439317028
10862,2024-04-20,Rahul Jadhav,West,Furniture,Tables,116.15,0.12243440609070104,11.32,2024,4,0.09746018080068876
10863,2024-04-02,Rahul Jadhav,West,Technology,Machines,160.61,0.052163022047659546,26.21,2024,4,0.16319033684079445
10864,2024-04-12,Rahul Jadhav,West,Technology,Phones,140.83,0.1512876371305852,12.23,2024,4,0.0868422921252574
10865,2024-04-02,Rahul Jadhav,West,Office Supplies,Paper,96.02,0.1724938909827148,12.45,2024,4,0.12966048739845865
10866,2024-04-05,Rahul Jadhav,West,Office Supplies,Paper,45.72,0.06070041925093391,6.89,2024,4,0.15069991251093612
10867,2024-04-04,Rahul Jadhav,West,Office Supplies,Storage,150.09,0.4007207027723609,0.73,2024,4,0.004863748417616096
10868,2024-04-22,Rahul Jadhav,West,Furniture,Tables,194.15,0.1570309016206914,3.17,2024,4,0.016327581766675252
10869,2024-04-02,Rahul Jadhav,West,Furniture,Chairs,46.02,0.34224125073276496,-4.59,2024,4,-0.09973924380704041
10870,2024-04-12,Rahul Jadhav,West,Technology,Accessories,120.14,0.39342390499777313,1.73,2024,4,0.014399866822040952
10871,2024-04-17,Rahul Jadhav,West,Furniture,Chairs,208.8,0.40291984432496347,-16.93,2024,4,-0.0810823754789272
10872,2024-04-26,Rahul Jadhav,West,Technology,Accessories,153.28,0.20292758812673287,7.02,2024,4,0.04579853862212943
10873,2024-04-09,Rahul Jadhav,West,Furniture,Chairs,362.86,0.4689459638471607,-61.91,2024,4,-0.17061676679711182
10874,2024-04-21,Rahul Jadhav,West,Technology,Machines,174.4,0.09140749031434318,18.28,2024,4,0.10481651376146789
10875,2024-04-26,Rahul Jadhav,West,Office Supplies,Art,65.29,0.25785054947314673,9.57,2024,4,0.1465768111502527
10876,2024-04-15,Rahul Jadhav,West,Office Supplies,Paper,92.93,0.19948456475901155,11.97,2024,4,0.12880662864521683
10877,2024-04-15,Rahul Jadhav,West,Furniture,Chairs,167.78,0.18395363950610827,7.54,2024,4,0.0449398021218262
10878,2024-04-17,Meera Singh,Central,Furniture,Chairs,148.66,0.21244197371693263,3.09,2024,4,0.02078568545674694
10879,2024-04-05,Meera Singh,Central,Office Supplies,Storage,85.84,0.42966379570115476,-2.73,2024,4,-0.031803355079217145
10880,2024-04-10,Meera Singh,Central,Technology,Phones,519.31,0.5295316505179372,-56.99,2024,4,-0.1097417727369009
10881,2024-04-01,Meera Singh,Central,Furniture,Chairs,109.61,0.16160312479161007,3.86,2024,4,0.03521576498494663
10882,2024-04-14,Meera Singh,Central,Furniture,Bookcases,309.33,0.3544676772106837,-24.02,2024,4,-0.07765169883296157
10883,2024-04-09,Meera Singh,Central,Technology,Machines,110.96,0.2602148947462494,11.02,2024,4,0.0993150684931507
10884,2024-04-01,Meera Singh,Central,Furniture,Bookcases,143.21,0.0989175039667567,12.29,2024,4,0.08581802946721596
10885,2024-04-21,Meera Singh,Central,Technology,Machines,114.89,0.3093101585863165,-1.04,2024,4,-0.009052136826529724
10886,2024-04-15,Meera Singh,Central,Furniture,Chairs,323.62,0.02212327297286987,35.14,2024,4,0.10858414189481491
10887,2024-04-13,Meera Singh,Central,Technology,Phones,105.15,0.3016828097283184,-1.81,2024,4,-0.01721350451735616
10888,2024-04-03,Meera Singh,Central,Office Supplies,Paper,74.21,0.04782712768445686,14.98,2024,4,0.20185958765665007
10889,2024-04-27,Meera Singh,Central,Technology,Accessories,290.07,0.2748582465371643,15.98,2024,4,0.055090150653290586
10890,2024-04-04,Meera Singh,Central,Technology,Accessories,371.08,0.12754295728512677,56.22,2024,4,0.1515037188746362
10891,2024-05-10,Aarav Sharma,West,Technology,Phones,157.42,0.44246164672224153,-11.99,2024,5,-0.07616567145216618
10892,2024-05-01,Aarav Sharma,West,Technology,Machines,201.22,0.2790205326746795,-14.0,2024,5,-0.06957558890766326
10893,2024-05-26,Aarav Sharma,West,Office Supplies,Binders,89.2,0.0994560274092866,11.26,2024,5,0.12623318385650223
10894,2024-05-01,Aarav Sharma,West,Furniture,Tables,169.34,0.19983193715738315,7.11,2024,5,0.04198653596315106
10895,2024-05-22,Aarav Sharma,West,Technology,Machines,151.76,0.05192776376187983,41.11,2024,5,0.2708882445967317
10896,2024-05-16,Aarav Sharma,West,Furniture,Bookcases,121.35,0.1494366251127934,0.95,2024,5,0.007828594973217964
10897,2024-05-18,Aarav Sharma,West,Technology,Machines,155.63,0.2018373330713828,8.1,2024,5,0.05204652059371587
10898,2024-05-15,Aarav Sharma,West,Office Supplies,Binders,88.39,0.3992878772120649,-2.05,2024,5,-0.023192668853942753
10899,2024-05-22,Aarav Sharma,West,Office Supplies,Paper,91.7,0.1327824030146649,8.69,2024,5,0.09476553980370774
10900,2024-05-01,Aarav Sharma,West,Technology,Accessories,132.0,0.10347066043800607,30.32,2024,5,0.2296969696969697
10901,2024-05-08,Aarav Sharma,West,Office Supplies,Storage,50.09,0.44757505358492805,-2.81,2024,5,-0.0560990217608305
10902,2024-05-12,Aarav Sharma,West,Office Supplies,Binders,65.32,0.525286700363689,-1.26,2024,5,-0.019289650949173304
10903,2024-05-12,Aarav Sharma,West,Technology,Machines,70.71,0.068800537706508,13.59,2024,5,0.1921934662706831
10904,2024-05-25,Aarav Sharma,West,Furniture,Tables,172.81,0.2744870139286635,0.42,2024,5,0.00243041490654476
10905,2024-05-23,Aarav Sharma,West,Technology,Machines,416.32,0.13860135295301865,51.28,2024,5,0.12317448116833206
10906,2024-05-08,Aarav Sharma,West,Technology,Machines,262.39,0.07815313353309841,40.8,2024,5,0.15549373070620068
10907,2024-05-22,Aarav Sharma,West,Technology,Phones,357.07,0.002302142939261917,56.86,2024,5,0.15924048505895202
10908,2024-05-03,Aarav Sharma,West,Office Supplies,Binders,63.84,0.16536758432428142,15.92,2024,5,0.24937343358395989
10909,2024-05-02,Aarav Sharma,West,Furniture,Tables,136.19,0.165873382119535,1.15,2024,5,0.00844408546883031
10910,2024-05-17,Aarav Sharma,West,Technology,Machines,337.12,0.1463520436344982,12.06,2024,5,0.03577361177028951
10911,2024-05-14,Aarav Sharma,West,Technology,Phones,519.61,0.3159331905587263,-14.81,2024,5,-0.028502145840149342
10912,2024-05-09,Ananya Patil,West,Furniture,Bookcases,347.6,0.023907812081550787,46.35,2024,5,0.13334292289988492
10913,2024-05-27,Ananya Patil,West,Office Supplies,Binders,37.23,0.13706814446576965,8.65,2024,5,0.23233951114692455
10914,2024-05-02,Ananya Patil,West,Office Supplies,Binders,86.32,0.18746274401488722,3.36,2024,5,0.03892493049119555
10915,2024-05-10,Ananya Patil,West,Furniture,Chairs,156.7,0.23390240363929635,-7.66,2024,5,-0.048883216336949586
10916,2024-05-06,Ananya Patil,West,Office Supplies,Paper,60.61,0.04483990709169806,6.84,2024,5,0.1128526645768025
10917,2024-05-18,Ananya Patil,West,Technology,Accessories,226.64,0.1912976056717359,10.03,2024,5,0.04425520649488175
10918,2024-05-19,Ananya Patil,West,Technology,Phones,198.05,0.3788910090494932,-17.86,2024,5,-0.09017924766473112
10919,2024-05-15,Ananya Patil,West,Office Supplies,Art,132.97,0.23301352184459304,12.8,2024,5,0.0962623148078514
10920,2024-05-16,Ananya Patil,West,Office Supplies,Paper,55.78,0.0920479021810821,4.81,2024,5,0.08623162423807816
10921,2024-05-23,Ananya Patil,West,Furniture,Bookcases,210.74,0.09314701168659169,12.15,2024,5,0.057653981209072794
10922,2024-05-14,Ananya Patil,West,Furniture,Bookcases,82.62,0.17521750270331307,2.3,2024,5,0.027838295812152018
10923,2024-05-27,Ananya Patil,West,Furniture,Chairs,141.45,0.05658777116438913,13.22,2024,5,0.09346058677978085
10924,2024-05-19,Ananya Patil,West,Technology,Accessories,311.33,0.2059713627228283,25.24,2024,5,0.0810715318151158
10925,2024-05-26,Ananya Patil,West,Furniture,Bookcases,231.61,0.2951808461099859,-5.4,2024,5,-0.02331505548119684
10926,2024-05-14,Ananya Patil,West,Technology,Accessories,58.45,0.12495619380771725,6.51,2024,5,0.11137724550898202
10927,2024-05-27,Ananya Patil,West,Technology,Accessories,366.12,0.21335156774904104,25.92,2024,5,0.07079646017699115
10928,2024-05-04,Ananya Patil,West,Furniture,Tables,248.12,0.193641948962615,1.1,2024,5,0.004433338707077221
10929,2024-05-07,Rohan Deshmukh,Central,Office Supplies,Art,64.89,0.060669022863742844,12.72,2024,5,0.19602404068423487
10930,2024-05-21,Rohan Deshmukh,Central,Technology,Phones,526.68,0.06376567515986341,90.35,2024,5,0.1715462899673426
10931,2024-05-22,Rohan Deshmukh,Central,Office Supplies,Paper,178.9,0.1841847818509758,26.91,2024,5,0.1504192286193404
10932,2024-05-08,Rohan Deshmukh,Central,Furniture,Chairs,331.03,0.2670376684687036,-3.81,2024,5,-0.011509530858230373
10933,2024-05-08,Rohan Deshmukh,Central,Office Supplies,Binders,62.84,0.38371003844207696,-3.68,2024,5,-0.05856142584341184
10934,2024-05-22,Rohan Deshmukh,Central,Furniture,Bookcases,433.67,0.2671247626526852,-1.69,2024,5,-0.003896972352249406
10935,2024-05-14,Rohan Deshmukh,Central,Office Supplies,Paper,82.62,0.1288338816223246,14.36,2024,5,0.1738077947228274
10936,2024-05-20,Rohan Deshmukh,Central,Technology,Machines,378.09,0.65,-80.0,2024,5,-0.21158983310851914
10937,2024-05-06,Rohan Deshmukh,Central,Furniture,Bookcases,162.84,0.27361018686921007,2.67,2024,5,0.016396462785556374
10938,2024-05-05,Rohan Deshmukh,Central,Furniture,Bookcases,118.78,0.0749520490825234,2.37,2024,5,0.01995285401582758
10939,2024-05-04,Rohan Deshmukh,Central,Furniture,Tables,115.67,0.2942707605987986,-3.33,2024,5,-0.02878879571193914
10940,2024-05-13,Rohan Deshmukh,Central,Technology,Machines,190.42,0.13594730935223498,26.98,2024,5,0.14168679760529357
10941,2024-05-24,Rohan Deshmukh,Central,Furniture,Tables,134.53,0.19684379159253537,-3.38,2024,5,-0.025124507544785547
10942,2024-05-11,Rohan Deshmukh,Central,Furniture,Tables,242.59,0.22038757832332684,16.94,2024,5,0.06982975390576694
10943,2024-05-19,Rohan Deshmukh,Central,Furniture,Bookcases,108.73,0.1585092721101974,5.3,2024,5,0.04874459670744045
10944,2024-05-07,Rohan Deshmukh,Central,Technology,Phones,107.67,0.05962843826193654,24.43,2024,5,0.2268970000928764
10945,2024-05-20,Rohan Deshmukh,Central,Furniture,Chairs,104.17,0.34794427260042976,-18.57,2024,5,-0.1782662954785447
10946,2024-05-17,Isha Kulkarni,Central,Office Supplies,Paper,29.37,0.14911347638744052,5.44,2024,5,0.18522301668369084
10947,2024-05-19,Isha Kulkarni,Central,Technology,Machines,130.36,0.31472266157038925,-4.66,2024,5,-0.0357471617060448
10948,2024-05-12,Isha Kulkarni,Central,Office Supplies,Storage,111.58,0.20979241395525614,15.61,2024,5,0.1398996235884567
10949,2024-05-27,Isha Kulkarni,Central,Furniture,Tables,38.25,0.35573549065574767,-7.35,2024,5,-0.19215686274509802
10950,2024-05-21,Isha Kulkarni,Central,Technology,Phones,271.38,0.22414709109333666,6.42,2024,5,0.023656864912668583
10951,2024-05-19,Isha Kulkarni,Central,Office Supplies,Art,157.22,0.1024067187643774,31.95,2024,5,0.2032184200483399
10952,2024-05-23,Isha Kulkarni,Central,Office Supplies,Binders,59.12,0.11250014586226192,13.25,2024,5,0.22412043301759135
10953,2024-05-23,Isha Kulkarni,Central,Furniture,Chairs,671.8,0.2791824874631905,-13.74,2024,5,-0.020452515629651682
10954,2024-05-08,Isha Kulkarni,Central,Technology,Accessories,134.17,0.32353375871582474,1.32,2024,5,0.009838264887828876
10955,2024-05-20,Isha Kulkarni,Central,Technology,Phones,557.52,0.3307040285118762,-23.72,2024,5,-0.04254555890371646
10956,2024-05-23,Isha Kulkarni,Central,Technology,Accessories,146.77,0.02867090007602938,24.23,2024,5,0.1650882332901819
10957,2024-05-18,Isha Kulkarni,Central,Technology,Machines,368.81,0.10063124446640082,19.13,2024,5,0.0518695263143624
10958,2024-05-03,Vikram Joshi,East,Technology,Accessories,84.09,0.4694755305484074,-6.62,2024,5,-0.0787251754073017
10959,2024-05-20,Vikram Joshi,East,Office Supplies,Storage,54.4,0.4011777874593359,6.62,2024,5,0.12169117647058825
10960,2024-05-06,Vikram Joshi,East,Technology,Machines,139.49,0.046073709718118167,21.12,2024,5,0.15140870313284105
10961,2024-05-18,Vikram Joshi,East,Office Supplies,Storage,87.59,0.23762519886188885,9.83,2024,5,0.11222742322182898
10962,2024-05-27,Vikram Joshi,East,Furniture,Tables,266.52,0.33571926721515244,-4.56,2024,5,-0.017109410175596577
10963,2024-05-04,Vikram Joshi,East,Technology,Phones,113.41,0.028107955524604416,19.82,2024,5,0.17476413014725334
10964,2024-05-21,Vikram Joshi,East,Furniture,Chairs,361.46,0.35947474224125736,-34.81,2024,5,-0.09630387871410392
10965,2024-05-14,Vikram Joshi,East,Technology,Machines,263.67,0.19106855066790515,28.82,2024,5,0.10930329578639966
10966,2024-05-20,Vikram Joshi,East,Technology,Machines,170.02,0.3788788300145691,-12.34,2024,5,-0.07257969650629337
10967,2024-05-02,Vikram Joshi,East,Technology,Phones,281.84,0.44616235801682635,-5.53,2024,5,-0.01962106159523134
10968,2024-05-21,Vikram Joshi,East,Furniture,Chairs,135.85,0.46892848187565084,-4.13,2024,5,-0.030401177769598824
10969,2024-05-26,Vikram Joshi,East,Technology,Phones,573.56,0.27529615991211387,28.08,2024,5,0.04895738893925657
10970,2024-05-11,Vikram Joshi,East,Technology,Phones,188.98,0.3115308252886456,13.35,2024,5,0.07064239602074293
10971,2024-05-04,Vikram Joshi,East,Furniture,Tables,170.62,0.3595672879622681,-20.78,2024,5,-0.12179111475794163
10972,2024-05-08,Sneha More,East,Technology,Machines,133.59,0.1459709590081595,17.6,2024,5,0.13174638820270979
10973,2024-05-04,Sneha More,East,Furniture,Bookcases,469.67,0.22653187515201992,-13.38,2024,5,-0.028488087380501202
10974,2024-05-26,Sneha More,East,Office Supplies,Paper,142.4,0.14983066350478363,28.85,2024,5,0.20259831460674158
10975,2024-05-15,Sneha More,East,Office Supplies,Paper,117.29,0.15179916976403104,16.28,2024,5,0.138801261829653
10976,2024-05-17,Sneha More,East,Office Supplies,Art,72.21,0.32589507403115847,8.41,2024,5,0.11646586345381528
10977,2024-05-16,Sneha More,East,Furniture,Bookcases,115.31,0.24161131496795651,-14.47,2024,5,-0.1254878154539936
10978,2024-05-20,Sneha More,East,Furniture,Bookcases,161.89,0.05898170709070812,17.6,2024,5,0.1087157946753969
10979,2024-05-24,Sneha More,East,Technology,Machines,89.03,0.452291749600277,-5.03,2024,5,-0.0564978097270583
10980,2024-05-08,Sneha More,East,Furniture,Bookcases,85.3,0.22697995377711536,-0.22,2024,5,-0.002579132473622509
10981,2024-05-07,Sneha More,East,Office Supplies,Paper,91.93,0.2728193796741349,7.96,2024,5,0.08658762101599042
10982,2024-05-25,Sneha More,East,Office Supplies,Storage,85.65,0.2911704222416191,9.45,2024,5,0.11033274956217161
10983,2024-05-24,Sneha More,East,Office Supplies,Art,69.13,0.2808651460680306,-0.82,2024,5,-0.011861709822074353
10984,2024-05-07,Sneha More,East,Technology,Phones,126.33,0.13807028028230794,10.26,2024,5,0.08121586321538826
10985,2024-05-12,Sneha More,East,Furniture,Chairs,519.05,0.10900683718333838,24.65,2024,5,0.047490607841248436
10986,2024-05-21,Sneha More,East,Technology,Machines,286.88,0.22700611343722885,7.76,2024,5,0.027049637479085332
10987,2024-05-15,Sneha More,East,Furniture,Bookcases,129.63,0.34604627160820184,-5.72,2024,5,-0.04412558821260511
10988,2024-05-19,Sneha More,East,Technology,Machines,87.04,0.1506479001328804,7.45,2024,5,0.08559283088235294
10989,2024-05-12,Sneha More,East,Technology,Machines,195.79,0.2157895701369895,26.31,2024,5,0.1343786710250779
10990,2024-05-09,Sneha More,East,Office Supplies,Storage,26.18,0.13037821603566935,1.1,2024,5,0.04201680672268908
10991,2024-05-24,Sneha More,East,Office Supplies,Paper,52.69,0.4834743308034673,-4.47,2024,5,-0.08483583222622888
10992,2024-05-06,Aditya Shah,South,Technology,Phones,447.19,0.19722717816156415,25.01,2024,5,0.055927010890225635
10993,2024-05-04,Aditya Shah,South,Technology,Machines,158.79,0.23569376533142816,9.08,2024,5,0.057182442219283335
10994,2024-05-23,Aditya Shah,South,Office Supplies,Paper,88.58,0.3419614350622928,2.98,2024,5,0.033641905622036575
10995,2024-05-16,Aditya Shah,South,Technology,Accessories,146.4,0.2955079399100893,5.08,2024,5,0.03469945355191257
10996,2024-05-23,Aditya Shah,South,Furniture,Chairs,155.85,0.12145790131830335,4.18,2024,5,0.02682066089188322
10997,2024-05-10,Aditya Shah,South,Technology,Machines,72.27,0.16885511082843263,10.02,2024,5,0.1386467413864674
10998,2024-05-04,Aditya Shah,South,Technology,Phones,511.23,0.4528915720509673,-63.21,2024,5,-0.12364297869843319
10999,2024-05-05,Aditya Shah,South,Technology,Phones,155.24,0.65,-17.14,2024,5,-0.11040968822468436
11000,2024-05-26,Aditya Shah,South,Furniture,Tables,44.51,0.2620743677655255,-5.94,2024,5,-0.13345315659402382
11001,2024-05-24,Aditya Shah,South,Furniture,Chairs,174.74,0.4095589758387744,-15.63,2024,5,-0.08944717866544581
11002,2024-05-07,Aditya Shah,South,Furniture,Tables,219.3,0.08810778510048495,8.78,2024,5,0.04003647970816233
11003,2024-05-24,Aditya Shah,South,Technology,Phones,222.25,0.05362635742799262,37.87,2024,5,0.17039370078740157
11004,2024-05-08,Aditya Shah,South,Technology,Phones,373.75,0.48594508334578673,-40.94,2024,5,-0.10953846153846153
11005,2024-05-13,Aditya Shah,South,Technology,Machines,264.58,0.09916996467799792,36.58,2024,5,0.138256859928944
11006,2024-05-26,Aditya Shah,South,Office Supplies,Art,50.86,0.15157397244886753,4.27,2024,5,0.08395595753047581
11007,2024-05-14,Aditya Shah,South,Technology,Accessories,376.41,0.31340377405781095,-13.06,2024,5,-0.03469620892112324
11008,2024-05-05,Aditya Shah,South,Technology,Machines,103.39,0.056116496771383854,15.03,2024,5,0.14537189283296256
11009,2024-05-23,Aditya Shah,South,Technology,Phones,24.44,0.19493577715595353,-2.07,2024,5,-0.08469721767594107
11010,2024-05-23,Aditya Shah,South,Office Supplies,Paper,122.79,0.1456006042761056,10.26,2024,5,0.08355729293916442
11011,2024-05-06,Aditya Shah,South,Office Supplies,Paper,142.06,0.356880966863327,9.63,2024,5,0.06778825848233141
11012,2024-05-04,Aditya Shah,South,Furniture,Bookcases,308.37,0.23349543304812906,1.76,2024,5,0.005707429386775626
11013,2024-05-18,Neha Pawar,South,Technology,Phones,101.01,0.08879410857196189,13.3,2024,5,0.13167013167013167
11014,2024-05-13,Neha Pawar,South,Technology,Accessories,66.77,0.22653583535524208,9.56,2024,5,0.14317807398532276
11015,2024-05-05,Neha Pawar,South,Furniture,Bookcases,396.85,0.09488764146929834,16.92,2024,5,0.04263575658309185
11016,2024-05-15,Neha Pawar,South,Office Supplies,Binders,71.22,0.03005775046490653,23.2,2024,5,0.3257511934849761
11017,2024-05-19,Neha Pawar,South,Technology,Accessories,66.94,0.2337449532115842,3.01,2024,5,0.044965640872423066
11018,2024-05-10,Neha Pawar,South,Furniture,Tables,153.12,0.4016675421876811,-14.03,2024,5,-0.0916274817136886
11019,2024-05-07,Neha Pawar,South,Office Supplies,Art,45.33,0.28214123984596373,6.06,2024,5,0.13368630046326935
11020,2024-05-25,Neha Pawar,South,Technology,Phones,175.63,0.22029021644795968,3.29,2024,5,0.018732562774013552
11021,2024-05-10,Neha Pawar,South,Furniture,Bookcases,231.17,0.11694777122180375,-0.37,2024,5,-0.0016005537050655363
11022,2024-05-04,Neha Pawar,South,Furniture,Tables,97.33,0.5586597912214886,-15.11,2024,5,-0.15524504263844652
11023,2024-05-05,Neha Pawar,South,Technology,Machines,67.75,0.013222961102842743,6.99,2024,5,0.10317343173431735
11024,2024-05-24,Neha Pawar,South,Furniture,Bookcases,66.84,0.31237195214817504,-5.9,2024,5,-0.08827049670855774
11025,2024-05-27,Neha Pawar,South,Technology,Accessories,383.37,0.3848187903321081,-10.87,2024,5,-0.02835380963560007
11026,2024-05-20,Neha Pawar,South,Technology,Phones,209.92,0.4508154997555651,-6.13,2024,5,-0.029201600609756097
11027,2024-05-23,Neha Pawar,South,Office Supplies,Art,137.26,0.37951127249391675,-0.87,2024,5,-0.006338336004662684
11028,2024-05-24,Neha Pawar,South,Technology,Phones,161.78,0.404364664625327,-18.73,2024,5,-0.11577450859191495
11029,2024-05-12,Neha Pawar,South,Furniture,Chairs,128.84,0.03781862582799325,6.06,2024,5,0.04703508227258615
11030,2024-05-25,Neha Pawar,South,Technology,Phones,142.55,0.2675789760612096,1.32,2024,5,0.009259908803928445
11031,2024-05-24,Neha Pawar,South,Furniture,Bookcases,123.11,0.02532491983450504,15.48,2024,5,0.12574120705060515
11032,2024-05-22,Kunal Mehta,North,Technology,Accessories,191.22,0.036260042833221255,17.85,2024,5,0.09334797615312207
11033,2024-05-25,Kunal Mehta,North,Furniture,Chairs,89.11,0.04405701214245291,5.03,2024,5,0.05644708786892605
11034,2024-05-26,Kunal Mehta,North,Technology,Accessories,150.39,0.27357823337911613,-1.79,2024,5,-0.011902387126803644
11035,2024-05-06,Kunal Mehta,North,Technology,Machines,255.2,0.06927710269176077,30.07,2024,5,0.11782915360501568
11036,2024-05-11,Kunal Mehta,North,Office Supplies,Art,55.7,0.009524768948828224,13.2,2024,5,0.23698384201077197
11037,2024-05-24,Kunal Mehta,North,Furniture,Bookcases,66.87,0.2626036030641631,-5.54,2024,5,-0.08284731568715417
11038,2024-05-04,Kunal Mehta,North,Furniture,Bookcases,156.66,0.11720224923259778,15.15,2024,5,0.09670624281884337
11039,2024-05-24,Kunal Mehta,North,Office Supplies,Storage,39.22,0.496656054928015,-5.65,2024,5,-0.14405915349311577
11040,2024-05-06,Kunal Mehta,North,Office Supplies,Art,70.81,0.47880097096322116,-6.02,2024,5,-0.08501624064397684
11041,2024-05-20,Kunal Mehta,North,Office Supplies,Storage,94.4,0.030242642395133426,23.94,2024,5,0.25360169491525425
11042,2024-05-23,Kunal Mehta,North,Furniture,Tables,235.23,0.0067082865298299715,38.82,2024,5,0.16502997066700678
11043,2024-05-27,Kunal Mehta,North,Furniture,Chairs,495.34,0.06349320043895769,37.41,2024,5,0.07552388258569871
11044,2024-05-02,Kunal Mehta,North,Furniture,Bookcases,290.54,0.06211248420741661,1.08,2024,5,0.003717216218076685
11045,2024-05-01,Kunal Mehta,North,Furniture,Tables,127.13,0.21896478525300864,8.82,2024,5,0.06937780224966571
11046,2024-05-13,Kunal Mehta,North,Furniture,Chairs,93.77,0.04430477548427814,13.82,2024,5,0.14738189186306921
11047,2024-05-24,Kunal Mehta,North,Technology,Phones,130.66,0.10647542439753545,18.64,2024,5,0.1426603398132558
11048,2024-05-12,Kunal Mehta,North,Technology,Accessories,231.75,0.23240457454866217,22.5,2024,5,0.0970873786407767
11049,2024-05-27,Kunal Mehta,North,Technology,Accessories,188.3,0.234411084563508,13.33,2024,5,0.07079129049389273
11050,2024-05-20,Kunal Mehta,North,Furniture,Bookcases,184.65,0.23145541029221983,-0.13,2024,5,-0.0007040346601678852
11051,2024-05-06,Kunal Mehta,North,Furniture,Tables,91.69,0.3175721779507131,-2.43,2024,5,-0.026502344857672593
11052,2024-05-26,Kunal Mehta,North,Technology,Phones,111.94,0.1336949795735187,10.61,2024,5,0.09478291942111845
11053,2024-05-04,Priya Nair,North,Technology,Phones,121.93,0.17046481742765285,12.78,2024,5,0.10481423767735584
11054,2024-05-24,Priya Nair,North,Office Supplies,Storage,40.71,0.5012700759606189,-3.11,2024,5,-0.07639400638663718
11055,2024-05-10,Priya Nair,North,Technology,Phones,241.07,0.4600150830651537,5.99,2024,5,0.024847554652175717
11056,2024-05-16,Priya Nair,North,Technology,Machines,254.99,0.11318650253912295,32.77,2024,5,0.12851484371936156
11057,2024-05-22,Priya Nair,North,Technology,Machines,117.22,0.10173223387001294,9.27,2024,5,0.07908206790650059
11058,2024-05-03,Priya Nair,North,Office Supplies,Art,115.17,0.19255396334883113,15.0,2024,5,0.13024225058609012
11059,2024-05-26,Priya Nair,North,Furniture,Bookcases,275.48,0.2161547198192453,-7.84,2024,5,-0.028459416291563813
11060,2024-05-25,Priya Nair,North,Furniture,Chairs,241.88,0.0243793419550686,43.92,2024,5,0.18157764180585415
11061,2024-05-19,Priya Nair,North,Office Supplies,Art,36.31,0.07765748059360818,4.63,2024,5,0.12751308179564858
11062,2024-05-04,Priya Nair,North,Furniture,Tables,166.86,0.26547663150722833,-10.65,2024,5,-0.06382596188421431
11063,2024-05-07,Priya Nair,North,Technology,Accessories,138.06,0.34412529115144413,12.44,2024,5,0.09010575112270026
11064,2024-05-23,Priya Nair,North,Office Supplies,Storage,68.26,0.14962175084106186,6.41,2024,5,0.09390565484910636
11065,2024-05-03,Priya Nair,North,Technology,Accessories,124.2,0.31488777256447975,11.88,2024,5,0.09565217391304348
11066,2024-05-02,Priya Nair,North,Technology,Phones,279.98,0.09138848281852088,48.93,2024,5,0.17476248303450245
11067,2024-05-06,Priya Nair,North,Technology,Accessories,117.83,0.08522589891652675,17.9,2024,5,0.15191377408130358
11068,2024-05-23,Priya Nair,North,Furniture,Tables,174.45,0.18842984506008997,-15.05,2024,5,-0.08627113786185155
11069,2024-05-13,Priya Nair,North,Office Supplies,Binders,59.22,0.08918316523288897,15.8,2024,5,0.2668017561634583
11070,2024-05-12,Rahul Jadhav,West,Technology,Accessories,199.06,0.35993731358932857,-10.45,2024,5,-0.05249673465286848
11071,2024-05-09,Rahul Jadhav,West,Technology,Machines,100.72,0.2496434039817403,4.71,2024,5,0.04676330420969023
11072,2024-05-26,Rahul Jadhav,West,Technology,Phones,118.31,0.2695512753640759,5.64,2024,5,0.04767137181979545
11073,2024-05-06,Rahul Jadhav,West,Furniture,Bookcases,201.73,0.12507019705156378,14.39,2024,5,0.0713329698111337
11074,2024-05-17,Rahul Jadhav,West,Technology,Accessories,59.02,0.17006138629423653,-0.2,2024,5,-0.003388681802778719
11075,2024-05-19,Rahul Jadhav,West,Office Supplies,Storage,82.89,0.21988812087161555,8.24,2024,5,0.09940885510918085
11076,2024-05-04,Rahul Jadhav,West,Technology,Phones,279.33,0.058051710907854284,34.48,2024,5,0.12343822718648194
11077,2024-05-01,Rahul Jadhav,West,Furniture,Bookcases,112.77,0.05230557835182154,12.5,2024,5,0.11084508291212203
11078,2024-05-17,Rahul Jadhav,West,Furniture,Chairs,41.51,0.17424524587133608,-2.91,2024,5,-0.07010358949650687
11079,2024-05-03,Rahul Jadhav,West,Furniture,Tables,276.7,0.4171199455010137,-39.9,2024,5,-0.14419949403686302
11080,2024-05-25,Rahul Jadhav,West,Technology,Phones,116.55,0.07575972459300234,15.9,2024,5,0.13642213642213644
11081,2024-05-13,Rahul Jadhav,West,Technology,Machines,201.13,0.17219310993472253,15.15,2024,5,0.07532441704370309
11082,2024-05-04,Rahul Jadhav,West,Furniture,Tables,246.38,0.1525969923461379,23.78,2024,5,0.09651757447844793
11083,2024-05-02,Rahul Jadhav,West,Office Supplies,Storage,69.15,0.5097167136610884,-3.77,2024,5,-0.05451916124367317
11084,2024-05-04,Rahul Jadhav,West,Technology,Machines,189.67,0.18019497711981827,15.25,2024,5,0.08040280487161913
11085,2024-05-18,Meera Singh,Central,Technology,Accessories,153.46,0.015802849879478057,22.62,2024,5,0.1473999739345758
11086,2024-05-21,Meera Singh,Central,Office Supplies,Storage,76.24,0.10701666849295918,10.14,2024,5,0.13300104931794335
11087,2024-05-19,Meera Singh,Central,Technology,Phones,283.11,0.2268207819778264,23.67,2024,5,0.08360707852071633
11088,2024-05-20,Meera Singh,Central,Furniture,Chairs,442.28,0.11839570763848171,15.29,2024,5,0.03457086008863164
11089,2024-05-25,Meera Singh,Central,Technology,Phones,237.22,0.05167697336224598,33.6,2024,5,0.1416406711069893
11090,2024-05-16,Meera Singh,Central,Office Supplies,Storage,78.9,0.26343282898351783,7.25,2024,5,0.09188846641318124
11091,2024-05-20,Meera Singh,Central,Office Supplies,Art,62.04,0.45887789306858656,-2.57,2024,5,-0.04142488716956802
11092,2024-05-05,Meera Singh,Central,Furniture,Bookcases,177.19,0.0725779793857743,16.88,2024,5,0.09526496980642248
11093,2024-05-15,Meera Singh,Central,Furniture,Tables,241.23,0.04770207345150946,10.9,2024,5,0.04518509306471003
11094,2024-05-10,Meera Singh,Central,Office Supplies,Paper,118.5,0.19660374587593718,10.61,2024,5,0.08953586497890295
11095,2024-05-05,Meera Singh,Central,Technology,Accessories,56.64,0.16779201575969513,8.17,2024,5,0.14424435028248586
11096,2024-05-14,Meera Singh,Central,Office Supplies,Art,51.22,0.2626293667919611,4.9,2024,5,0.09566575556423274
11097,2024-05-03,Meera Singh,Central,Furniture,Chairs,172.23,0.22900509410377695,-1.84,2024,5,-0.010683388492132614
11098,2024-06-18,Aarav Sharma,West,Technology,Machines,199.9,0.44266508270699295,-19.09,2024,6,-0.09549774887443721
11099,2024-06-09,Aarav Sharma,West,Technology,Machines,392.54,0.38174714212384775,18.29,2024,6,0.04659397768380292
11100,2024-06-08,Aarav Sharma,West,Technology,Machines,243.74,0.45874152960372067,-25.86,2024,6,-0.10609666037581028
11101,2024-06-01,Aarav Sharma,West,Technology,Machines,133.99,0.23920350453756087,6.19,2024,6,0.046197477423688335
11102,2024-06-09,Aarav Sharma,West,Office Supplies,Storage,69.72,0.30878527439650133,0.85,2024,6,0.01219162363740677
11103,2024-06-19,Aarav Sharma,West,Technology,Machines,83.81,0.583471651669426,-14.36,2024,6,-0.1713399355685479
11104,2024-06-26,Aarav Sharma,West,Office Supplies,Art,77.01,0.2056556073038677,8.86,2024,6,0.11504999350733669
11105,2024-06-25,Aarav Sharma,West,Office Supplies,Art,59.8,0.1551860387590227,7.68,2024,6,0.12842809364548496
11106,2024-06-22,Aarav Sharma,West,Office Supplies,Paper,70.82,0.13298037170793214,4.99,2024,6,0.07046032194295397
11107,2024-06-15,Aarav Sharma,West,Furniture,Chairs,96.75,0.08314820259229859,2.03,2024,6,0.020981912144702842
11108,2024-06-17,Aarav Sharma,West,Furniture,Bookcases,105.79,0.06890351469011938,9.9,2024,6,0.09358162397202004
11109,2024-06-05,Aarav Sharma,West,Office Supplies,Binders,41.45,0.08935531836365102,13.12,2024,6,0.3165259348612786
11110,2024-06-26,Aarav Sharma,West,Technology,Machines,266.6,0.34986871903689293,-13.58,2024,6,-0.0509377344336084
11111,2024-06-17,Aarav Sharma,West,Technology,Accessories,305.83,0.24530392439785767,15.98,2024,6,0.05225125069483046
11112,2024-06-11,Aarav Sharma,West,Office Supplies,Storage,59.09,0.21854030336068428,2.32,2024,6,0.03926214249449991
11113,2024-06-14,Aarav Sharma,West,Furniture,Bookcases,114.17,0.11724553460125829,6.05,2024,6,0.052991153542962244
11114,2024-06-01,Aarav Sharma,West,Office Supplies,Paper,41.82,0.07098685326510214,5.59,2024,6,0.13366810138689622
11115,2024-06-07,Aarav Sharma,West,Furniture,Chairs,156.62,0.11391131911940293,12.58,2024,6,0.08032179798237772
11116,2024-06-24,Ananya Patil,West,Furniture,Chairs,217.58,0.36751369946096335,-22.11,2024,6,-0.10161779575328614
11117,2024-06-11,Ananya Patil,West,Technology,Machines,256.46,0.14420317005226185,21.63,2024,6,0.08434063791624426
11118,2024-06-08,Ananya Patil,West,Technology,Accessories,433.13,0.10817479039208286,81.29,2024,6,0.18768037309814606
11119,2024-06-25,Ananya Patil,West,Furniture,Bookcases,404.92,0.46755248279318573,-32.78,2024,6,-0.08095426257038427
11120,2024-06-17,Ananya Patil,West,Technology,Phones,179.78,0.10009421214720933,31.04,2024,6,0.1726554677939704
11121,2024-06-10,Ananya Patil,West,Office Supplies,Art,36.14,0.19482762945457102,8.45,2024,6,0.23381294964028776
11122,2024-06-06,Ananya Patil,West,Technology,Phones,183.18,0.09202246004850449,26.92,2024,6,0.14695927503002512
11123,2024-06-22,Ananya Patil,West,Technology,Machines,230.14,0.27568645760340665,13.77,2024,6,0.05983314504214826
11124,2024-06-15,Ananya Patil,West,Furniture,Tables,118.26,0.07701287130559546,3.99,2024,6,0.03373921867072552
11125,2024-06-22,Ananya Patil,West,Technology,Machines,135.97,0.1341945715476454,16.55,2024,6,0.12171802603515482
11126,2024-06-06,Ananya Patil,West,Technology,Phones,144.96,0.29990137395393673,-1.29,2024,6,-0.008899006622516557
11127,2024-06-09,Ananya Patil,West,Office Supplies,Paper,41.92,0.24729009963261855,2.73,2024,6,0.06512404580152671
11128,2024-06-04,Ananya Patil,West,Office Supplies,Storage,90.01,0.21541250339439785,5.66,2024,6,0.06288190201088768
11129,2024-06-04,Ananya Patil,West,Technology,Machines,57.38,0.1266737690001046,3.21,2024,6,0.055942837225514117
11130,2024-06-14,Ananya Patil,West,Technology,Machines,170.1,0.07079077788994022,18.57,2024,6,0.1091710758377425
11131,2024-06-07,Ananya Patil,West,Office Supplies,Binders,65.41,0.17722802889050523,7.36,2024,6,0.11252102125057331
11132,2024-06-26,Rohan Deshmukh,Central,Office Supplies,Paper,59.5,0.06619472593440028,11.55,2024,6,0.19411764705882353
11133,2024-06-22,Rohan Deshmukh,Central,Office Supplies,Paper,32.97,0.1990320357125652,0.17,2024,6,0.0051562026084319085
11134,2024-06-05,Rohan Deshmukh,Central,Technology,Machines,79.31,0.21719320481659027,3.76,2024,6,0.047408901777833815
11135,2024-06-22,Rohan Deshmukh,Central,Furniture,Chairs,93.78,0.5453195282466896,-21.64,2024,6,-0.2307528257624227
11136,2024-06-07,Rohan Deshmukh,Central,Furniture,Tables,150.24,0.2283845890929918,0.72,2024,6,0.004792332268370607
11137,2024-06-27,Rohan Deshmukh,Central,Furniture,Chairs,233.33,0.04478297424307506,14.92,2024,6,0.06394377062529465
11138,2024-06-08,Rohan Deshmukh,Central,Technology,Accessories,250.12,0.2240772082048358,18.36,2024,6,0.07340476571245802
11139,2024-06-08,Rohan Deshmukh,Central,Office Supplies,Paper,64.73,0.18972661242741493,13.9,2024,6,0.2147381430557701
11140,2024-06-21,Rohan Deshmukh,Central,Office Supplies,Art,100.07,0.1636826854241081,13.11,2024,6,0.13100829419406415
11141,2024-06-14,Rohan Deshmukh,Central,Technology,Machines,151.88,0.15520120124216671,23.22,2024,6,0.1528838556755333
11142,2024-06-26,Rohan Deshmukh,Central,Technology,Phones,239.53,0.21741526308438625,7.16,2024,6,0.029891871581847786
11143,2024-06-05,Rohan Deshmukh,Central,Furniture,Tables,77.32,0.1490023401454064,11.91,2024,6,0.15403517847904813
11144,2024-06-04,Rohan Deshmukh,Central,Technology,Machines,194.03,0.09253247986015505,18.08,2024,6,0.09318146678348709
11145,2024-06-11,Rohan Deshmukh,Central,Office Supplies,Paper,75.25,0.3356877569269478,8.93,2024,6,0.11867109634551494
11146,2024-06-05,Isha Kulkarni,Central,Office Supplies,Binders,121.64,0.20653933349454567,23.85,2024,6,0.19607037158829332
11147,2024-06-25,Isha Kulkarni,Central,Technology,Machines,313.85,0.1704785126590348,32.95,2024,6,0.10498645849928309
11148,2024-06-20,Isha Kulkarni,Central,Technology,Phones,260.14,0.3105672098915129,4.18,2024,6,0.016068270931037132
11149,2024-06-08,Isha Kulkarni,Central,Technology,Machines,171.0,0.38218912214676537,-3.96,2024,6,-0.023157894736842106
11150,2024-06-26,Isha Kulkarni,Central,Technology,Machines,552.84,0.43079309680569755,1.9,2024,6,0.003436799073873091
11151,2024-06-08,Isha Kulkarni,Central,Office Supplies,Binders,59.64,0.02347141983724295,12.98,2024,6,0.2176391683433937
11152,2024-06-08,Isha Kulkarni,Central,Furniture,Tables,154.85,0.2819573873687684,-0.53,2024,6,-0.00342266709719083
11153,2024-06-11,Isha Kulkarni,Central,Technology,Accessories,95.87,0.40851470566685644,1.56,2024,6,0.016272035047460102
11154,2024-06-10,Isha Kulkarni,Central,Technology,Machines,162.69,0.4828907194948992,-13.79,2024,6,-0.08476243161841539
11155,2024-06-21,Isha Kulkarni,Central,Technology,Phones,78.81,0.1357295203651032,6.06,2024,6,0.07689379520365436
11156,2024-06-06,Isha Kulkarni,Central,Furniture,Chairs,150.53,0.09543647847823286,5.06,2024,6,0.033614561881352555
11157,2024-06-12,Isha Kulkarni,Central,Furniture,Bookcases,223.41,0.1311818463439184,19.51,2024,6,0.08732823060740344
11158,2024-06-19,Isha Kulkarni,Central,Technology,Machines,114.29,0.2000631335671932,10.29,2024,6,0.09003412372036047
11159,2024-06-13,Isha Kulkarni,Central,Technology,Phones,554.91,0.43655414384311897,-44.62,2024,6,-0.08040943576435819
11160,2024-06-03,Isha Kulkarni,Central,Furniture,Bookcases,278.36,0.30316256557822974,-23.85,2024,6,-0.08568041385256503
11161,2024-06-02,Isha Kulkarni,Central,Office Supplies,Storage,62.79,0.34899442645045536,2.61,2024,6,0.041567128523650264
11162,2024-06-01,Vikram Joshi,East,Technology,Accessories,121.93,0.2564479677408392,3.49,2024,6,0.028622980398589355
11163,2024-06-11,Vikram Joshi,East,Technology,Accessories,244.04,0.024702732113767622,55.91,2024,6,0.2291017865923619
11164,2024-06-25,Vikram Joshi,East,Technology,Accessories,181.59,0.1560872147400865,3.19,2024,6,0.01756704664353764
11165,2024-06-01,Vikram Joshi,East,Office Supplies,Storage,53.18,0.0989749579606889,8.91,2024,6,0.1675441895449417
11166,2024-06-14,Vikram Joshi,East,Technology,Machines,1296.37,0.14225871420227373,117.6,2024,6,0.09071484221325703
11167,2024-06-27,Vikram Joshi,East,Office Supplies,Binders,50.12,0.16842500105724745,4.0,2024,6,0.07980845969672785
11168,2024-06-02,Vikram Joshi,East,Furniture,Chairs,238.28,0.3811134908545222,-6.58,2024,6,-0.027614571092831962
11169,2024-06-05,Vikram Joshi,East,Technology,Phones,111.49,0.17372367290741542,5.7,2024,6,0.05112566149430443
11170,2024-06-13,Vikram Joshi,East,Furniture,Chairs,263.98,0.18124238614703997,5.97,2024,6,0.02261534964770058
11171,2024-06-19,Vikram Joshi,East,Technology,Machines,235.65,0.13183422354580546,11.6,2024,6,0.04922554636112879
11172,2024-06-18,Vikram Joshi,East,Office Supplies,Binders,81.58,0.17403359855272474,16.58,2024,6,0.2032360872762932
11173,2024-06-07,Vikram Joshi,East,Office Supplies,Storage,150.79,0.1297248913058861,25.89,2024,6,0.17169573579149813
11174,2024-06-22,Vikram Joshi,East,Technology,Machines,113.99,0.23523174025550286,3.57,2024,6,0.03131853671374682
11175,2024-06-11,Sneha More,East,Furniture,Bookcases,123.45,0.18274738716422076,7.22,2024,6,0.05848521668691778
11176,2024-06-16,Sneha More,East,Office Supplies,Paper,94.59,0.2798796780887356,9.6,2024,6,0.10149064383127179
11177,2024-06-05,Sneha More,East,Furniture,Chairs,82.53,0.27607935967567226,2.66,2024,6,0.03223070398642918
11178,2024-06-04,Sneha More,East,Technology,Accessories,177.87,0.13360551127327314,9.45,2024,6,0.053128689492325853
11179,2024-06-21,Sneha More,East,Technology,Phones,157.96,0.4891134269831943,-17.79,2024,6,-0.11262344897442389
11180,2024-06-05,Sneha More,East,Technology,Accessories,107.78,0.12758676081317294,10.99,2024,6,0.10196696975320096
11181,2024-06-25,Sneha More,East,Furniture,Tables,243.76,0.24054924396592856,-10.26,2024,6,-0.04209058089924516
11182,2024-06-27,Sneha More,East,Technology,Phones,230.42,0.1803424766731195,17.31,2024,6,0.0751236871799323
11183,2024-06-07,Sneha More,East,Furniture,Tables,119.56,0.21227270932042946,6.24,2024,6,0.05219136835061894
11184,2024-06-05,Sneha More,East,Technology,Accessories,158.89,0.23395976131255342,15.84,2024,6,0.09969161054817799
11185,2024-06-02,Sneha More,East,Office Supplies,Paper,77.5,0.0867862031332278,11.27,2024,6,0.14541935483870969
11186,2024-06-08,Sneha More,East,Furniture,Bookcases,206.32,0.6089698366409672,-37.29,2024,6,-0.18073865839472664
11187,2024-06-02,Sneha More,East,Technology,Machines,138.36,0.36818664265842216,2.43,2024,6,0.01756287944492628
11188,2024-06-22,Sneha More,East,Office Supplies,Binders,44.07,0.1046280669792434,3.36,2024,6,0.0762423417290674
11189,2024-06-07,Sneha More,East,Technology,Machines,149.7,0.2232119007115716,6.06,2024,6,0.040480961923847696
11190,2024-06-06,Sneha More,East,Office Supplies,Art,169.92,0.12975203332027013,25.13,2024,6,0.1478931261770245
11191,2024-06-14,Aditya Shah,South,Office Supplies,Binders,57.6,0.212861426823294,6.75,2024,6,0.1171875
11192,2024-06-26,Aditya Shah,South,Furniture,Tables,57.4,0.2440092984673677,6.82,2024,6,0.11881533101045297
11193,2024-06-22,Aditya Shah,South,Technology,Machines,257.31,0.1098278792689275,32.91,2024,6,0.12790019820450038
11194,2024-06-25,Aditya Shah,South,Office Supplies,Art,26.87,0.21202090038590915,3.17,2024,6,0.11797543729065872
11195,2024-06-01,Aditya Shah,South,Furniture,Tables,90.46,0.5434336804969965,-15.11,2024,6,-0.16703515365907584
11196,2024-06-09,Aditya Shah,South,Furniture,Bookcases,80.3,0.15062273860388917,5.79,2024,6,0.07210460772104609
11197,2024-06-04,Aditya Shah,South,Furniture,Chairs,197.99,0.4505872694692149,-23.65,2024,6,-0.11945047729683315
11198,2024-06-15,Aditya Shah,South,Technology,Machines,554.65,0.07666153414452147,110.05,2024,6,0.1984134138645993
11199,2024-06-01,Aditya Shah,South,Office Supplies,Art,59.76,0.26370543570818017,5.14,2024,6,0.08601070950468541
11200,2024-06-25,Aditya Shah,South,Technology,Machines,218.87,0.43630131298749536,-20.69,2024,6,-0.09453100013706767
11201,2024-06-21,Aditya Shah,South,Technology,Machines,114.3,0.09714738229002999,16.79,2024,6,0.1468941382327209
11202,2024-06-01,Aditya Shah,South,Office Supplies,Storage,36.09,0.027250407449571103,3.48,2024,6,0.09642560266001661
11203,2024-06-27,Aditya Shah,South,Technology,Accessories,166.7,0.5388576947759306,-22.55,2024,6,-0.13527294541091783
11204,2024-06-19,Aditya Shah,South,Furniture,Bookcases,274.62,0.27945592263384667,-3.42,2024,6,-0.012453572208870438
11205,2024-06-24,Aditya Shah,South,Office Supplies,Binders,35.19,0.13871585422869454,8.23,2024,6,0.23387325944870704
11206,2024-06-10,Aditya Shah,South,Furniture,Chairs,367.25,0.1797943444388364,4.52,2024,6,0.012307692307692306
11207,2024-06-02,Aditya Shah,South,Technology,Accessories,166.2,0.0562122430320957,23.53,2024,6,0.14157641395908546
11208,2024-06-26,Aditya Shah,South,Office Supplies,Art,51.19,0.1275199083831445,7.54,2024,6,0.14729439343621803
11209,2024-06-06,Aditya Shah,South,Furniture,Tables,103.65,0.5471831651589646,-30.01,2024,6,-0.2895320791123975
11210,2024-06-07,Aditya Shah,South,Furniture,Chairs,75.94,0.16491347017856683,6.14,2024,6,0.08085330524097972
11211,2024-06-26,Aditya Shah,South,Furniture,Tables,277.59,0.3142554679524748,-13.94,2024,6,-0.050217947332396706
11212,2024-06-20,Neha Pawar,South,Furniture,Bookcases,169.8,0.11851199397690707,5.32,2024,6,0.03133097762073027
11213,2024-06-08,Neha Pawar,South,Technology,Phones,53.55,0.06208558440345834,11.0,2024,6,0.2054154995331466
11214,2024-06-03,Neha Pawar,South,Office Supplies,Art,56.38,0.050816698075718696,18.58,2024,6,0.32954948563320324
11215,2024-06-04,Neha Pawar,South,Furniture,Tables,214.12,0.10981898294375587,3.2,2024,6,0.014944890715486643
11216,2024-06-24,Neha Pawar,South,Furniture,Tables,42.69,0.19120311555144284,-1.49,2024,6,-0.034902787538065125
11217,2024-06-05,Neha Pawar,South,Technology,Phones,154.44,0.2778069292540495,8.32,2024,6,0.05387205387205388
11218,2024-06-03,Neha Pawar,South,Furniture,Chairs,349.16,0.4389856495938479,-30.2,2024,6,-0.08649329820139763
11219,2024-06-15,Neha Pawar,South,Technology,Accessories,43.58,0.39203997884177105,-2.6,2024,6,-0.0596603946764571
11220,2024-06-18,Neha Pawar,South,Furniture,Chairs,122.25,0.0661736155034371,0.42,2024,6,0.0034355828220858893
11221,2024-06-19,Neha Pawar,South,Furniture,Bookcases,127.76,0.10996198993173659,10.69,2024,6,0.08367251095804633
11222,2024-06-26,Neha Pawar,South,Technology,Accessories,170.12,0.22066725430450793,5.81,2024,6,0.034152363037855626
11223,2024-06-16,Neha Pawar,South,Technology,Machines,438.72,0.65,-80.0,2024,6,-0.1823486506199854
11224,2024-06-25,Kunal Mehta,North,Furniture,Tables,167.7,0.22633066182850747,13.07,2024,6,0.07793679189028027
11225,2024-06-07,Kunal Mehta,North,Furniture,Bookcases,172.17,0.3708287236126673,-25.34,2024,6,-0.14718011267932857
11226,2024-06-19,Kunal Mehta,North,Office Supplies,Art,139.14,0.3063326561073739,9.5,2024,6,0.06827655598677591
11227,2024-06-01,Kunal Mehta,North,Furniture,Chairs,159.8,0.10176875180647796,6.55,2024,6,0.04098873591989987
11228,2024-06-22,Kunal Mehta,North,Furniture,Tables,208.47,0.05262539801897661,30.57,2024,6,0.14663980428838683
11229,2024-06-22,Kunal Mehta,North,Office Supplies,Paper,73.23,0.11877557018408916,15.57,2024,6,0.21261777959852518
11230,2024-06-26,Kunal Mehta,North,Technology,Machines,207.09,0.4392453687563641,-9.68,2024,6,-0.04674296199719928
11231,2024-06-26,Kunal Mehta,North,Technology,Machines,186.41,0.0310451161832485,42.48,2024,6,0.2278847701303578
11232,2024-06-08,Kunal Mehta,North,Office Supplies,Binders,20.44,0.14415502383165424,6.21,2024,6,0.30381604696673187
11233,2024-06-11,Kunal Mehta,North,Office Supplies,Paper,97.61,0.07402273868330947,14.87,2024,6,0.15234094867329168
11234,2024-06-12,Kunal Mehta,North,Office Supplies,Storage,54.35,0.1344442736931726,7.35,2024,6,0.13523459061637533
11235,2024-06-17,Kunal Mehta,North,Technology,Accessories,184.78,0.14247111981986518,19.01,2024,6,0.10287909946963958
11236,2024-06-26,Kunal Mehta,North,Technology,Accessories,186.22,0.37146225089820095,-8.35,2024,6,-0.044839437224787886
11237,2024-06-12,Priya Nair,North,Office Supplies,Art,132.25,0.14707908759190974,20.64,2024,6,0.1560680529300567
11238,2024-06-26,Priya Nair,North,Technology,Phones,185.57,0.43795910439357083,-5.58,2024,6,-0.030069515546693973
11239,2024-06-23,Priya Nair,North,Furniture,Tables,204.14,0.12640795093968302,24.24,2024,6,0.11874203977662388
11240,2024-06-10,Priya Nair,North,Office Supplies,Storage,38.45,0.3302992022839319,1.58,2024,6,0.04109232769830949
11241,2024-06-25,Priya Nair,North,Office Supplies,Art,65.58,0.032500175136903016,16.14,2024,6,0.2461116193961574
11242,2024-06-14,Priya Nair,North,Office Supplies,Storage,92.96,0.383643693282583,1.06,2024,6,0.011402753872633392
11243,2024-06-05,Priya Nair,North,Furniture,Bookcases,133.71,0.02603251173162,15.59,2024,6,0.11659561738089895
11244,2024-06-11,Priya Nair,North,Office Supplies,Art,61.81,0.03918395558760154,16.77,2024,6,0.2713153211454457
11245,2024-06-13,Priya Nair,North,Technology,Machines,51.88,0.4644228087523573,4.56,2024,6,0.08789514263685427
11246,2024-06-26,Priya Nair,North,Office Supplies,Art,121.49,0.24400488594494305,12.39,2024,6,0.10198370236233435
11247,2024-06-23,Priya Nair,North,Technology,Phones,111.35,0.017640083825399357,20.59,2024,6,0.18491243825774586
11248,2024-06-07,Priya Nair,North,Furniture,Chairs,66.71,0.0398757476155346,11.27,2024,6,0.1689401888772298
11249,2024-06-24,Priya Nair,North,Office Supplies,Paper,174.95,0.08486388906801665,35.4,2024,6,0.20234352672192055
11250,2024-06-16,Rahul Jadhav,West,Furniture,Bookcases,129.24,0.07117879891172708,9.99,2024,6,0.07729805013927576
11251,2024-06-03,Rahul Jadhav,West,Furniture,Tables,155.29,0.040562226814041265,12.86,2024,6,0.08281280185459464
11252,2024-06-10,Rahul Jadhav,West,Technology,Accessories,604.12,0.15396097500896816,55.24,2024,6,0.09143878699596107
11253,2024-06-13,Rahul Jadhav,West,Technology,Accessories,14.48,0.16215135943226505,5.58,2024,6,0.38535911602209943
11254,2024-06-14,Rahul Jadhav,West,Office Supplies,Binders,111.15,0.15770741491608342,15.68,2024,6,0.14107062528115158
11255,2024-06-10,Rahul Jadhav,West,Technology,Accessories,274.32,0.23018053221024043,9.79,2024,6,0.035688247302420525
11256,2024-06-06,Rahul Jadhav,West,Furniture,Tables,83.27,0.17682233769373454,8.95,2024,6,0.10748168608142188
11257,2024-06-24,Rahul Jadhav,West,Furniture,Bookcases,41.5,0.20019714825927035,-2.18,2024,6,-0.05253012048192771
11258,2024-06-17,Rahul Jadhav,West,Technology,Machines,132.11,0.21351907649875962,10.11,2024,6,0.0765271364771781
11259,2024-06-07,Rahul Jadhav,West,Office Supplies,Paper,140.28,0.12735631544669557,15.05,2024,6,0.10728542914171657
11260,2024-06-21,Rahul Jadhav,West,Technology,Machines,714.58,0.04399735892135579,100.42,2024,6,0.14053010159814155
11261,2024-06-14,Rahul Jadhav,West,Furniture,Bookcases,236.73,0.17766099871076055,6.87,2024,6,0.029020402990748956
11262,2024-06-06,Rahul Jadhav,West,Office Supplies,Art,90.67,0.27055620116291723,2.4,2024,6,0.026469615087680597
11263,2024-06-16,Rahul Jadhav,West,Office Supplies,Binders,29.46,0.2477795294782645,3.13,2024,6,0.10624575695858791
11264,2024-06-21,Rahul Jadhav,West,Furniture,Bookcases,167.13,0.32235531614269225,-15.88,2024,6,-0.0950158559205409
11265,2024-06-10,Rahul Jadhav,West,Office Supplies,Storage,106.25,0.11840453734145256,15.69,2024,6,0.1476705882352941
11266,2024-06-02,Rahul Jadhav,West,Technology,Accessories,106.0,0.5281875145603031,-10.31,2024,6,-0.09726415094339623
11267,2024-06-07,Meera Singh,Central,Office Supplies,Binders,87.46,0.15999679159367844,6.38,2024,6,0.07294763320375029
11268,2024-06-06,Meera Singh,Central,Furniture,Tables,89.92,0.2304034353222971,-1.55,2024,6,-0.017237544483985765
11269,2024-06-27,Meera Singh,Central,Office Supplies,Binders,109.41,0.17412637137971584,22.32,2024,6,0.20400329037565124
11270,2024-06-15,Meera Singh,Central,Furniture,Bookcases,232.58,0.07004622896418261,7.35,2024,6,0.03160202940923553
11271,2024-06-10,Meera Singh,Central,Technology,Phones,670.78,0.2832923607442318,4.53,2024,6,0.006753331941918364
11272,2024-06-12,Meera Singh,Central,Office Supplies,Art,82.45,0.1752271081762738,-0.36,2024,6,-0.004366282595512432
11273,2024-06-15,Meera Singh,Central,Furniture,Tables,187.0,0.223998471534899,0.7,2024,6,0.0037433155080213902
11274,2024-06-07,Meera Singh,Central,Technology,Accessories,844.68,0.08767665992221559,140.83,2024,6,0.16672586068096795
11275,2024-06-09,Meera Singh,Central,Furniture,Bookcases,170.62,0.17692003024836783,16.86,2024,6,0.09881608252256475
11276,2024-06-16,Meera Singh,Central,Office Supplies,Paper,83.15,0.13119271030862936,13.36,2024,6,0.1606734816596512
11277,2024-06-16,Meera Singh,Central,Office Supplies,Storage,66.74,0.20706203827646477,6.92,2024,6,0.10368594545999402
11278,2024-06-05,Meera Singh,Central,Technology,Phones,87.11,0.2001537501639705,-3.64,2024,6,-0.041786247273562165
11279,2024-06-18,Meera Singh,Central,Technology,Accessories,115.32,0.28422571764117127,-0.5,2024,6,-0.004335761359694762
11280,2024-06-18,Meera Singh,Central,Technology,Accessories,190.82,0.1763561258426179,19.2,2024,6,0.10061838381720993
11281,2024-06-18,Meera Singh,Central,Technology,Machines,186.68,0.1662711708796032,-1.7,2024,6,-0.009106492393400471
11282,2024-06-12,Meera Singh,Central,Office Supplies,Paper,41.52,0.2320900850618002,4.5,2024,6,0.1083815028901734
11283,2024-07-25,Aarav Sharma,West,Furniture,Tables,149.85,0.1370923511125259,9.98,2024,7,0.06659993326659994
11284,2024-07-12,Aarav Sharma,West,Technology,Accessories,244.93,0.5118205964252779,-27.21,2024,7,-0.11109296533703507
11285,2024-07-11,Aarav Sharma,West,Furniture,Chairs,339.05,0.08924899985701668,41.55,2024,7,0.12254829671139948
11286,2024-07-04,Aarav Sharma,West,Office Supplies,Storage,49.81,0.1954131384286208,7.39,2024,7,0.14836378237301745
11287,2024-07-10,Aarav Sharma,West,Office Supplies,Storage,51.75,0.13860047203892792,9.26,2024,7,0.17893719806763284
11288,2024-07-07,Aarav Sharma,West,Technology,Machines,121.81,0.24076379505911588,5.48,2024,7,0.04498809621541745
11289,2024-07-13,Aarav Sharma,West,Technology,Machines,96.15,0.09874474720013544,12.74,2024,7,0.13250130005200209
11290,2024-07-09,Aarav Sharma,West,Furniture,Chairs,254.03,0.24091319241321127,-3.4,2024,7,-0.01338424595520214
11291,2024-07-04,Aarav Sharma,West,Technology,Accessories,246.37,0.12885313025340395,41.81,2024,7,0.16970410358404028
11292,2024-07-07,Aarav Sharma,West,Technology,Phones,216.16,0.45716803008026347,-20.74,2024,7,-0.09594744633604736
11293,2024-07-01,Aarav Sharma,West,Furniture,Bookcases,219.9,0.15602186213059138,-0.28,2024,7,-0.001273306048203729
11294,2024-07-01,Aarav Sharma,West,Office Supplies,Storage,79.3,0.05616969355346218,9.73,2024,7,0.1226986128625473
11295,2024-07-04,Aarav Sharma,West,Office Supplies,Art,62.7,0.3501204539046066,-0.18,2024,7,-0.0028708133971291866
11296,2024-07-13,Aarav Sharma,West,Technology,Accessories,140.7,0.17436839176300084,8.75,2024,7,0.06218905472636817
11297,2024-07-17,Aarav Sharma,West,Office Supplies,Storage,48.37,0.13353425520109355,9.17,2024,7,0.18958031837916064
11298,2024-07-08,Aarav Sharma,West,Technology,Phones,214.07,0.4923407174956245,-30.54,2024,7,-0.14266361470547018
11299,2024-07-15,Aarav Sharma,West,Office Supplies,Paper,125.66,0.10069381282704366,13.03,2024,7,0.10369250358109183
11300,2024-07-22,Aarav Sharma,West,Technology,Accessories,361.43,0.2290198059129017,16.13,2024,7,0.04462828210165177
11301,2024-07-13,Aarav Sharma,West,Office Supplies,Binders,56.96,0.581227453009841,-9.76,2024,7,-0.17134831460674158
11302,2024-07-23,Aarav Sharma,West,Office Supplies,Paper,51.19,0.03042018646500575,18.34,2024,7,0.35827310021488573
11303,2024-07-05,Aarav Sharma,West,Technology,Accessories,95.62,0.41980340460993315,-4.84,2024,7,-0.05061702572683539
11304,2024-07-09,Aarav Sharma,West,Furniture,Chairs,321.17,0.4713357937849055,-55.4,2024,7,-0.1724943176510882
11305,2024-07-03,Aarav Sharma,West,Furniture,Chairs,152.36,0.3744917743622289,-29.46,2024,7,-0.19335783670254658
11306,2024-07-04,Aarav Sharma,West,Office Supplies,Art,102.92,0.1089700179306299,21.96,2024,7,0.2133696074621065
11307,2024-07-27,Aarav Sharma,West,Office Supplies,Paper,64.2,0.3861552484893864,4.62,2024,7,0.07196261682242991
11308,2024-07-25,Ananya Patil,West,Furniture,Chairs,194.95,0.14163303979923766,4.85,2024,7,0.024878173890741217
11309,2024-07-17,Ananya Patil,West,Office Supplies,Art,84.01,0.04017959878813818,12.12,2024,7,0.14426853945958812
11310,2024-07-10,Ananya Patil,West,Furniture,Bookcases,66.26,0.21286396989981848,-1.54,2024,7,-0.02324177482644129
11311,2024-07-25,Ananya Patil,West,Office Supplies,Art,138.94,0.1528943498359525,20.49,2024,7,0.14747372966748235
11312,2024-07-11,Ananya Patil,West,Furniture,Bookcases,491.2,0.2557807966658055,10.12,2024,7,0.02060260586319218
11313,2024-07-13,Ananya Patil,West,Furniture,Tables,274.03,0.2747593674768373,-22.2,2024,7,-0.08101302777068205
11314,2024-07-23,Ananya Patil,West,Furniture,Bookcases,175.53,0.21375347018066684,3.4,2024,7,0.01936990827778727
11315,2024-07-18,Ananya Patil,West,Furniture,Tables,88.06,0.014173736104314072,13.37,2024,7,0.1518282988871224
11316,2024-07-14,Ananya Patil,West,Office Supplies,Art,71.34,0.059541045458793955,7.18,2024,7,0.10064479955144379
11317,2024-07-26,Ananya Patil,West,Office Supplies,Binders,94.17,0.08201750612217966,23.72,2024,7,0.2518848890304768
11318,2024-07-12,Ananya Patil,West,Technology,Accessories,158.27,0.32802628137647094,10.59,2024,7,0.0669109749162823
11319,2024-07-02,Ananya Patil,West,Furniture,Chairs,240.14,0.33485598388042775,-24.11,2024,7,-0.10039976680269842
11320,2024-07-17,Ananya Patil,West,Technology,Machines,510.16,0.03717539336214387,62.58,2024,7,0.12266739846322722
11321,2024-07-16,Rohan Deshmukh,Central,Furniture,Chairs,194.27,0.18619273837951672,-2.42,2024,7,-0.012456889895506253
11322,2024-07-16,Rohan Deshmukh,Central,Office Supplies,Art,36.7,0.22796094866129546,3.69,2024,7,0.10054495912806538
11323,2024-07-11,Rohan Deshmukh,Central,Technology,Phones,243.57,0.2154991877112525,26.99,2024,7,0.1108100340764462
11324,2024-07-20,Rohan Deshmukh,Central,Technology,Machines,96.67,0.21443501854189823,10.34,2024,7,0.10696182890245164
11325,2024-07-05,Rohan Deshmukh,Central,Technology,Accessories,141.37,0.2010869710982942,20.43,2024,7,0.14451439485039258
11326,2024-07-15,Rohan Deshmukh,Central,Office Supplies,Binders,55.62,0.140995939283335,9.58,2024,7,0.17224020136641496
11327,2024-07-02,Rohan Deshmukh,Central,Furniture,Tables,71.27,0.48051543400448654,-13.77,2024,7,-0.1932089238108601
11328,2024-07-05,Rohan Deshmukh,Central,Furniture,Chairs,184.03,0.1317164498675229,26.41,2024,7,0.14350921045481715
11329,2024-07-12,Rohan Deshmukh,Central,Furniture,Bookcases,93.86,0.05188719592790326,15.13,2024,7,0.16119752823353933
11330,2024-07-17,Rohan Deshmukh,Central,Technology,Phones,117.85,0.24201638704332842,-1.69,2024,7,-0.014340263046245227
11331,2024-07-22,Rohan Deshmukh,Central,Office Supplies,Storage,38.48,0.17279772114115005,6.8,2024,7,0.17671517671517672
11332,2024-07-02,Rohan Deshmukh,Central,Office Supplies,Art,30.19,0.38644419147124875,1.83,2024,7,0.0606160980457105
11333,2024-07-25,Rohan Deshmukh,Central,Furniture,Bookcases,238.54,0.3441767614276817,-4.99,2024,7,-0.020918923450993547
11334,2024-07-09,Rohan Deshmukh,Central,Office Supplies,Storage,75.36,0.25931582189932084,5.59,2024,7,0.07417728237791932
11335,2024-07-07,Rohan Deshmukh,Central,Technology,Machines,45.53,0.22563362700432046,-2.27,2024,7,-0.04985723698660224
11336,2024-07-25,Rohan Deshmukh,Central,Furniture,Tables,87.98,0.08633406356398046,8.89,2024,7,0.10104569220277336
11337,2024-07-12,Rohan Deshmukh,Central,Furniture,Bookcases,278.73,0.21974467284726285,0.98,2024,7,0.003515947332544039
11338,2024-07-14,Rohan Deshmukh,Central,Office Supplies,Art,170.89,0.3156123523773726,18.24,2024,7,0.10673532681842121
11339,2024-07-26,Rohan Deshmukh,Central,Furniture,Bookcases,146.69,0.03578087617246983,15.07,2024,7,0.10273365600927126
11340,2024-07-11,Rohan Deshmukh,Central,Furniture,Chairs,148.64,0.47317537658255737,-15.68,2024,7,-0.1054897739504844
11341,2024-07-23,Isha Kulkarni,Central,Technology,Accessories,205.69,0.24137993384348144,13.3,2024,7,0.06466041129855608
11342,2024-07-20,Isha Kulkarni,Central,Office Supplies,Art,199.56,0.35378217640333265,-1.22,2024,7,-0.006113449589096011
11343,2024-07-07,Isha Kulkarni,Central,Furniture,Bookcases,556.87,0.2371545872782688,-26.95,2024,7,-0.048395496255858636
11344,2024-07-08,Isha Kulkarni,Central,Furniture,Chairs,176.14,0.03407466312696119,15.08,2024,7,0.0856137163619848
11345,2024-07-02,Isha Kulkarni,Central,Office Supplies,Paper,51.34,0.13517792705923642,10.64,2024,7,0.20724581223217764
11346,2024-07-10,Isha Kulkarni,Central,Furniture,Tables,86.7,0.07172742256112442,9.37,2024,7,0.10807381776239906
11347,2024-07-22,Isha Kulkarni,Central,Furniture,Bookcases,304.79,0.3684737451394726,-35.34,2024,7,-0.11594868598051118
11348,2024-07-03,Isha Kulkarni,Central,Furniture,Tables,196.47,0.13655029511113273,11.91,2024,7,0.060619941975874184
11349,2024-07-07,Isha Kulkarni,Central,Furniture,Chairs,221.29,0.1672167269522012,-9.17,2024,7,-0.041438835916670434
11350,2024-07-02,Isha Kulkarni,Central,Technology,Phones,112.9,0.19046962453752464,15.2,2024,7,0.13463241806908768
11351,2024-07-11,Isha Kulkarni,Central,Technology,Machines,447.81,0.08383936759726014,41.03,2024,7,0.09162367968558094
11352,2024-07-08,Isha Kulkarni,Central,Furniture,Chairs,127.12,0.14026174370123065,8.38,2024,7,0.06592196349905602
11353,2024-07-09,Isha Kulkarni,Central,Furniture,Chairs,178.95,0.15640632700388213,4.82,2024,7,0.026934898016205647
11354,2024-07-17,Isha Kulkarni,Central,Furniture,Chairs,218.45,0.37994326978853815,-25.98,2024,7,-0.11892881666285192
11355,2024-07-16,Isha Kulkarni,Central,Technology,Phones,98.85,0.47690663546559753,-9.33,2024,7,-0.09438543247344462
11356,2024-07-26,Isha Kulkarni,Central,Technology,Phones,951.82,0.09738117588878079,80.65,2024,7,0.0847324073879515
11357,2024-07-02,Isha Kulkarni,Central,Office Supplies,Binders,63.7,0.04688383870593564,13.38,2024,7,0.21004709576138147
11358,2024-07-23,Isha Kulkarni,Central,Office Supplies,Storage,78.7,0.10190994627995457,21.33,2024,7,0.2710292249047014
11359,2024-07-25,Isha Kulkarni,Central,Furniture,Chairs,461.38,0.14827052650507652,3.99,2024,7,0.008647969136070051
11360,2024-07-08,Vikram Joshi,East,Furniture,Bookcases,258.13,0.0701801823643974,8.09,2024,7,0.03134079727269205
11361,2024-07-12,Vikram Joshi,East,Technology,Accessories,122.95,0.10688675242329324,17.52,2024,7,0.14249694997966653
11362,2024-07-19,Vikram Joshi,East,Furniture,Chairs,142.71,0.14679585017830069,0.45,2024,7,0.003153247845280639
11363,2024-07-03,Vikram Joshi,East,Furniture,Chairs,103.23,0.04609214281324844,7.32,2024,7,0.07090961929671608
11364,2024-07-07,Vikram Joshi,East,Furniture,Chairs,284.97,0.06221326658658523,28.31,2024,7,0.09934379057444642
11365,2024-07-27,Vikram Joshi,East,Office Supplies,Art,82.24,0.2480273097672864,13.19,2024,7,0.1603842412451362
11366,2024-07-05,Vikram Joshi,East,Technology,Machines,237.07,0.30524944631192613,17.98,2024,7,0.0758425781414772
11367,2024-07-16,Vikram Joshi,East,Furniture,Chairs,267.03,0.5171222724062745,-42.86,2024,7,-0.16050631015241734
11368,2024-07-19,Vikram Joshi,East,Furniture,Chairs,79.05,0.26282207402967345,-0.35,2024,7,-0.004427577482605946
11369,2024-07-16,Vikram Joshi,East,Office Supplies,Paper,71.29,0.45099869899891204,2.2,2024,7,0.030859868144199748
11370,2024-07-20,Vikram Joshi,East,Technology,Accessories,201.02,0.0836810140023888,37.23,2024,7,0.18520545219381154
11371,2024-07-12,Vikram Joshi,East,Technology,Machines,193.4,0.06504959661514531,37.0,2024,7,0.19131334022750776
11372,2024-07-14,Sneha More,East,Technology,Accessories,75.15,0.3855520108462091,-8.21,2024,7,-0.10924817032601464
11373,2024-07-10,Sneha More,East,Technology,Accessories,319.76,0.2636383246039368,14.95,2024,7,0.04675381536152114
11374,2024-07-05,Sneha More,East,Technology,Phones,83.15,0.19834101044583266,13.41,2024,7,0.1612748045700541
11375,2024-07-03,Sneha More,East,Technology,Phones,106.47,0.2118192837594133,12.44,2024,7,0.11684042453273222
11376,2024-07-02,Sneha More,East,Furniture,Bookcases,185.14,0.2455589751362505,5.61,2024,7,0.030301393540023768
11377,2024-07-12,Sneha More,East,Office Supplies,Storage,81.96,0.09188030487653397,14.84,2024,7,0.1810639336261591
11378,2024-07-11,Sneha More,East,Office Supplies,Art,45.79,0.07824031971555276,8.74,2024,7,0.19087136929460582
11379,2024-07-18,Sneha More,East,Technology,Phones,119.95,0.16402001709820693,9.94,2024,7,0.08286786160900375
11380,2024-07-03,Sneha More,East,Office Supplies,Storage,114.54,0.07297345785795575,15.45,2024,7,0.13488737558931377
11381,2024-07-15,Sneha More,East,Technology,Accessories,656.93,0.22149667852054888,24.19,2024,7,0.03682279694944667
11382,2024-07-07,Sneha More,East,Office Supplies,Storage,134.7,0.28619521508690543,20.17,2024,7,0.14974016332590945
11383,2024-07-10,Sneha More,East,Furniture,Bookcases,149.69,0.20423597048718548,2.26,2024,7,0.01509786892912018
11384,2024-07-13,Sneha More,East,Furniture,Chairs,383.71,0.11501589836037437,27.7,2024,7,0.07218993510724245
11385,2024-07-15,Sneha More,East,Office Supplies,Binders,225.26,0.18217281965524765,15.14,2024,7,0.06721122258723254
11386,2024-07-06,Sneha More,East,Technology,Accessories,106.44,0.20222171336373246,3.31,2024,7,0.031097331830139047
11387,2024-07-14,Sneha More,East,Furniture,Chairs,404.93,0.0426297718725786,37.47,2024,7,0.09253451213790037
11388,2024-07-21,Sneha More,East,Technology,Accessories,261.45,0.092600730865746,34.91,2024,7,0.13352457448842991
11389,2024-07-20,Sneha More,East,Office Supplies,Binders,61.18,0.23448789179318638,6.13,2024,7,0.10019614253023863
11390,2024-07-22,Sneha More,East,Furniture,Chairs,116.34,0.24924412097594398,-4.37,2024,7,-0.03756231734571085
11391,2024-07-19,Sneha More,East,Office Supplies,Art,49.63,0.1676841184165025,4.77,2024,7,0.09611122305057423
11392,2024-07-09,Sneha More,East,Technology,Machines,160.0,0.17712776221321264,4.88,2024,7,0.0305
11393,2024-07-19,Aditya Shah,South,Furniture,Bookcases,195.67,0.24544771971604576,-6.17,2024,7,-0.03153268257780958
11394,2024-07-09,Aditya Shah,South,Technology,Phones,113.78,0.16836153851270358,0.45,2024,7,0.003955000878889084
11395,2024-07-18,Aditya Shah,South,Technology,Machines,404.95,0.45478313882150445,-11.8,2024,7,-0.029139399925916784
11396,2024-07-26,Aditya Shah,South,Furniture,Tables,93.78,0.2032240151004719,-4.83,2024,7,-0.05150351887396033
11397,2024-07-21,Aditya Shah,South,Office Supplies,Art,76.35,0.26717191567265525,1.68,2024,7,0.02200392927308448
11398,2024-07-03,Aditya Shah,South,Office Supplies,Storage,106.04,0.1041428348429429,20.34,2024,7,0.1918144096567333
11399,2024-07-08,Aditya Shah,South,Furniture,Bookcases,238.81,0.09823626330599443,12.27,2024,7,0.05137975796658431
11400,2024-07-25,Aditya Shah,South,Furniture,Bookcases,158.65,0.11782073127665449,18.71,2024,7,0.11793255594075008
11401,2024-07-17,Aditya Shah,South,Technology,Machines,351.56,0.45993054187832466,-40.37,2024,7,-0.11483103879849811
11402,2024-07-23,Aditya Shah,South,Furniture,Chairs,65.06,0.0895477630689319,4.27,2024,7,0.06563172456194281
11403,2024-07-19,Aditya Shah,South,Technology,Machines,95.18,0.4077255022506688,-0.29,2024,7,-0.0030468585837360785
11404,2024-07-09,Aditya Shah,South,Technology,Machines,124.52,0.27308290018618997,10.72,2024,7,0.08609058785737232
11405,2024-07-11,Aditya Shah,South,Technology,Accessories,289.11,0.2511003936080924,-2.61,2024,7,-0.009027705717546953
11406,2024-07-04,Aditya Shah,South,Technology,Machines,88.25,0.03178177789602853,20.09,2024,7,0.2276487252124646
11407,2024-07-19,Aditya Shah,South,Furniture,Bookcases,193.34,0.07274778374948888,-0.88,2024,7,-0.004551567187338367
11408,2024-07-08,Aditya Shah,South,Technology,Accessories,80.42,0.3148231688560256,-8.35,2024,7,-0.1038298930614275
11409,2024-07-23,Aditya Shah,South,Furniture,Bookcases,161.71,0.4619356133466809,-22.01,2024,7,-0.13610784738111434
11410,2024-07-10,Aditya Shah,South,Furniture,Chairs,120.8,0.05698887695984924,13.07,2024,7,0.1081953642384106
11411,2024-07-05,Aditya Shah,South,Furniture,Bookcases,190.19,0.21289896617818477,-7.07,2024,7,-0.03717335296282665
11412,2024-07-13,Aditya Shah,South,Office Supplies,Art,33.29,0.04933362573340726,4.19,2024,7,0.1258636227095224
11413,2024-07-09,Aditya Shah,South,Furniture,Chairs,147.99,0.35881115811524555,-9.04,2024,7,-0.06108520846003107
11414,2024-07-26,Aditya Shah,South,Technology,Machines,155.64,0.06247695278227883,17.51,2024,7,0.11250321254176306
11415,2024-07-20,Aditya Shah,South,Furniture,Bookcases,138.96,0.13186610787703465,14.39,2024,7,0.10355497985031664
11416,2024-07-07,Neha Pawar,South,Furniture,Chairs,81.76,0.26543853756567837,-7.65,2024,7,-0.09356653620352251
11417,2024-07-07,Neha Pawar,South,Furniture,Tables,134.63,0.07212472667744689,21.16,2024,7,0.15717150709351557
11418,2024-07-16,Neha Pawar,South,Office Supplies,Storage,46.86,0.18813877184713138,3.93,2024,7,0.08386683738796415
11419,2024-07-24,Neha Pawar,South,Furniture,Chairs,74.84,0.2810964013343427,-0.96,2024,7,-0.01282736504543025
11420,2024-07-02,Neha Pawar,South,Furniture,Bookcases,91.1,0.1400539457984471,4.53,2024,7,0.04972557628979144
11421,2024-07-13,Neha Pawar,South,Office Supplies,Paper,47.42,0.20480676936224793,8.73,2024,7,0.18409953606073387
11422,2024-07-12,Neha Pawar,South,Technology,Accessories,96.41,0.16841583905634275,9.28,2024,7,0.09625557514780624
11423,2024-07-26,Neha Pawar,South,Office Supplies,Storage,33.39,0.1269046803691107,2.19,2024,7,0.0655884995507637
11424,2024-07-09,Neha Pawar,South,Technology,Machines,170.74,0.39139057009750705,-10.9,2024,7,-0.06383975635469134
11425,2024-07-22,Neha Pawar,South,Technology,Phones,198.02,0.16723068998336582,25.75,2024,7,0.13003736996263002
11426,2024-07-26,Neha Pawar,South,Furniture,Bookcases,446.26,0.33858996535434543,-12.4,2024,7,-0.02778649217944696
11427,2024-07-05,Neha Pawar,South,Office Supplies,Storage,44.91,0.3323235657577199,-2.57,2024,7,-0.05722556223558228
11428,2024-07-10,Neha Pawar,South,Technology,Machines,44.33,0.12027344539404718,2.89,2024,7,0.06519287164448455
11429,2024-07-18,Neha Pawar,South,Technology,Phones,241.1,0.1768581562337259,18.75,2024,7,0.0777685607631688
11430,2024-07-19,Neha Pawar,South,Office Supplies,Art,166.5,0.4446868741074078,4.14,2024,7,0.024864864864864864
11431,2024-07-19,Kunal Mehta,North,Furniture,Bookcases,87.13,0.2208425254265416,-0.67,2024,7,-0.00768965913003558
11432,2024-07-23,Kunal Mehta,North,Technology,Machines,153.39,0.17853443332851598,8.59,2024,7,0.05600104309277007
11433,2024-07-21,Kunal Mehta,North,Technology,Accessories,236.19,0.3953147478557889,-4.1,2024,7,-0.017358905965536218
11434,2024-07-17,Kunal Mehta,North,Furniture,Bookcases,191.43,0.2886277514135836,-1.11,2024,7,-0.005798464190565743
11435,2024-07-13,Kunal Mehta,North,Office Supplies,Storage,58.84,0.06009592826012186,8.64,2024,7,0.14683888511216858
11436,2024-07-03,Kunal Mehta,North,Furniture,Chairs,134.19,0.19721052052319285,4.11,2024,7,0.03062821372680528
11437,2024-07-18,Kunal Mehta,North,Furniture,Bookcases,93.83,0.056473362246015596,12.7,2024,7,0.13535116700415645
11438,2024-07-27,Kunal Mehta,North,Office Supplies,Art,49.32,0.014700370802870542,12.77,2024,7,0.2589213300892133
11439,2024-07-12,Kunal Mehta,North,Technology,Phones,97.35,0.4784881574610343,-12.88,2024,7,-0.13230611196712894
11440,2024-07-22,Kunal Mehta,North,Office Supplies,Binders,67.08,0.3355731152059547,4.38,2024,7,0.06529516994633273
11441,2024-07-27,Kunal Mehta,North,Furniture,Chairs,69.16,0.2657386653299159,-1.31,2024,7,-0.018941584731058416
11442,2024-07-13,Kunal Mehta,North,Technology,Machines,299.08,0.04435913095869989,35.46,2024,7,0.11856359502474255
11443,2024-07-15,Kunal Mehta,North,Technology,Phones,216.47,0.4574858448294905,-5.19,2024,7,-0.023975608629371276
11444,2024-07-11,Kunal Mehta,North,Furniture,Chairs,304.88,0.4504106069999578,-30.35,2024,7,-0.09954736289687746
11445,2024-07-26,Kunal Mehta,North,Technology,Accessories,275.19,0.49589307778526526,-26.51,2024,7,-0.09633344234892256
11446,2024-07-09,Kunal Mehta,North,Furniture,Bookcases,60.32,0.07466028434372994,1.96,2024,7,0.03249336870026525
11447,2024-07-19,Kunal Mehta,North,Furniture,Chairs,170.05,0.10766380619486143,19.93,2024,7,0.11720082328726844
11448,2024-07-11,Kunal Mehta,North,Furniture,Chairs,221.6,0.35823568368791386,-13.61,2024,7,-0.06141696750902527
11449,2024-07-26,Kunal Mehta,North,Office Supplies,Art,19.33,0.22181063504622775,-2.6,2024,7,-0.13450594930160373
11450,2024-07-25,Kunal Mehta,North,Technology,Accessories,89.65,0.1636226851423946,8.39,2024,7,0.0935861684327942
11451,2024-07-04,Priya Nair,North,Technology,Machines,151.9,0.11824334856734542,27.99,2024,7,0.18426596445029622
11452,2024-07-23,Priya Nair,North,Furniture,Tables,212.94,0.2638696572975939,-2.5,2024,7,-0.01174039635578097
11453,2024-07-15,Priya Nair,North,Technology,Phones,153.3,0.26347318231711236,4.65,2024,7,0.030332681017612526
11454,2024-07-08,Priya Nair,North,Furniture,Chairs,124.32,0.18703713190193716,3.61,2024,7,0.029037966537966538
11455,2024-07-27,Priya Nair,North,Technology,Phones,61.19,0.2517353671144591,6.6,2024,7,0.1078607615623468
11456,2024-07-25,Priya Nair,North,Office Supplies,Binders,133.56,0.2711683119621396,4.93,2024,7,0.03691224917640012
11457,2024-07-23,Priya Nair,North,Technology,Machines,124.5,0.2613839995883643,4.16,2024,7,0.0334136546184739
11458,2024-07-26,Priya Nair,North,Furniture,Tables,107.44,0.3218464188524669,1.41,2024,7,0.013123603871928518
11459,2024-07-20,Priya Nair,North,Furniture,Bookcases,183.51,0.2007574516793605,1.04,2024,7,0.005667266089041469
11460,2024-07-13,Priya Nair,North,Furniture,Chairs,226.72,0.1619947322956807,-2.25,2024,7,-0.009924135497529993
11461,2024-07-03,Priya Nair,North,Furniture,Chairs,128.94,0.019802965811270137,10.1,2024,7,0.07833100666976889
11462,2024-07-24,Priya Nair,North,Office Supplies,Binders,86.25,0.19530355962119011,18.17,2024,7,0.2106666666666667
11463,2024-07-08,Priya Nair,North,Technology,Machines,185.04,0.05422745179029727,37.87,2024,7,0.2046584522265456
11464,2024-07-22,Priya Nair,North,Technology,Machines,282.51,0.12547581906042335,11.16,2024,7,0.0395030264415419
11465,2024-07-18,Priya Nair,North,Furniture,Bookcases,151.42,0.20071823083220688,4.15,2024,7,0.027407211728965795
11466,2024-07-13,Priya Nair,North,Office Supplies,Paper,96.08,0.2513144684507851,6.21,2024,7,0.06463363863447127
11467,2024-07-17,Priya Nair,North,Technology,Phones,407.58,0.1276505870193715,61.63,2024,7,0.15120957848765887
11468,2024-07-06,Priya Nair,North,Furniture,Bookcases,63.85,0.07757506941360151,6.48,2024,7,0.10148786217697729
11469,2024-07-24,Priya Nair,North,Furniture,Tables,446.0,0.21378626437072198,20.15,2024,7,0.045179372197309414
11470,2024-07-17,Priya Nair,North,Technology,Phones,221.65,0.039932735474559514,40.32,2024,7,0.18190841416647868
11471,2024-07-02,Priya Nair,North,Technology,Accessories,160.61,0.13713660591547813,17.19,2024,7,0.10702945022103232
11472,2024-07-05,Priya Nair,North,Furniture,Tables,270.64,0.27667887290845644,5.04,2024,7,0.01862252438663908
11473,2024-07-12,Rahul Jadhav,West,Office Supplies,Art,229.93,0.1023806302259613,31.95,2024,7,0.1389553342321576
11474,2024-07-02,Rahul Jadhav,West,Technology,Accessories,125.39,0.2486406979730559,11.43,2024,7,0.09115559454501954
11475,2024-07-10,Rahul Jadhav,West,Office Supplies,Binders,32.25,0.2764799832766905,5.01,2024,7,0.15534883720930232
11476,2024-07-20,Rahul Jadhav,West,Office Supplies,Paper,82.63,0.06450835231784106,17.06,2024,7,0.20646254387026503
11477,2024-07-11,Rahul Jadhav,West,Technology,Accessories,136.79,0.11018966233615606,22.9,2024,7,0.16740989838438483
11478,2024-07-27,Rahul Jadhav,West,Furniture,Chairs,77.91,0.18847452957165003,10.43,2024,7,0.13387241689128482
11479,2024-07-04,Rahul Jadhav,West,Technology,Machines,209.16,0.340032879992209,-4.77,2024,7,-0.022805507745266778
11480,2024-07-02,Rahul Jadhav,West,Office Supplies,Binders,75.98,0.38187784218826015,-1.96,2024,7,-0.02579626217425638
11481,2024-07-15,Rahul Jadhav,West,Technology,Machines,34.63,0.036793825134337654,1.64,2024,7,0.04735778226970834
11482,2024-07-03,Rahul Jadhav,West,Furniture,Tables,99.42,0.2900425907759073,0.26,2024,7,0.002615167974250654
11483,2024-07-25,Rahul Jadhav,West,Office Supplies,Binders,42.37,0.13449049468781143,2.72,2024,7,0.064196365352844
11484,2024-07-10,Meera Singh,Central,Furniture,Tables,188.22,0.18943147765753254,15.39,2024,7,0.08176601848900224
11485,2024-07-08,Meera Singh,Central,Furniture,Bookcases,480.8,0.19457377969297635,-3.21,2024,7,-0.006676372712146422
11486,2024-07-24,Meera Singh,Central,Technology,Accessories,335.85,0.21233536553480892,21.68,2024,7,0.06455262766115825
11487,2024-07-23,Meera Singh,Central,Office Supplies,Art,63.11,0.47329564606201435,-0.42,2024,7,-0.0066550467437807
11488,2024-07-06,Meera Singh,Central,Furniture,Tables,283.6,0.10572353611977951,26.2,2024,7,0.0923836389280677
11489,2024-07-21,Meera Singh,Central,Office Supplies,Storage,49.96,0.4670704722245233,3.4,2024,7,0.06805444355484387
11490,2024-07-27,Meera Singh,Central,Office Supplies,Storage,59.89,0.1241247699673341,13.51,2024,7,0.22558023042244113
11491,2024-07-05,Meera Singh,Central,Technology,Phones,229.68,0.4667969284706381,-9.7,2024,7,-0.04223267154301637
11492,2024-07-19,Meera Singh,Central,Furniture,Bookcases,52.26,0.3343553679378669,-8.39,2024,7,-0.16054343666283966
11493,2024-07-25,Meera Singh,Central,Technology,Machines,539.89,0.04135777081417164,99.91,2024,7,0.18505621515493897
11494,2024-07-05,Meera Singh,Central,Office Supplies,Storage,47.59,0.17192809839050163,5.58,2024,7,0.11725152342929186
11495,2024-07-08,Meera Singh,Central,Furniture,Tables,152.48,0.05982580762774914,12.23,2024,7,0.08020724029380903
11496,2024-07-11,Meera Singh,Central,Technology,Phones,124.7,0.25242773193633977,4.35,2024,7,0.03488372093023256
11497,2024-07-02,Meera Singh,Central,Furniture,Chairs,185.39,0.03474626452054146,14.68,2024,7,0.07918442202923567
11498,2024-07-03,Meera Singh,Central,Technology,Accessories,495.78,0.06926573248263446,80.35,2024,7,0.1620678526765904
11499,2024-08-13,Aarav Sharma,West,Furniture,Bookcases,128.9,0.2214635632417356,13.68,2024,8,0.10612878200155158
11500,2024-08-04,Aarav Sharma,West,Technology,Accessories,100.0,0.08837490735564536,17.46,2024,8,0.1746
11501,2024-08-07,Aarav Sharma,West,Office Supplies,Art,112.72,0.18788183444554687,18.91,2024,8,0.16776082327892122
11502,2024-08-24,Aarav Sharma,West,Office Supplies,Storage,41.02,0.4605999116682845,-2.07,2024,8,-0.050463188688444655
11503,2024-08-22,Aarav Sharma,West,Technology,Phones,85.3,0.06263648166687795,15.25,2024,8,0.1787807737397421
11504,2024-08-02,Aarav Sharma,West,Technology,Machines,48.27,0.07378235085164302,1.12,2024,8,0.02320281748498032
11505,2024-08-22,Aarav Sharma,West,Technology,Accessories,69.89,0.19962823387125878,8.26,2024,8,0.1181857204177994
11506,2024-08-13,Aarav Sharma,West,Office Supplies,Art,81.07,0.38270406647253075,0.75,2024,8,0.009251264339459726
11507,2024-08-01,Aarav Sharma,West,Furniture,Bookcases,169.9,0.14882669675962618,7.51,2024,8,0.044202472042377865
11508,2024-08-27,Aarav Sharma,West,Technology,Machines,262.5,0.36921117280562477,8.56,2024,8,0.03260952380952381
11509,2024-08-17,Aarav Sharma,West,Furniture,Tables,99.67,0.0893486585380321,3.64,2024,8,0.036520517708437845
11510,2024-08-14,Aarav Sharma,West,Furniture,Chairs,146.37,0.5141371939771402,-34.7,2024,8,-0.23707043793127008
11511,2024-08-08,Aarav Sharma,West,Technology,Phones,154.08,0.32489252243750344,-4.33,2024,8,-0.02810228452751817
11512,2024-08-06,Aarav Sharma,West,Technology,Accessories,215.29,0.16126113575594905,24.72,2024,8,0.11482186817780668
11513,2024-08-07,Aarav Sharma,West,Technology,Accessories,176.34,0.3160496531210128,-0.6,2024,8,-0.003402517863218782
11514,2024-08-07,Aarav Sharma,West,Office Supplies,Paper,59.94,0.12564338823257507,4.15,2024,8,0.06923590256923591
11515,2024-08-10,Aarav Sharma,West,Office Supplies,Binders,113.75,0.3249968920235904,4.23,2024,8,0.03718681318681319
11516,2024-08-01,Ananya Patil,West,Technology,Machines,98.54,0.2726645338058217,0.7,2024,8,0.0071037142277247806
11517,2024-08-06,Ananya Patil,West,Office Supplies,Binders,56.07,0.085686486576331,11.81,2024,8,0.21062957018013198
11518,2024-08-03,Ananya Patil,West,Furniture,Chairs,174.76,0.5446122540022379,-35.8,2024,8,-0.20485236896314946
11519,2024-08-27,Ananya Patil,West,Office Supplies,Art,23.08,0.12354147183361253,1.58,2024,8,0.0684575389948007
11520,2024-08-08,Ananya Patil,West,Office Supplies,Art,95.69,0.2825367844200824,7.11,2024,8,0.07430243494618038
11521,2024-08-26,Ananya Patil,West,Technology,Phones,468.61,0.2641813421715209,44.03,2024,8,0.09395872900706344
11522,2024-08-18,Ananya Patil,West,Office Supplies,Storage,41.94,0.06292428373790311,14.56,2024,8,0.3471626132570339
11523,2024-08-24,Ananya Patil,West,Technology,Machines,470.15,0.4028267226729961,-11.19,2024,8,-0.023800914601722855
11524,2024-08-18,Ananya Patil,West,Office Supplies,Binders,38.59,0.14099287949397887,1.3,2024,8,0.03368748380409432
11525,2024-08-10,Ananya Patil,West,Furniture,Tables,58.0,0.4356035222323884,-9.53,2024,8,-0.1643103448275862
11526,2024-08-03,Ananya Patil,West,Office Supplies,Art,109.41,0.21984256621980452,11.02,2024,8,0.10072205465679554
11527,2024-08-05,Ananya Patil,West,Technology,Accessories,276.21,0.21339048321235596,22.05,2024,8,0.07983056370153145
11528,2024-08-24,Ananya Patil,West,Technology,Accessories,153.85,0.06462255820584552,27.71,2024,8,0.18011049723756908
11529,2024-08-03,Ananya Patil,West,Office Supplies,Art,56.18,0.5800383083958738,-2.65,2024,8,-0.04716981132075471
11530,2024-08-02,Rohan Deshmukh,Central,Office Supplies,Art,31.05,0.26307334134894805,4.0,2024,8,0.1288244766505636
11531,2024-08-20,Rohan Deshmukh,Central,Technology,Phones,38.42,0.28878311384426375,5.95,2024,8,0.15486725663716813
11532,2024-08-14,Rohan Deshmukh,Central,Office Supplies,Paper,109.29,0.059638432558703616,23.94,2024,8,0.21905023332418336
11533,2024-08-13,Rohan Deshmukh,Central,Technology,Phones,68.39,0.1476990598534772,11.49,2024,8,0.16800701856996636
11534,2024-08-16,Rohan Deshmukh,Central,Furniture,Tables,316.54,0.30385418042813545,-18.67,2024,8,-0.058981487331774815
11535,2024-08-09,Rohan Deshmukh,Central,Furniture,Chairs,47.0,0.16446561207011026,5.18,2024,8,0.1102127659574468
11536,2024-08-13,Rohan Deshmukh,Central,Technology,Accessories,133.37,0.15488641591565344,9.66,2024,8,0.07243008172752492
11537,2024-08-21,Rohan Deshmukh,Central,Office Supplies,Art,108.7,0.259180979242545,14.05,2024,8,0.12925482980680772
11538,2024-08-08,Rohan Deshmukh,Central,Technology,Machines,73.25,0.10619027230195174,12.53,2024,8,0.17105802047781568
11539,2024-08-08,Rohan Deshmukh,Central,Technology,Accessories,457.0,0.15977245200886073,46.56,2024,8,0.10188183807439825
11540,2024-08-11,Rohan Deshmukh,Central,Technology,Accessories,216.36,0.2428791434704911,15.06,2024,8,0.06960621186910704
11541,2024-08-03,Rohan Deshmukh,Central,Technology,Accessories,502.61,0.23541528922186303,15.93,2024,8,0.03169455442589682
11542,2024-08-23,Rohan Deshmukh,Central,Office Supplies,Binders,58.22,0.5232069202550484,-4.22,2024,8,-0.0724836825833047
11543,2024-08-11,Rohan Deshmukh,Central,Office Supplies,Art,90.5,0.4212893583884404,-4.27,2024,8,-0.047182320441988945
11544,2024-08-24,Rohan Deshmukh,Central,Furniture,Bookcases,199.93,0.3360881759271133,-11.2,2024,8,-0.05601960686240184
11545,2024-08-26,Rohan Deshmukh,Central,Technology,Machines,415.14,0.1541757352688404,13.14,2024,8,0.03165197282844342
11546,2024-08-04,Rohan Deshmukh,Central,Office Supplies,Paper,110.99,0.10057519685559203,18.55,2024,8,0.16713217406973602
11547,2024-08-09,Isha Kulkarni,Central,Furniture,Bookcases,159.81,0.19378787816268453,8.02,2024,8,0.05018459420561917
11548,2024-08-08,Isha Kulkarni,Central,Technology,Machines,68.46,0.19316853704823242,11.15,2024,8,0.1628688285130003
11549,2024-08-12,Isha Kulkarni,Central,Office Supplies,Paper,116.08,0.35348157260631097,-0.87,2024,8,-0.007494831150930393
11550,2024-08-20,Isha Kulkarni,Central,Office Supplies,Art,25.33,0.24282217425181365,0.51,2024,8,0.020134228187919465
11551,2024-08-10,Isha Kulkarni,Central,Technology,Accessories,202.74,0.043767803716186576,31.01,2024,8,0.15295452303442833
11552,2024-08-16,Isha Kulkarni,Central,Furniture,Bookcases,209.63,0.205459600986038,3.11,2024,8,0.01483566283451796
11553,2024-08-21,Isha Kulkarni,Central,Furniture,Bookcases,255.96,0.2452840283069371,-1.87,2024,8,-0.007305829035786842
11554,2024-08-13,Isha Kulkarni,Central,Technology,Machines,108.72,0.3318182415179942,6.53,2024,8,0.06006254598969831
11555,2024-08-06,Isha Kulkarni,Central,Office Supplies,Storage,162.31,0.16479527865609733,21.67,2024,8,0.1335099500954963
11556,2024-08-17,Isha Kulkarni,Central,Furniture,Bookcases,278.97,0.14839691107472128,19.81,2024,8,0.07101121984442771
11557,2024-08-07,Isha Kulkarni,Central,Technology,Accessories,198.11,0.13272032387109725,20.63,2024,8,0.10413406693251223
11558,2024-08-17,Isha Kulkarni,Central,Technology,Phones,164.4,0.0961398944552257,33.29,2024,8,0.20249391727493915
11559,2024-08-02,Isha Kulkarni,Central,Technology,Machines,174.02,0.23983567736236477,0.92,2024,8,0.005286748649580508
11560,2024-08-07,Isha Kulkarni,Central,Technology,Machines,468.07,0.25497563223197844,54.45,2024,8,0.11632875424615977
11561,2024-08-01,Isha Kulkarni,Central,Office Supplies,Art,119.41,0.24524163929821013,2.59,2024,8,0.021689975713926807
11562,2024-08-16,Isha Kulkarni,Central,Technology,Accessories,227.83,0.008316354798242696,45.6,2024,8,0.20014923407804064
11563,2024-08-17,Vikram Joshi,East,Furniture,Chairs,52.25,0.0428439896181213,3.88,2024,8,0.07425837320574162
11564,2024-08-04,Vikram Joshi,East,Technology,Accessories,106.22,0.24472799247709245,8.92,2024,8,0.08397665223121822
11565,2024-08-24,Vikram Joshi,East,Technology,Phones,371.3,0.4351343472016365,-31.69,2024,8,-0.0853487745758147
11566,2024-08-18,Vikram Joshi,East,Technology,Machines,235.34,0.12738736348249433,26.43,2024,8,0.11230560040792045
11567,2024-08-23,Vikram Joshi,East,Furniture,Chairs,94.58,0.3305757298327608,-8.56,2024,8,-0.0905053922605202
11568,2024-08-27,Vikram Joshi,East,Furniture,Tables,287.2,0.45108130887715264,-26.17,2024,8,-0.09112116991643456
11569,2024-08-21,Vikram Joshi,East,Furniture,Tables,105.78,0.09762210766244676,6.62,2024,8,0.06258271885044432
11570,2024-08-10,Vikram Joshi,East,Furniture,Tables,127.55,0.12032918669435899,9.3,2024,8,0.07291258330066641
11571,2024-08-02,Vikram Joshi,East,Office Supplies,Binders,80.34,0.3808767117112621,2.6,2024,8,0.032362459546925564
11572,2024-08-10,Vikram Joshi,East,Furniture,Bookcases,403.51,0.12935167538101586,22.09,2024,8,0.05474461599464697
11573,2024-08-09,Vikram Joshi,East,Furniture,Bookcases,65.55,0.32568382885789254,-7.74,2024,8,-0.11807780320366133
11574,2024-08-27,Vikram Joshi,East,Office Supplies,Binders,58.5,0.06928426558134348,15.38,2024,8,0.26290598290598294
11575,2024-08-09,Vikram Joshi,East,Furniture,Tables,263.13,0.19860890945627777,11.31,2024,8,0.042982556150952006
11576,2024-08-10,Sneha More,East,Furniture,Bookcases,150.72,0.1415935884212956,4.29,2024,8,0.028463375796178345
11577,2024-08-26,Sneha More,East,Furniture,Tables,136.93,0.14307669247010157,10.07,2024,8,0.07354122544365733
11578,2024-08-07,Sneha More,East,Furniture,Bookcases,158.4,0.13160792781446023,7.58,2024,8,0.04785353535353535
11579,2024-08-14,Sneha More,East,Office Supplies,Paper,53.8,0.07939360818463141,11.24,2024,8,0.2089219330855019
11580,2024-08-14,Sneha More,East,Furniture,Tables,68.99,0.1404734109238255,-4.59,2024,8,-0.06653138135961734
11581,2024-08-05,Sneha More,East,Office Supplies,Binders,80.36,0.02851946795299124,13.76,2024,8,0.17122946739671477
11582,2024-08-07,Sneha More,East,Furniture,Chairs,67.26,0.3098796921554005,-9.98,2024,8,-0.14837942313410646
11583,2024-08-14,Sneha More,East,Furniture,Chairs,69.8,0.21804729801834896,3.24,2024,8,0.046418338108882524
11584,2024-08-20,Sneha More,East,Furniture,Tables,120.73,0.26379980833059613,-2.43,2024,8,-0.020127557359397003
11585,2024-08-13,Sneha More,East,Furniture,Bookcases,344.91,0.02300386262671487,8.98,2024,8,0.026035777449189643
11586,2024-08-23,Sneha More,East,Office Supplies,Paper,52.2,0.3241599941887253,1.32,2024,8,0.02528735632183908
11587,2024-08-10,Sneha More,East,Office Supplies,Paper,45.93,0.2382708534078352,2.47,2024,8,0.05377748748094927
11588,2024-08-01,Sneha More,East,Furniture,Chairs,77.54,0.25768871213189054,-4.17,2024,8,-0.05377869486716533
11589,2024-08-05,Sneha More,East,Technology,Machines,114.83,0.09436841043374442,13.57,2024,8,0.11817469302447096
11590,2024-08-01,Sneha More,East,Office Supplies,Art,68.62,0.17782774449321803,6.21,2024,8,0.09049839696881375
11591,2024-08-07,Aditya Shah,South,Furniture,Tables,43.53,0.3219723670851229,-2.62,2024,8,-0.06018837583275902
11592,2024-08-17,Aditya Shah,South,Office Supplies,Storage,47.46,0.036888270898296195,7.67,2024,8,0.16160977665402443
11593,2024-08-20,Aditya Shah,South,Office Supplies,Storage,62.97,0.36302773365732727,-3.05,2024,8,-0.048435763061775446
11594,2024-08-05,Aditya Shah,South,Office Supplies,Art,97.33,0.34464392463381954,10.01,2024,8,0.10284598787629713
11595,2024-08-05,Aditya Shah,South,Office Supplies,Paper,92.68,0.14265650755097345,14.46,2024,8,0.15602071644367715
11596,2024-08-11,Aditya Shah,South,Technology,Accessories,179.1,0.20633017469492218,4.4,2024,8,0.024567280848687888
11597,2024-08-25,Aditya Shah,South,Furniture,Bookcases,124.39,0.05268962993237097,11.75,2024,8,0.0944609695313128
11598,2024-08-18,Aditya Shah,South,Technology,Phones,159.31,0.40255277418037616,-1.99,2024,8,-0.012491369028937292
11599,2024-08-14,Aditya Shah,South,Office Supplies,Art,128.23,0.16174531201724482,20.06,2024,8,0.15643765109568744
11600,2024-08-01,Aditya Shah,South,Furniture,Bookcases,182.41,0.0627496513294718,23.79,2024,8,0.13042048133326023
11601,2024-08-26,Aditya Shah,South,Furniture,Chairs,170.1,0.24779717167129828,-18.4,2024,8,-0.10817166372721927
11602,2024-08-24,Aditya Shah,South,Office Supplies,Binders,60.6,0.2679702771113776,7.29,2024,8,0.12029702970297029
11603,2024-08-01,Neha Pawar,South,Office Supplies,Paper,104.39,0.23578144526728687,4.43,2024,8,0.042437015039754764
11604,2024-08-20,Neha Pawar,South,Furniture,Chairs,217.92,0.053424893182250716,7.66,2024,8,0.035150513950073424
11605,2024-08-22,Neha Pawar,South,Furniture,Chairs,73.01,0.1379999553979484,3.07,2024,8,0.042049034378852206
11606,2024-08-07,Neha Pawar,South,Technology,Phones,217.59,0.26145468366135366,10.73,2024,8,0.04931292798382279
11607,2024-08-15,Neha Pawar,South,Technology,Phones,133.72,0.13002114093900918,19.45,2024,8,0.14545318576129224
11608,2024-08-17,Neha Pawar,South,Furniture,Bookcases,367.42,0.17942150515063995,15.86,2024,8,0.043165859234663324
11609,2024-08-19,Neha Pawar,South,Technology,Machines,109.94,0.47502374269663494,-7.91,2024,8,-0.07194833545570312
11610,2024-08-16,Neha Pawar,South,Furniture,Tables,228.22,0.3247259706287226,-19.31,2024,8,-0.08461133993515028
11611,2024-08-14,Neha Pawar,South,Furniture,Bookcases,272.73,0.3202348663789031,-27.72,2024,8,-0.1016389836101639
11612,2024-08-02,Neha Pawar,South,Technology,Accessories,279.7,0.08489119381471229,33.63,2024,8,0.12023596710761532
11613,2024-08-21,Neha Pawar,South,Office Supplies,Paper,152.06,0.08823942747686742,27.83,2024,8,0.18301986058134945
11614,2024-08-11,Neha Pawar,South,Office Supplies,Binders,28.76,0.3631215428869506,1.95,2024,8,0.06780250347705145
11615,2024-08-04,Kunal Mehta,North,Technology,Accessories,489.65,0.1501919840805401,51.75,2024,8,0.1056877361380578
11616,2024-08-01,Kunal Mehta,North,Technology,Accessories,109.77,0.344316983893833,-5.04,2024,8,-0.04591418420333425
11617,2024-08-14,Kunal Mehta,North,Office Supplies,Art,54.83,0.28722190605986264,4.87,2024,8,0.08881998905708555
11618,2024-08-22,Kunal Mehta,North,Furniture,Chairs,160.32,0.021220582236851093,15.29,2024,8,0.09537175648702595
11619,2024-08-24,Kunal Mehta,North,Technology,Phones,237.58,0.015602761338885524,48.93,2024,8,0.2059516794342958
11620,2024-08-05,Kunal Mehta,North,Furniture,Chairs,100.88,0.10102119719433401,10.09,2024,8,0.10001982553528946
11621,2024-08-13,Kunal Mehta,North,Technology,Accessories,129.09,0.09133683550743499,22.73,2024,8,0.17607870477961113
11622,2024-08-25,Kunal Mehta,North,Furniture,Tables,150.81,0.32156852991986556,-6.67,2024,8,-0.044227836350374646
11623,2024-08-04,Kunal Mehta,North,Technology,Phones,148.47,0.2564221667361069,4.81,2024,8,0.03239711726274668
11624,2024-08-09,Kunal Mehta,North,Furniture,Tables,171.04,0.005791617328839471,31.91,2024,8,0.18656454630495792
11625,2024-08-06,Kunal Mehta,North,Technology,Phones,273.58,0.17634008452329353,14.56,2024,8,0.05322026463922802
11626,2024-08-07,Priya Nair,North,Furniture,Bookcases,199.04,0.03777715373159637,10.81,2024,8,0.054310691318327976
11627,2024-08-24,Priya Nair,North,Technology,Phones,126.01,0.0197594686376152,29.55,2024,8,0.2345051980001587
11628,2024-08-22,Priya Nair,North,Technology,Machines,494.87,0.2920619385535988,-5.17,2024,8,-0.010447188150423344
11629,2024-08-06,Priya Nair,North,Office Supplies,Art,73.95,0.20727417543769808,8.05,2024,8,0.10885733603786342
11630,2024-08-01,Priya Nair,North,Technology,Accessories,235.18,0.06708761233739118,30.49,2024,8,0.12964537800833403
11631,2024-08-27,Priya Nair,North,Technology,Accessories,265.05,0.08174680392705828,36.48,2024,8,0.1376344086021505
11632,2024-08-13,Priya Nair,North,Furniture,Bookcases,183.6,0.3238474160241022,-15.68,2024,8,-0.08540305010893247
11633,2024-08-22,Priya Nair,North,Technology,Accessories,66.91,0.26433559477880325,-0.71,2024,8,-0.010611268868629502
11634,2024-08-21,Priya Nair,North,Furniture,Bookcases,439.69,0.23362810833610106,36.79,2024,8,0.08367258750483295
11635,2024-08-27,Priya Nair,North,Furniture,Tables,176.09,0.2302390173231526,-0.9,2024,8,-0.005111022772445908
11636,2024-08-11,Priya Nair,North,Furniture,Tables,282.54,0.34341681036509575,-34.44,2024,8,-0.12189424506264598
11637,2024-08-24,Priya Nair,North,Furniture,Bookcases,61.5,0.4429177862526253,-12.24,2024,8,-0.19902439024390245
11638,2024-08-02,Priya Nair,North,Office Supplies,Binders,92.33,0.05619540012511651,13.52,2024,8,0.146431279107549
11639,2024-08-21,Priya Nair,North,Office Supplies,Art,60.07,0.181208405231842,6.64,2024,8,0.1105377060096554
11640,2024-08-01,Rahul Jadhav,West,Technology,Phones,73.05,0.1891835636975127,9.22,2024,8,0.12621492128678988
11641,2024-08-23,Rahul Jadhav,West,Furniture,Tables,141.96,0.10501845784933354,-1.56,2024,8,-0.010989010989010988
11642,2024-08-08,Rahul Jadhav,West,Technology,Accessories,221.35,0.11761255409799506,20.86,2024,8,0.09423989157442964
11643,2024-08-11,Rahul Jadhav,West,Technology,Accessories,283.93,0.09285526782411138,36.27,2024,8,0.1277427534955799
11644,2024-08-19,Rahul Jadhav,West,Furniture,Tables,57.03,0.34258418518707295,-1.42,2024,8,-0.024899175872347884
11645,2024-08-05,Rahul Jadhav,West,Office Supplies,Binders,60.3,0.20137531000395872,10.06,2024,8,0.166832504145937
11646,2024-08-27,Rahul Jadhav,West,Office Supplies,Binders,86.13,0.15716728132474078,20.33,2024,8,0.23603854638337396
11647,2024-08-01,Rahul Jadhav,West,Office Supplies,Paper,94.54,0.2200633878001743,7.93,2024,8,0.08387983922149354
11648,2024-08-22,Rahul Jadhav,West,Office Supplies,Art,42.15,0.11604754850940649,9.44,2024,8,0.2239620403321471
11649,2024-08-09,Rahul Jadhav,West,Furniture,Tables,227.12,0.22716649811595777,2.31,2024,8,0.010170834800986264
11650,2024-08-17,Rahul Jadhav,West,Technology,Accessories,259.78,0.08470811283432536,37.07,2024,8,0.14269766725690972
11651,2024-08-21,Rahul Jadhav,West,Technology,Phones,188.94,0.2160500626405196,9.53,2024,8,0.05043929289721604
11652,2024-08-18,Rahul Jadhav,West,Technology,Phones,289.82,0.21738220213915166,20.52,2024,8,0.07080256711062038
11653,2024-08-06,Rahul Jadhav,West,Furniture,Bookcases,121.71,0.30821243463797043,-3.6,2024,8,-0.029578506285432588
11654,2024-08-12,Rahul Jadhav,West,Office Supplies,Binders,58.97,0.5234954979839697,-10.63,2024,8,-0.1802611497371545
11655,2024-08-21,Rahul Jadhav,West,Furniture,Bookcases,150.65,0.16230120868130912,0.87,2024,8,0.005774975107865914
11656,2024-08-05,Rahul Jadhav,West,Technology,Machines,32.98,0.15835106530023815,1.26,2024,8,0.03820497271073378
11657,2024-08-21,Rahul Jadhav,West,Office Supplies,Binders,130.85,0.05305847244008928,19.27,2024,8,0.1472678639663737
11658,2024-08-08,Meera Singh,Central,Furniture,Bookcases,263.34,0.27390076202849906,5.45,2024,8,0.020695678590415434
11659,2024-08-05,Meera Singh,Central,Furniture,Bookcases,170.35,0.0987730249930568,-1.82,2024,8,-0.010683886116818316
11660,2024-08-14,Meera Singh,Central,Furniture,Bookcases,111.29,0.1046018059220268,6.25,2024,8,0.05615958307125528
11661,2024-08-12,Meera Singh,Central,Technology,Machines,110.5,0.2633210074426073,8.0,2024,8,0.07239819004524888
11662,2024-08-14,Meera Singh,Central,Office Supplies,Storage,47.32,0.3566573967202462,4.11,2024,8,0.08685545224006763
11663,2024-08-22,Meera Singh,Central,Office Supplies,Storage,164.87,0.10062010048444184,22.74,2024,8,0.13792685145872505
11664,2024-08-25,Meera Singh,Central,Technology,Phones,226.36,0.4527417898206559,-13.8,2024,8,-0.06096483477646227
11665,2024-08-26,Meera Singh,Central,Furniture,Chairs,102.23,0.4824468760456379,-11.19,2024,8,-0.10945906289738823
11666,2024-08-03,Meera Singh,Central,Technology,Machines,152.85,0.18622020641449707,8.19,2024,8,0.0535819430814524
11667,2024-08-15,Meera Singh,Central,Furniture,Chairs,139.26,0.38593588135196366,-18.43,2024,8,-0.13234238115754704
11668,2024-08-04,Meera Singh,Central,Furniture,Bookcases,132.29,0.362250504060994,-4.27,2024,8,-0.0322775720009071
11669,2024-08-24,Meera Singh,Central,Office Supplies,Paper,68.01,0.5099977620941035,-9.93,2024,8,-0.14600794000882222
11670,2024-08-06,Meera Singh,Central,Technology,Phones,105.37,0.17836498095167108,2.99,2024,8,0.02837619815886875
11671,2024-09-10,Aarav Sharma,West,Office Supplies,Art,79.2,0.12366708274718059,12.24,2024,9,0.15454545454545454
11672,2024-09-16,Aarav Sharma,West,Office Supplies,Paper,95.35,0.4300291698408523,-3.74,2024,9,-0.039223911903513375
11673,2024-09-03,Aarav Sharma,West,Furniture,Bookcases,60.98,0.1645854600657473,1.49,2024,9,0.024434240734667104
11674,2024-09-21,Aarav Sharma,West,Technology,Phones,277.6,0.3860843391657239,-10.18,2024,9,-0.036671469740634004
11675,2024-09-06,Aarav Sharma,West,Furniture,Bookcases,73.09,0.3181236279837626,0.37,2024,9,0.005062252018059926
11676,2024-09-04,Aarav Sharma,West,Technology,Phones,257.09,0.37995552733391463,-20.0,2024,9,-0.0777937687191256
11677,2024-09-12,Aarav Sharma,West,Technology,Phones,122.11,0.08116464810687309,18.81,2024,9,0.15404143804766193
11678,2024-09-10,Aarav Sharma,West,Technology,Machines,287.06,0.1521163841856684,38.41,2024,9,0.13380477948860864
11679,2024-09-22,Aarav Sharma,West,Technology,Machines,143.39,0.043112797613353744,27.68,2024,9,0.19303996094567266
11680,2024-09-12,Aarav Sharma,West,Office Supplies,Storage,58.86,0.03695190329510763,10.62,2024,9,0.18042813455657492
11681,2024-09-21,Aarav Sharma,West,Technology,Machines,380.39,0.04435494520123082,82.52,2024,9,0.21693525066379243
11682,2024-09-06,Aarav Sharma,West,Office Supplies,Art,22.09,0.17601450593569049,2.36,2024,9,0.10683567224988683
11683,2024-09-02,Aarav Sharma,West,Office Supplies,Storage,76.49,0.11851649267882242,13.19,2024,9,0.1724408419401229
11684,2024-09-26,Aarav Sharma,West,Furniture,Bookcases,88.22,0.24181089566033157,-8.81,2024,9,-0.09986397642257992
11685,2024-09-16,Aarav Sharma,West,Furniture,Bookcases,251.25,0.2724440644112008,-20.05,2024,9,-0.07980099502487563
11686,2024-09-24,Aarav Sharma,West,Technology,Machines,101.87,0.08968901915710291,15.15,2024,9,0.14871895553155984
11687,2024-09-11,Aarav Sharma,West,Technology,Accessories,129.33,0.2599579402154486,-0.24,2024,9,-0.0018557179308745068
11688,2024-09-27,Ananya Patil,West,Technology,Accessories,436.05,0.21726952910663994,20.14,2024,9,0.04618736383442266
11689,2024-09-16,Ananya Patil,West,Furniture,Tables,93.14,0.5458046713407642,-17.03,2024,9,-0.18284303199484647
11690,2024-09-14,Ananya Patil,West,Furniture,Tables,140.33,0.03357006455854263,12.57,2024,9,0.08957457421791491
11691,2024-09-27,Ananya Patil,West,Office Supplies,Binders,117.07,0.18028971433092697,10.44,2024,9,0.08917741522166225
11692,2024-09-08,Ananya Patil,West,Furniture,Chairs,82.42,0.18063926579525683,6.42,2024,9,0.07789371511768987
11693,2024-09-10,Ananya Patil,West,Technology,Machines,120.45,0.14442657695046918,13.87,2024,9,0.11515151515151514
11694,2024-09-26,Ananya Patil,West,Furniture,Bookcases,58.7,0.11918165000106425,4.14,2024,9,0.07052810902896081
11695,2024-09-20,Ananya Patil,West,Technology,Phones,445.14,0.01607040333271243,106.12,2024,9,0.23839690883766906
11696,2024-09-20,Ananya Patil,West,Technology,Accessories,256.49,0.02832415191696369,29.38,2024,9,0.11454637607704003
11697,2024-09-02,Ananya Patil,West,Furniture,Bookcases,94.25,0.14063480607163298,-4.65,2024,9,-0.049336870026525204
11698,2024-09-02,Ananya Patil,West,Technology,Accessories,118.36,0.07042475096036353,16.4,2024,9,0.13856032443393038
11699,2024-09-04,Ananya Patil,West,Office Supplies,Storage,81.29,0.15456562670303475,17.79,2024,9,0.21884610653216874
11700,2024-09-23,Ananya Patil,West,Office Supplies,Storage,46.96,0.2960539057971515,5.4,2024,9,0.11499148211243612
11701,2024-09-10,Ananya Patil,West,Office Supplies,Art,108.71,0.09915842383462035,20.73,2024,9,0.190690828810597
11702,2024-09-14,Ananya Patil,West,Technology,Phones,236.0,0.40725582876756006,-11.16,2024,9,-0.04728813559322034
11703,2024-09-08,Ananya Patil,West,Office Supplies,Art,135.2,0.36128112063259515,14.68,2024,9,0.10857988165680474
11704,2024-09-04,Rohan Deshmukh,Central,Furniture,Chairs,137.86,0.10502753079357693,7.09,2024,9,0.05142898592775279
11705,2024-09-21,Rohan Deshmukh,Central,Office Supplies,Art,140.83,0.01467319666301035,37.91,2024,9,0.26918980330895403
11706,2024-09-11,Rohan Deshmukh,Central,Office Supplies,Storage,82.26,0.6070132076210402,-16.11,2024,9,-0.19584245076586432
11707,2024-09-13,Rohan Deshmukh,Central,Furniture,Bookcases,96.26,0.37162562685616746,-7.56,2024,9,-0.07853729482651152
11708,2024-09-26,Rohan Deshmukh,Central,Office Supplies,Storage,62.86,0.12579333074292978,5.71,2024,9,0.09083678014635699
11709,2024-09-01,Rohan Deshmukh,Central,Furniture,Tables,81.2,0.4667689665466731,-19.76,2024,9,-0.24334975369458128
11710,2024-09-15,Rohan Deshmukh,Central,Furniture,Chairs,266.32,0.3699043658101375,-14.53,2024,9,-0.05455842595373986
11711,2024-09-18,Rohan Deshmukh,Central,Furniture,Tables,195.83,0.08211279809183179,16.72,2024,9,0.08538017668385844
11712,2024-09-26,Rohan Deshmukh,Central,Office Supplies,Binders,63.16,0.16621578119565442,13.12,2024,9,0.207726409119696
11713,2024-09-07,Rohan Deshmukh,Central,Technology,Machines,68.81,0.44509422045286007,-5.59,2024,9,-0.08123819212323789
11714,2024-09-19,Rohan Deshmukh,Central,Technology,Phones,157.83,0.30891375137181587,4.59,2024,9,0.02908192358867135
11715,2024-09-10,Rohan Deshmukh,Central,Technology,Machines,313.74,0.2704720080680274,12.21,2024,9,0.038917575062153376
11716,2024-09-05,Isha Kulkarni,Central,Furniture,Bookcases,79.68,0.03469770231639456,9.17,2024,9,0.11508534136546184
11717,2024-09-06,Isha Kulkarni,Central,Technology,Phones,766.45,0.11515860774888745,94.75,2024,9,0.12362189314371452
11718,2024-09-20,Isha Kulkarni,Central,Office Supplies,Paper,53.99,0.044266843103574184,14.33,2024,9,0.26541952213372844
11719,2024-09-07,Isha Kulkarni,Central,Office Supplies,Storage,85.36,0.03298318180739084,16.39,2024,9,0.19201030927835053
11720,2024-09-26,Isha Kulkarni,Central,Office Supplies,Paper,36.62,0.5432122762054162,-8.7,2024,9,-0.23757509557618786
11721,2024-09-21,Isha Kulkarni,Central,Office Supplies,Storage,239.69,0.1391984009882594,33.51,2024,9,0.13980558221035502
11722,2024-09-20,Isha Kulkarni,Central,Furniture,Bookcases,134.31,0.21177164028208184,-5.6,2024,9,-0.0416945871491326
11723,2024-09-12,Isha Kulkarni,Central,Furniture,Bookcases,174.64,0.3104794295204275,-9.29,2024,9,-0.05319514429683921
11724,2024-09-23,Isha Kulkarni,Central,Furniture,Chairs,238.34,0.30114152800787336,-10.25,2024,9,-0.04300579004783083
11725,2024-09-10,Isha Kulkarni,Central,Technology,Machines,117.44,0.15148211321613964,13.78,2024,9,0.11733651226158037
11726,2024-09-27,Isha Kulkarni,Central,Furniture,Bookcases,115.56,0.2049241233635924,-8.78,2024,9,-0.07597784700588438
11727,2024-09-04,Vikram Joshi,East,Technology,Phones,157.09,0.16683634958934854,16.46,2024,9,0.10478069896237825
11728,2024-09-23,Vikram Joshi,East,Technology,Machines,119.6,0.18001441016604686,17.94,2024,9,0.15000000000000002
11729,2024-09-19,Vikram Joshi,East,Furniture,Bookcases,368.88,0.3652702446378316,-33.77,2024,9,-0.09154738668401649
11730,2024-09-06,Vikram Joshi,East,Technology,Accessories,311.81,0.11879085982753876,22.27,2024,9,0.0714216991116385
11731,2024-09-23,Vikram Joshi,East,Technology,Machines,443.74,0.12748860536653286,59.43,2024,9,0.13392977869923828
11732,2024-09-02,Vikram Joshi,East,Furniture,Bookcases,83.45,0.27458021653123205,0.27,2024,9,0.0032354703415218697
11733,2024-09-25,Vikram Joshi,East,Furniture,Tables,304.6,0.046205257004081485,15.82,2024,9,0.051936966513460275
11734,2024-09-17,Vikram Joshi,East,Technology,Phones,136.23,0.22083267440497006,4.29,2024,9,0.03149086104382295
11735,2024-09-04,Vikram Joshi,East,Furniture,Bookcases,139.44,0.06550577258345043,11.53,2024,9,0.08268789443488238
11736,2024-09-04,Vikram Joshi,East,Furniture,Chairs,279.38,0.10063562555289342,12.58,2024,9,0.04502827689884745
11737,2024-09-08,Vikram Joshi,East,Office Supplies,Binders,112.99,0.3566258488955802,0.78,2024,9,0.006903265775732366
11738,2024-09-03,Vikram Joshi,East,Office Supplies,Binders,23.85,0.2551368368198074,0.96,2024,9,0.04025157232704402
11739,2024-09-16,Vikram Joshi,East,Office Supplies,Binders,59.48,0.05164542454804079,6.94,2024,9,0.11667787491593815
11740,2024-09-16,Vikram Joshi,East,Technology,Phones,329.32,0.5158277831269885,-55.36,2024,9,-0.16810397182072148
11741,2024-09-14,Sneha More,East,Furniture,Chairs,70.93,0.43918147108079675,-3.86,2024,9,-0.05441985055688706
11742,2024-09-05,Sneha More,East,Technology,Machines,134.4,0.379289230198658,5.99,2024,9,0.04456845238095238
11743,2024-09-20,Sneha More,East,Furniture,Tables,64.43,0.14777209368495164,4.09,2024,9,0.06347974546018935
11744,2024-09-13,Sneha More,East,Office Supplies,Binders,84.81,0.65,-14.91,2024,9,-0.17580474000707463
11745,2024-09-05,Sneha More,East,Technology,Phones,133.26,0.1193466631634834,17.17,2024,9,0.12884586522587424
11746,2024-09-14,Sneha More,East,Office Supplies,Binders,59.95,0.28201196547491314,9.24,2024,9,0.15412844036697249
11747,2024-09-09,Sneha More,East,Technology,Accessories,299.02,0.3899314344429786,-21.52,2024,9,-0.07196843020533744
11748,2024-09-17,Sneha More,East,Technology,Machines,397.52,0.35507500247690627,-10.32,2024,9,-0.025960957939223185
11749,2024-09-12,Sneha More,East,Furniture,Bookcases,117.51,0.12071395153135826,4.14,2024,9,0.035231044166453916
11750,2024-09-02,Sneha More,East,Technology,Accessories,472.13,0.16806680012110708,56.8,2024,9,0.12030584796560269
11751,2024-09-23,Sneha More,East,Technology,Accessories,43.49,0.3473548535968329,5.67,2024,9,0.13037479880432282
11752,2024-09-13,Sneha More,East,Technology,Machines,132.24,0.021149393688789292,15.5,2024,9,0.11721113127646703
11753,2024-09-23,Aditya Shah,South,Technology,Accessories,227.41,0.135705944301219,32.44,2024,9,0.14264983949694385
11754,2024-09-01,Aditya Shah,South,Technology,Machines,77.76,0.12179955208780749,13.02,2024,9,0.16743827160493827
11755,2024-09-01,Aditya Shah,South,Office Supplies,Binders,18.01,0.1460640802374201,6.64,2024,9,0.3686840644086618
11756,2024-09-04,Aditya Shah,South,Furniture,Bookcases,38.79,0.3021186147059591,-2.54,2024,9,-0.06548079401907708
11757,2024-09-14,Aditya Shah,South,Technology,Phones,85.92,0.15068558177024455,4.92,2024,9,0.05726256983240223
11758,2024-09-06,Aditya Shah,South,Furniture,Tables,266.19,0.183473927265936,-10.38,2024,9,-0.03899470303166911
11759,2024-09-15,Aditya Shah,South,Technology,Machines,90.57,0.024212708493535046,20.68,2024,9,0.2283316771557911
11760,2024-09-13,Aditya Shah,South,Technology,Machines,347.24,0.2626718912627373,10.19,2024,9,0.02934569750028798
11761,2024-09-08,Aditya Shah,South,Office Supplies,Art,90.41,0.39447955876809077,3.92,2024,9,0.043358035615529256
11762,2024-09-03,Aditya Shah,South,Furniture,Bookcases,83.01,0.2798125992453518,-6.26,2024,9,-0.07541260089145885
11763,2024-09-14,Aditya Shah,South,Furniture,Bookcases,476.05,0.2607781281694947,24.84,2024,9,0.052179392920911664
11764,2024-09-15,Aditya Shah,South,Technology,Machines,423.63,0.1768022917596368,44.96,2024,9,0.10613034959752615
11765,2024-09-08,Aditya Shah,South,Furniture,Bookcases,73.27,0.5370890647920092,-22.33,2024,9,-0.3047632045857786
11766,2024-09-24,Aditya Shah,South,Office Supplies,Paper,58.81,0.08080437542129888,10.34,2024,9,0.1758204387009012
11767,2024-09-26,Aditya Shah,South,Furniture,Chairs,164.95,0.24579279083469865,-13.82,2024,9,-0.08378296453470749
11768,2024-09-25,Aditya Shah,South,Technology,Accessories,114.38,0.06020986713558314,30.52,2024,9,0.2668298653610771
11769,2024-09-25,Aditya Shah,South,Technology,Machines,144.21,0.17788284245103628,11.44,2024,9,0.07932875667429443
11770,2024-09-17,Aditya Shah,South,Technology,Machines,75.49,0.2396202916072623,5.76,2024,9,0.07630149688700491
11771,2024-09-03,Neha Pawar,South,Furniture,Chairs,307.38,0.11695226529312308,20.7,2024,9,0.06734335350380637
11772,2024-09-10,Neha Pawar,South,Technology,Accessories,124.28,0.08352473007865814,18.35,2024,9,0.1476504666881236
11773,2024-09-20,Neha Pawar,South,Office Supplies,Storage,35.8,0.33041053408597737,7.83,2024,9,0.21871508379888271
11774,2024-09-18,Neha Pawar,South,Technology,Accessories,135.85,0.10179745484688385,14.59,2024,9,0.10739786529260213
11775,2024-09-20,Neha Pawar,South,Technology,Phones,115.77,0.12588565600752208,14.55,2024,9,0.1256802280383519
11776,2024-09-18,Neha Pawar,South,Office Supplies,Art,87.84,0.20942688916299437,6.74,2024,9,0.07673041894353369
11777,2024-09-19,Neha Pawar,South,Office Supplies,Binders,54.74,0.027539466123780068,13.01,2024,9,0.23766898063573255
11778,2024-09-12,Neha Pawar,South,Technology,Accessories,424.8,0.2518813007615227,36.23,2024,9,0.08528719397363464
11779,2024-09-24,Neha Pawar,South,Office Supplies,Storage,198.55,0.08137601148848811,33.36,2024,9,0.16801813145303449
11780,2024-09-21,Neha Pawar,South,Furniture,Chairs,38.82,0.14687626366685713,-2.6,2024,9,-0.06697578567748583
11781,2024-09-03,Neha Pawar,South,Office Supplies,Art,30.53,0.217414525376708,0.65,2024,9,0.021290533901080905
11782,2024-09-23,Neha Pawar,South,Technology,Phones,321.66,0.17818595650523103,24.43,2024,9,0.07594976061680034
11783,2024-09-17,Neha Pawar,South,Furniture,Tables,91.73,0.374831772231694,-18.82,2024,9,-0.2051673389294669
11784,2024-09-02,Neha Pawar,South,Furniture,Tables,371.59,0.15630330793301903,22.33,2024,9,0.06009311337764741
11785,2024-09-10,Neha Pawar,South,Furniture,Bookcases,328.01,0.13382382418387978,5.48,2024,9,0.016706807719276854
11786,2024-09-03,Neha Pawar,South,Technology,Phones,327.65,0.22481732623528522,15.73,2024,9,0.048008545704257596
11787,2024-09-10,Neha Pawar,South,Office Supplies,Art,104.89,0.22635550763171708,15.06,2024,9,0.14357898751072554
11788,2024-09-26,Neha Pawar,South,Technology,Accessories,363.46,0.32546092916745634,19.6,2024,9,0.053926154184779626
11789,2024-09-05,Kunal Mehta,North,Technology,Machines,54.24,0.03991864482172198,9.6,2024,9,0.17699115044247787
11790,2024-09-22,Kunal Mehta,North,Technology,Machines,577.24,0.2632254239134406,80.38,2024,9,0.1392488393042755
11791,2024-09-10,Kunal Mehta,North,Office Supplies,Paper,105.89,0.37084272329816975,2.25,2024,9,0.02124846538861082
11792,2024-09-27,Kunal Mehta,North,Technology,Machines,375.07,0.08299691814342114,67.87,2024,9,0.1809528887940918
11793,2024-09-02,Kunal Mehta,North,Office Supplies,Paper,71.16,0.1265274127823579,13.77,2024,9,0.19350758853288363
11794,2024-09-14,Kunal Mehta,North,Technology,Accessories,222.81,0.28915772809164736,-2.14,2024,9,-0.00960459584399264
11795,2024-09-11,Kunal Mehta,North,Technology,Phones,139.31,0.19777933845556306,12.02,2024,9,0.08628239178809848
11796,2024-09-22,Kunal Mehta,North,Technology,Machines,132.77,0.04786307146998741,22.77,2024,9,0.17149958574979285
11797,2024-09-04,Kunal Mehta,North,Office Supplies,Storage,58.27,0.1465816113981447,9.11,2024,9,0.15634117041359188
11798,2024-09-06,Kunal Mehta,North,Technology,Accessories,443.28,0.22447906476753113,19.87,2024,9,0.044824941346327384
11799,2024-09-11,Kunal Mehta,North,Technology,Machines,97.0,0.0661505400232243,15.77,2024,9,0.16257731958762886
11800,2024-09-23,Kunal Mehta,North,Office Supplies,Binders,101.25,0.08635153974446132,26.81,2024,9,0.2647901234567901
11801,2024-09-06,Kunal Mehta,North,Office Supplies,Binders,66.48,0.06253398799379478,10.38,2024,9,0.15613718411552346
11802,2024-09-27,Kunal Mehta,North,Technology,Phones,113.72,0.08024518733281391,26.37,2024,9,0.23188533239535702
11803,2024-09-14,Kunal Mehta,North,Furniture,Bookcases,152.8,0.07638410408954659,15.94,2024,9,0.10431937172774867
11804,2024-09-18,Kunal Mehta,North,Furniture,Bookcases,68.29,0.25915222100797464,-3.12,2024,9,-0.04568750915214526
11805,2024-09-21,Kunal Mehta,North,Furniture,Tables,216.26,0.4057783919162152,-37.29,2024,9,-0.17243133265513733
11806,2024-09-23,Priya Nair,North,Office Supplies,Storage,82.25,0.46200641626807715,1.06,2024,9,0.012887537993920973
11807,2024-09-14,Priya Nair,North,Furniture,Bookcases,104.98,0.18153172308664453,7.47,2024,9,0.07115641074490378
11808,2024-09-27,Priya Nair,North,Furniture,Chairs,113.63,0.32759180707894275,-8.43,2024,9,-0.07418815453665405
11809,2024-09-08,Priya Nair,North,Office Supplies,Binders,130.02,0.19568002478210536,10.58,2024,9,0.081372096600523
11810,2024-09-11,Priya Nair,North,Office Supplies,Storage,44.97,0.3447301965517757,0.66,2024,9,0.014676450967311542
11811,2024-09-17,Priya Nair,North,Furniture,Tables,162.62,0.3018907242896452,-10.15,2024,9,-0.06241544705448284
11812,2024-09-17,Priya Nair,North,Technology,Accessories,363.59,0.4468252088201422,-15.93,2024,9,-0.04381308616848648
11813,2024-09-20,Priya Nair,North,Furniture,Chairs,121.68,0.3697114632997528,-4.36,2024,9,-0.035831689677843524
11814,2024-09-08,Priya Nair,North,Office Supplies,Storage,63.08,0.18727393735961406,13.92,2024,9,0.2206721623335447
11815,2024-09-01,Priya Nair,North,Furniture,Tables,148.86,0.31836745781165837,-8.33,2024,9,-0.055958618836490656
11816,2024-09-22,Priya Nair,North,Office Supplies,Paper,134.02,0.20408123882136878,27.56,2024,9,0.2056409491120728
11817,2024-09-02,Priya Nair,North,Furniture,Bookcases,183.49,0.2702453741663165,-7.63,2024,9,-0.041582647555725105
11818,2024-09-12,Priya Nair,North,Furniture,Tables,470.08,0.3417776249866238,-60.33,2024,9,-0.12833985704560927
11819,2024-09-23,Priya Nair,North,Office Supplies,Art,89.11,0.1897653613005058,10.94,2024,9,0.1227696105936483
11820,2024-09-06,Priya Nair,North,Office Supplies,Paper,86.97,0.26889853943776143,4.14,2024,9,0.04760262159365298
11821,2024-09-11,Rahul Jadhav,West,Technology,Machines,166.81,0.28844621848368346,7.97,2024,9,0.04777891013728194
11822,2024-09-21,Rahul Jadhav,West,Technology,Machines,304.08,0.2297957983372859,10.62,2024,9,0.03492501973164956
11823,2024-09-02,Rahul Jadhav,West,Office Supplies,Paper,131.09,0.028579403124414867,29.21,2024,9,0.22282401403615837
11824,2024-09-01,Rahul Jadhav,West,Technology,Accessories,156.74,0.2065667178178271,16.03,2024,9,0.10227127727446728
11825,2024-09-26,Rahul Jadhav,West,Office Supplies,Storage,139.2,0.2290018703224586,9.32,2024,9,0.06695402298850575
11826,2024-09-22,Rahul Jadhav,West,Furniture,Chairs,482.71,0.4815612683429625,-38.53,2024,9,-0.07982018188974747
11827,2024-09-23,Rahul Jadhav,West,Furniture,Chairs,166.0,0.11786784762789726,13.4,2024,9,0.08072289156626507
11828,2024-09-24,Rahul Jadhav,West,Furniture,Chairs,149.04,0.06455874490485597,11.97,2024,9,0.08031400966183576
11829,2024-09-16,Rahul Jadhav,West,Technology,Accessories,105.63,0.09882482495909924,16.6,2024,9,0.1571523241503361
11830,2024-09-23,Rahul Jadhav,West,Furniture,Bookcases,190.54,0.3166603293320809,-11.44,2024,9,-0.06003988663797628
11831,2024-09-22,Rahul Jadhav,West,Furniture,Bookcases,169.06,0.027143386751686583,23.03,2024,9,0.1362238258606412
11832,2024-09-19,Rahul Jadhav,West,Furniture,Tables,73.25,0.38205702350316645,-0.93,2024,9,-0.012696245733788396
11833,2024-09-01,Rahul Jadhav,West,Technology,Accessories,109.49,0.12256020440476623,4.77,2024,9,0.04356562243127226
11834,2024-09-21,Rahul Jadhav,West,Furniture,Tables,53.51,0.2304570404310877,-7.89,2024,9,-0.14744907493926368
11835,2024-09-14,Meera Singh,Central,Furniture,Chairs,263.57,0.3865068123969218,-7.13,2024,9,-0.02705163713624464
11836,2024-09-27,Meera Singh,Central,Office Supplies,Art,68.41,0.25218386663223097,4.99,2024,9,0.07294255225844176
11837,2024-09-18,Meera Singh,Central,Office Supplies,Art,36.0,0.09630510674945346,2.58,2024,9,0.07166666666666667
11838,2024-09-26,Meera Singh,Central,Furniture,Bookcases,216.05,0.22338642551337753,8.41,2024,9,0.038926174496644296
11839,2024-09-27,Meera Singh,Central,Office Supplies,Art,83.1,0.10220090916227624,15.34,2024,9,0.18459687123947052
11840,2024-09-13,Meera Singh,Central,Furniture,Chairs,130.86,0.03476861243082371,8.37,2024,9,0.06396148555708389
11841,2024-09-01,Meera Singh,Central,Technology,Accessories,146.29,0.054292923426054275,16.43,2024,9,0.11231116275890356
11842,2024-09-19,Meera Singh,Central,Furniture,Chairs,117.41,0.28166085578535155,-4.64,2024,9,-0.03951963205859808
11843,2024-09-15,Meera Singh,Central,Office Supplies,Art,180.8,0.2818725671212413,1.99,2024,9,0.011006637168141592
11844,2024-09-25,Meera Singh,Central,Technology,Accessories,180.84,0.5220330116028276,-17.51,2024,9,-0.09682592346825925
11845,2024-09-22,Meera Singh,Central,Technology,Machines,122.82,0.1023841173412165,11.6,2024,9,0.09444715844325029
11846,2024-09-13,Meera Singh,Central,Office Supplies,Paper,72.98,0.23847050348214813,6.65,2024,9,0.09112085502877501
11847,2024-09-03,Meera Singh,Central,Office Supplies,Binders,54.61,0.24692614557197487,0.23,2024,9,0.004211682841970335
11848,2024-09-27,Meera Singh,Central,Technology,Machines,175.39,0.09935744230047965,14.88,2024,9,0.08483950054165004
11849,2024-09-22,Meera Singh,Central,Office Supplies,Storage,65.58,0.1469539654338991,11.58,2024,9,0.17657822506861848
11850,2024-09-23,Meera Singh,Central,Office Supplies,Art,102.67,0.31447748172790635,5.22,2024,9,0.05084250511347034
11851,2024-10-03,Aarav Sharma,West,Office Supplies,Paper,57.06,0.022901286927995142,18.61,2024,10,0.3261479144759902
11852,2024-10-17,Aarav Sharma,West,Technology,Phones,174.52,0.18717640670798547,9.35,2024,10,0.053575521430208564
11853,2024-10-09,Aarav Sharma,West,Technology,Phones,255.36,0.34793891439369146,-18.53,2024,10,-0.07256422305764411
11854,2024-10-26,Aarav Sharma,West,Furniture,Chairs,62.1,0.2071763936865103,6.44,2024,10,0.1037037037037037
11855,2024-10-27,Aarav Sharma,West,Technology,Machines,149.78,0.051072452850656994,40.18,2024,10,0.2682601148350915
11856,2024-10-18,Aarav Sharma,West,Furniture,Bookcases,247.42,0.18510546571206912,18.51,2024,10,0.07481206046398838
11857,2024-10-04,Aarav Sharma,West,Technology,Phones,103.81,0.3101087564543154,2.41,2024,10,0.023215489837202584
11858,2024-10-18,Aarav Sharma,West,Office Supplies,Storage,56.54,0.043831304367893203,11.92,2024,10,0.21082419525999294
11859,2024-10-26,Aarav Sharma,West,Furniture,Tables,294.45,0.1714370234276883,3.43,2024,10,0.01164883681439973
11860,2024-10-11,Aarav Sharma,West,Furniture,Bookcases,327.76,0.05012579357764655,31.59,2024,10,0.09638149865755431
11861,2024-10-15,Aarav Sharma,West,Technology,Phones,70.94,0.06652838617560365,18.97,2024,10,0.2674090780941641
11862,2024-10-13,Aarav Sharma,West,Furniture,Bookcases,213.49,0.5486698732887656,-42.02,2024,10,-0.19682420722282074
11863,2024-10-03,Aarav Sharma,West,Furniture,Bookcases,149.13,0.14563580980612126,11.06,2024,10,0.07416348152618521
11864,2024-10-03,Aarav Sharma,West,Office Supplies,Paper,81.28,0.4096466921131957,4.24,2024,10,0.052165354330708666
11865,2024-10-11,Ananya Patil,West,Office Supplies,Art,71.68,0.4139264388520402,-3.4,2024,10,-0.047433035714285705
11866,2024-10-07,Ananya Patil,West,Office Supplies,Storage,37.43,0.21294824898216425,4.46,2024,10,0.11915575741383917
11867,2024-10-12,Ananya Patil,West,Technology,Phones,34.57,0.17221634603477556,-2.7,2024,10,-0.0781024009256581
11868,2024-10-22,Ananya Patil,West,Office Supplies,Art,75.42,0.3149382249764898,0.57,2024,10,0.0075576770087509935
11869,2024-10-24,Ananya Patil,West,Furniture,Bookcases,156.79,0.061695325096448664,21.33,2024,10,0.13604183940302314
11870,2024-10-17,Ananya Patil,West,Office Supplies,Storage,181.68,0.19182996234396799,21.51,2024,10,0.11839498018494056
11871,2024-10-10,Ananya Patil,West,Furniture,Bookcases,139.47,0.2561364417139312,-13.71,2024,10,-0.09830070983007098
11872,2024-10-04,Ananya Patil,West,Technology,Machines,56.31,0.19500035514676883,5.92,2024,10,0.10513230332090215
11873,2024-10-15,Ananya Patil,West,Technology,Machines,179.37,0.0813940968591875,28.4,2024,10,0.15833193956625968
11874,2024-10-25,Ananya Patil,West,Furniture,Chairs,109.83,0.28413246219369803,-3.44,2024,10,-0.03132113265956478
11875,2024-10-09,Ananya Patil,West,Furniture,Bookcases,87.39,0.24956010467086936,-2.7,2024,10,-0.030895983522142123
11876,2024-10-15,Ananya Patil,West,Technology,Machines,135.8,0.22568516985565554,7.06,2024,10,0.05198821796759941
11877,2024-10-17,Ananya Patil,West,Technology,Accessories,188.27,0.19809772607630036,8.35,2024,10,0.044351197747915225
11878,2024-10-15,Rohan Deshmukh,Central,Office Supplies,Storage,191.88,0.2930567621899688,11.96,2024,10,0.06233062330623307
11879,2024-10-01,Rohan Deshmukh,Central,Technology,Accessories,163.21,0.0489946778074055,37.56,2024,10,0.23013295753936647
11880,2024-10-08,Rohan Deshmukh,Central,Technology,Accessories,257.77,0.06375520343074231,39.64,2024,10,0.15378050199790513
11881,2024-10-16,Rohan Deshmukh,Central,Office Supplies,Binders,39.97,0.2619298316649022,1.27,2024,10,0.03177383037277959
11882,2024-10-10,Rohan Deshmukh,Central,Furniture,Bookcases,106.52,0.15339570753457057,7.05,2024,10,0.0661847540368006
11883,2024-10-19,Rohan Deshmukh,Central,Furniture,Tables,145.74,0.21944919244976785,-7.68,2024,10,-0.052696582955948944
11884,2024-10-12,Rohan Deshmukh,Central,Furniture,Chairs,143.4,0.34563183148392157,-10.4,2024,10,-0.07252440725244072
11885,2024-10-24,Rohan Deshmukh,Central,Technology,Phones,146.55,0.10764735471425921,29.24,2024,10,0.19952234732173318
11886,2024-10-02,Rohan Deshmukh,Central,Technology,Phones,119.76,0.2508374105058776,4.62,2024,10,0.03857715430861723
11887,2024-10-05,Rohan Deshmukh,Central,Technology,Phones,266.18,0.3051534730062356,-1.14,2024,10,-0.004282816139454504
11888,2024-10-26,Rohan Deshmukh,Central,Furniture,Tables,224.68,0.10826405136149674,25.14,2024,10,0.1118924692896564
11889,2024-10-06,Rohan Deshmukh,Central,Furniture,Tables,242.31,0.22991411816467613,-9.61,2024,10,-0.03965993974660559
11890,2024-10-04,Rohan Deshmukh,Central,Technology,Machines,124.49,0.2363041290862164,4.89,2024,10,0.03928026347497791
11891,2024-10-24,Rohan Deshmukh,Central,Furniture,Bookcases,116.5,0.030145188996025234,16.71,2024,10,0.1434334763948498
11892,2024-10-06,Rohan Deshmukh,Central,Furniture,Chairs,464.15,0.20620823388695322,15.96,2024,10,0.03438543574275558
11893,2024-10-05,Rohan Deshmukh,Central,Technology,Machines,276.49,0.09806637305870015,19.59,2024,10,0.07085247206047235
11894,2024-10-23,Rohan Deshmukh,Central,Office Supplies,Art,43.11,0.08445886762715296,8.75,2024,10,0.20296914868939922
11895,2024-10-15,Rohan Deshmukh,Central,Technology,Machines,288.7,0.22507112962482503,22.19,2024,10,0.0768617942500866
11896,2024-10-26,Rohan Deshmukh,Central,Office Supplies,Binders,101.64,0.09896834405404452,32.43,2024,10,0.3190672963400236
11897,2024-10-06,Rohan Deshmukh,Central,Furniture,Tables,123.03,0.4094950628721823,-13.93,2024,10,-0.11322441680890839
11898,2024-10-24,Isha Kulkarni,Central,Furniture,Tables,81.83,0.20348672236199278,-0.59,2024,10,-0.007210069656605157
11899,2024-10-27,Isha Kulkarni,Central,Furniture,Chairs,312.5,0.3182009553357532,-24.14,2024,10,-0.077248
11900,2024-10-23,Isha Kulkarni,Central,Office Supplies,Art,81.08,0.29845628762787735,5.87,2024,10,0.07239763196842625
11901,2024-10-02,Isha Kulkarni,Central,Office Supplies,Paper,58.64,0.22210724217696146,3.34,2024,10,0.05695770804911323
11902,2024-10-27,Isha Kulkarni,Central,Furniture,Bookcases,115.57,0.17853591043340694,2.12,2024,10,0.018343860863545905
11903,2024-10-16,Isha Kulkarni,Central,Office Supplies,Art,123.84,0.4595055175150091,-3.99,2024,10,-0.03221899224806202
11904,2024-10-03,Isha Kulkarni,Central,Office Supplies,Binders,38.77,0.03234137918940483,6.51,2024,10,0.16791333505287592
11905,2024-10-22,Isha Kulkarni,Central,Technology,Phones,390.15,0.04995697467977423,73.13,2024,10,0.18744072792515698
11906,2024-10-26,Isha Kulkarni,Central,Furniture,Bookcases,109.64,0.15498558897388076,-4.93,2024,10,-0.04496534111638088
11907,2024-10-06,Isha Kulkarni,Central,Technology,Phones,250.37,0.3297354682522887,-15.4,2024,10,-0.06150896672924072
11908,2024-10-21,Isha Kulkarni,Central,Technology,Accessories,184.86,0.24364440945429558,16.1,2024,10,0.08709293519420101
11909,2024-10-25,Isha Kulkarni,Central,Technology,Accessories,274.11,0.08202334285071472,55.15,2024,10,0.20119659990514754
11910,2024-10-08,Isha Kulkarni,Central,Furniture,Chairs,102.36,0.020505910554754137,11.53,2024,10,0.11264165689722547
11911,2024-10-15,Isha Kulkarni,Central,Office Supplies,Binders,45.78,0.21573857506985122,3.77,2024,10,0.08235037134119703
11912,2024-10-13,Isha Kulkarni,Central,Office Supplies,Art,48.68,0.07497102142405344,6.93,2024,10,0.1423582580115037
11913,2024-10-09,Isha Kulkarni,Central,Furniture,Bookcases,102.33,0.20468003853019778,0.82,2024,10,0.008013290335190071
11914,2024-10-06,Isha Kulkarni,Central,Technology,Phones,112.27,0.2892044860582562,4.34,2024,10,0.03865680947715329
11915,2024-10-17,Isha Kulkarni,Central,Technology,Phones,225.83,0.13453700121013537,34.93,2024,10,0.15467386972501437
11916,2024-10-08,Vikram Joshi,East,Furniture,Tables,346.01,0.1654120516361149,18.77,2024,10,0.05424698708129823
11917,2024-10-10,Vikram Joshi,East,Furniture,Bookcases,361.42,0.30160024623881443,-49.89,2024,10,-0.13803884677106967
11918,2024-10-02,Vikram Joshi,East,Furniture,Bookcases,123.61,0.12103660243028364,8.1,2024,10,0.06552867890947334
11919,2024-10-09,Vikram Joshi,East,Technology,Machines,199.99,0.30908259179437775,2.86,2024,10,0.014300715035751786
11920,2024-10-06,Vikram Joshi,East,Technology,Phones,113.3,0.10905298458272937,10.86,2024,10,0.09585172109443954
11921,2024-10-13,Vikram Joshi,East,Technology,Phones,64.51,0.24013768562667487,1.03,2024,10,0.015966516819097814
11922,2024-10-24,Vikram Joshi,East,Furniture,Bookcases,120.07,0.0856671313173799,6.63,2024,10,0.05521778962272008
11923,2024-10-03,Vikram Joshi,East,Technology,Accessories,482.07,0.02971246190923603,81.74,2024,10,0.16956043728089282
11924,2024-10-14,Vikram Joshi,East,Technology,Phones,178.52,0.5547465891129666,-18.99,2024,10,-0.10637463589513778
11925,2024-10-15,Vikram Joshi,East,Technology,Machines,102.64,0.011561162478273984,25.19,2024,10,0.24542088854247857
11926,2024-10-14,Vikram Joshi,East,Furniture,Chairs,321.85,0.042717629196467384,42.28,2024,10,0.1313655429547926
11927,2024-10-12,Vikram Joshi,East,Technology,Accessories,91.35,0.08096959067513486,13.29,2024,10,0.14548440065681445
11928,2024-10-15,Sneha More,East,Office Supplies,Paper,198.87,0.061181080152205115,31.65,2024,10,0.15914919294011162
11929,2024-10-10,Sneha More,East,Furniture,Tables,214.93,0.239152388172028,2.98,2024,10,0.013864979295584608
11930,2024-10-07,Sneha More,East,Office Supplies,Storage,88.28,0.33839061316308483,6.86,2024,10,0.07770729497054826
11931,2024-10-17,Sneha More,East,Office Supplies,Art,75.22,0.16072962816440434,6.87,2024,10,0.09133209252858282
11932,2024-10-15,Sneha More,East,Office Supplies,Paper,75.36,0.06059314489302763,12.13,2024,10,0.1609607218683652
11933,2024-10-14,Sneha More,East,Office Supplies,Art,39.93,0.09322213878360913,6.17,2024,10,0.15452041071875783
11934,2024-10-27,Sneha More,East,Technology,Accessories,126.25,0.16950513548264798,14.25,2024,10,0.11287128712871287
11935,2024-10-12,Sneha More,East,Office Supplies,Binders,60.98,0.33758113171339965,-0.42,2024,10,-0.006887504099704822
11936,2024-10-15,Sneha More,East,Office Supplies,Paper,39.17,0.4647445888861748,-5.14,2024,10,-0.13122287464896604
11937,2024-10-20,Sneha More,East,Furniture,Bookcases,94.74,0.17754095034860207,1.01,2024,10,0.010660755752586026
11938,2024-10-21,Sneha More,East,Technology,Accessories,220.7,0.4105197015619904,-16.06,2024,10,-0.07276846397825101
11939,2024-10-12,Sneha More,East,Technology,Phones,156.36,0.13180041969024028,17.14,2024,10,0.10961882834484522
11940,2024-10-16,Aditya Shah,South,Furniture,Chairs,307.72,0.4812155873720267,-44.25,2024,10,-0.1437995580397764
11941,2024-10-03,Aditya Shah,South,Technology,Phones,275.74,0.1447233101107395,34.23,2024,10,0.12413868136650466
11942,2024-10-01,Aditya Shah,South,Furniture,Bookcases,38.39,0.4751872854406922,-2.24,2024,10,-0.05834852826256838
11943,2024-10-27,Aditya Shah,South,Office Supplies,Art,94.45,0.17367552268223635,12.23,2024,10,0.12948650079407092
11944,2024-10-03,Aditya Shah,South,Office Supplies,Storage,30.41,0.22757527731644822,6.56,2024,10,0.21571851364682668
11945,2024-10-01,Aditya Shah,South,Technology,Accessories,86.93,0.17888450977985973,4.09,2024,10,0.04704935005176578
11946,2024-10-04,Aditya Shah,South,Technology,Machines,575.79,0.14641193318974602,99.88,2024,10,0.1734660205977874
11947,2024-10-22,Aditya Shah,South,Technology,Phones,58.24,0.07642039665038353,8.53,2024,10,0.14646291208791207
11948,2024-10-16,Aditya Shah,South,Technology,Phones,103.54,0.18765253534890347,11.87,2024,10,0.11464168437318908
11949,2024-10-12,Aditya Shah,South,Technology,Phones,204.31,0.24415023231315391,-0.55,2024,10,-0.0026919876658019677
11950,2024-10-18,Aditya Shah,South,Technology,Accessories,225.82,0.3827911369544171,-5.07,2024,10,-0.02245151005225401
11951,2024-10-15,Aditya Shah,South,Office Supplies,Binders,300.33,0.18059268464298592,30.51,2024,10,0.10158825292178604
11952,2024-10-07,Aditya Shah,South,Furniture,Chairs,89.0,0.16941959864896233,-3.36,2024,10,-0.03775280898876404
11953,2024-10-17,Aditya Shah,South,Furniture,Tables,120.07,0.2742309759932605,-7.09,2024,10,-0.059048888148579996
11954,2024-10-03,Aditya Shah,South,Furniture,Chairs,261.12,0.40250439624743983,-47.13,2024,10,-0.1804917279411765
11955,2024-10-15,Aditya Shah,South,Technology,Phones,320.21,0.0851138331501068,34.84,2024,10,0.10880359763904938
11956,2024-10-14,Neha Pawar,South,Technology,Accessories,509.05,0.4479635842979821,-17.74,2024,10,-0.03484922895589824
11957,2024-10-10,Neha Pawar,South,Technology,Phones,336.54,0.15606079227171127,33.38,2024,10,0.09918583229333809
11958,2024-10-25,Neha Pawar,South,Furniture,Chairs,105.5,0.07382341266563529,13.15,2024,10,0.12464454976303319
11959,2024-10-21,Neha Pawar,South,Technology,Phones,153.78,0.45725701372870503,-16.52,2024,10,-0.10742619326310313
11960,2024-10-21,Neha Pawar,South,Furniture,Tables,197.73,0.5291459361053239,-34.04,2024,10,-0.1721539473018763
11961,2024-10-12,Neha Pawar,South,Technology,Accessories,633.69,0.08154259575932828,58.81,2024,10,0.09280563051334248
11962,2024-10-04,Neha Pawar,South,Office Supplies,Storage,37.7,0.399905212859207,-2.1,2024,10,-0.055702917771883284
11963,2024-10-11,Neha Pawar,South,Office Supplies,Paper,54.78,0.2882510907127367,-0.22,2024,10,-0.004016064257028112
11964,2024-10-05,Neha Pawar,South,Furniture,Bookcases,174.51,0.09375725280881593,5.4,2024,10,0.03094378545642084
11965,2024-10-07,Neha Pawar,South,Furniture,Tables,204.77,0.2659985826130679,-12.2,2024,10,-0.059579039898422614
11966,2024-10-03,Neha Pawar,South,Technology,Phones,269.98,0.14563176713798892,41.94,2024,10,0.15534484035854507
11967,2024-10-04,Neha Pawar,South,Office Supplies,Storage,83.02,0.27264306784048453,3.39,2024,10,0.04083353408817153
11968,2024-10-15,Neha Pawar,South,Technology,Accessories,338.29,0.07449670908593099,40.29,2024,10,0.11909899790120901
11969,2024-10-20,Kunal Mehta,North,Furniture,Chairs,75.38,0.3276038653167898,-1.54,2024,10,-0.02042982223401433
11970,2024-10-08,Kunal Mehta,North,Office Supplies,Storage,52.12,0.18826423604046147,13.41,2024,10,0.2572908672294705
11971,2024-10-10,Kunal Mehta,North,Furniture,Bookcases,186.97,0.576760439115833,-42.44,2024,10,-0.22698828689094505
11972,2024-10-03,Kunal Mehta,North,Technology,Phones,76.06,0.4586978062964271,-4.02,2024,10,-0.05285301078096239
11973,2024-10-04,Kunal Mehta,North,Furniture,Chairs,178.91,0.11022565014193937,2.24,2024,10,0.012520261584036668
11974,2024-10-05,Kunal Mehta,North,Technology,Machines,254.35,0.05512742965131264,32.81,2024,10,0.1289954786711225
11975,2024-10-23,Kunal Mehta,North,Technology,Phones,295.68,0.2850690705546124,-6.13,2024,10,-0.020731872294372292
11976,2024-10-10,Kunal Mehta,North,Furniture,Chairs,175.17,0.29912418024047754,-12.46,2024,10,-0.07113090141005882
11977,2024-10-12,Kunal Mehta,North,Technology,Phones,70.32,0.4977955388998212,-15.47,2024,10,-0.21999431171786124
11978,2024-10-20,Kunal Mehta,North,Technology,Phones,647.39,0.1946656062829745,21.27,2024,10,0.03285500239422914
11979,2024-10-06,Kunal Mehta,North,Furniture,Tables,338.14,0.34599234160833636,-43.61,2024,10,-0.1289702490092861
11980,2024-10-15,Kunal Mehta,North,Office Supplies,Art,70.71,0.3243332742758402,6.59,2024,10,0.09319756752934522
11981,2024-10-09,Kunal Mehta,North,Technology,Phones,209.17,0.21999469028439955,4.46,2024,10,0.02132236936463164
11982,2024-10-22,Kunal Mehta,North,Office Supplies,Storage,76.37,0.23690966548119358,15.16,2024,10,0.19850726725153856
11983,2024-10-02,Kunal Mehta,North,Furniture,Bookcases,38.02,0.2967879583077042,-7.29,2024,10,-0.19174118884797473
11984,2024-10-20,Kunal Mehta,North,Furniture,Bookcases,243.0,0.06148994763967054,31.59,2024,10,0.13
11985,2024-10-10,Kunal Mehta,North,Furniture,Chairs,180.4,0.12272143086382628,19.7,2024,10,0.10920177383592017
11986,2024-10-20,Kunal Mehta,North,Technology,Machines,250.38,0.05108507791138846,52.99,2024,10,0.2116383097691509
11987,2024-10-23,Kunal Mehta,North,Office Supplies,Paper,44.64,0.2065174710305724,2.21,2024,10,0.04950716845878136
11988,2024-10-22,Kunal Mehta,North,Furniture,Chairs,120.51,0.2072067449442939,1.87,2024,10,0.015517384449423285
11989,2024-10-26,Priya Nair,North,Office Supplies,Paper,63.73,0.09717573356664082,10.95,2024,10,0.1718186097599247
11990,2024-10-05,Priya Nair,North,Office Supplies,Art,33.69,0.15023063367110126,5.54,2024,10,0.16444048679133275
11991,2024-10-21,Priya Nair,North,Office Supplies,Art,27.73,0.18280063170030889,0.51,2024,10,0.01839163360980887
11992,2024-10-05,Priya Nair,North,Office Supplies,Art,104.2,0.10552678234257971,10.73,2024,10,0.10297504798464492
11993,2024-10-17,Priya Nair,North,Office Supplies,Binders,121.72,0.1897097372893899,24.29,2024,10,0.19955635885639172
11994,2024-10-12,Priya Nair,North,Technology,Machines,125.43,0.07857941726372973,20.61,2024,10,0.16431475723511121
11995,2024-10-07,Priya Nair,North,Furniture,Bookcases,146.13,0.14424740871344333,-0.56,2024,10,-0.0038322042017381788
11996,2024-10-18,Priya Nair,North,Furniture,Bookcases,620.3,0.22501807709404417,-5.56,2024,10,-0.008963404804127035
11997,2024-10-05,Priya Nair,North,Furniture,Chairs,82.66,0.25212267593319637,-1.53,2024,10,-0.018509557222356643
11998,2024-10-17,Priya Nair,North,Office Supplies,Paper,84.79,0.1801441858441889,7.46,2024,10,0.08798207335770727
11999,2024-10-21,Priya Nair,North,Office Supplies,Art,30.28,0.058614205087092974,4.06,2024,10,0.1340819022457067
12000,2024-10-14,Priya Nair,North,Office Supplies,Storage,72.65,0.27567744285866397,10.79,2024,10,0.14852030282174808
12001,2024-10-13,Priya Nair,North,Furniture,Chairs,156.23,0.029985313443404545,21.67,2024,10,0.1387057543365551
12002,2024-10-02,Priya Nair,North,Furniture,Bookcases,130.24,0.21335782015396695,-2.37,2024,10,-0.018197174447174447
12003,2024-10-27,Priya Nair,North,Office Supplies,Storage,26.22,0.09319099218167322,9.69,2024,10,0.3695652173913043
12004,2024-10-21,Priya Nair,North,Furniture,Chairs,169.49,0.135240185540041,2.64,2024,10,0.015576140185261668
12005,2024-10-14,Priya Nair,North,Office Supplies,Storage,35.73,0.08582032883252706,11.13,2024,10,0.311502938706969
12006,2024-10-04,Priya Nair,North,Technology,Accessories,112.1,0.21043201117374244,1.62,2024,10,0.014451382694023195
12007,2024-10-18,Rahul Jadhav,West,Office Supplies,Art,44.93,0.3188214892474868,0.55,2024,10,0.012241264188738037
12008,2024-10-26,Rahul Jadhav,West,Technology,Accessories,201.86,0.15896650743102114,17.38,2024,10,0.08609927672644406
12009,2024-10-02,Rahul Jadhav,West,Technology,Accessories,132.49,0.21552916677854678,12.23,2024,10,0.09230885349837724
12010,2024-10-05,Rahul Jadhav,West,Furniture,Tables,376.8,0.19360401412189535,5.3,2024,10,0.014065817409766453
12011,2024-10-04,Rahul Jadhav,West,Furniture,Tables,119.87,0.14921556601231328,8.07,2024,10,0.06732293317760908
12012,2024-10-27,Rahul Jadhav,West,Office Supplies,Storage,49.56,0.11490200472245103,-0.49,2024,10,-0.009887005649717513
12013,2024-10-19,Rahul Jadhav,West,Office Supplies,Binders,82.79,0.05712155834485713,17.27,2024,10,0.20860007247252083
12014,2024-10-14,Rahul Jadhav,West,Furniture,Bookcases,135.18,0.007185127319727725,8.85,2024,10,0.06546826453617398
12015,2024-10-14,Rahul Jadhav,West,Technology,Accessories,258.39,0.23739929859004213,19.95,2024,10,0.07720887031231859
12016,2024-10-12,Rahul Jadhav,West,Technology,Accessories,212.02,0.2816973321911157,6.93,2024,10,0.032685595698519004
12017,2024-10-14,Rahul Jadhav,West,Office Supplies,Binders,59.22,0.07705411353614867,11.51,2024,10,0.19436001350894969
12018,2024-10-04,Rahul Jadhav,West,Technology,Accessories,698.14,0.12695590340679588,44.39,2024,10,0.0635832354542069
12019,2024-10-17,Rahul Jadhav,West,Technology,Accessories,67.56,0.43793197629538166,-3.23,2024,10,-0.04780935464772054
12020,2024-10-16,Rahul Jadhav,West,Office Supplies,Binders,98.0,0.28804588107714935,5.14,2024,10,0.05244897959183673
12021,2024-10-22,Rahul Jadhav,West,Furniture,Chairs,176.88,0.5361999313243784,-34.98,2024,10,-0.19776119402985073
12022,2024-10-03,Rahul Jadhav,West,Furniture,Chairs,106.66,0.2110154109081676,1.31,2024,10,0.012282017626101632
12023,2024-10-25,Rahul Jadhav,West,Technology,Accessories,222.7,0.2874981984607055,4.07,2024,10,0.01827570722945667
12024,2024-10-20,Rahul Jadhav,West,Technology,Accessories,235.52,0.10592394425979614,21.42,2024,10,0.09094769021739131
12025,2024-10-11,Meera Singh,Central,Technology,Accessories,51.95,0.14321478602016857,7.92,2024,10,0.15245428296438882
12026,2024-10-06,Meera Singh,Central,Office Supplies,Binders,89.71,0.25178743721660823,2.94,2024,10,0.032772266191060086
12027,2024-10-14,Meera Singh,Central,Technology,Accessories,197.73,0.22248123360708072,5.19,2024,10,0.026247913821878324
12028,2024-10-09,Meera Singh,Central,Furniture,Chairs,102.3,0.353445022435189,-9.83,2024,10,-0.09608993157380255
12029,2024-10-20,Meera Singh,Central,Office Supplies,Art,82.11,0.2622085313323958,2.61,2024,10,0.031786627694556084
12030,2024-10-19,Meera Singh,Central,Furniture,Tables,220.22,0.15981555508157566,-2.58,2024,10,-0.011715557170102624
12031,2024-10-12,Meera Singh,Central,Technology,Machines,169.67,0.13953838608963315,9.44,2024,10,0.055637413803265166
12032,2024-10-13,Meera Singh,Central,Technology,Accessories,611.05,0.23867544837396015,37.08,2024,10,0.06068243187955159
12033,2024-10-04,Meera Singh,Central,Office Supplies,Storage,39.33,0.26626741884115956,2.39,2024,10,0.060767861683193494
12034,2024-10-02,Meera Singh,Central,Technology,Machines,124.42,0.12274974634551751,12.86,2024,10,0.10335958849059636
12035,2024-10-04,Meera Singh,Central,Technology,Phones,59.45,0.36559598692376105,2.88,2024,10,0.048444070647603026
12036,2024-10-11,Meera Singh,Central,Technology,Machines,150.94,0.11854666728973971,16.96,2024,10,0.11236252815688354
12037,2024-10-26,Meera Singh,Central,Technology,Machines,321.99,0.20173966989385292,21.59,2024,10,0.0670517717941551
12038,2024-10-21,Meera Singh,Central,Technology,Machines,268.06,0.3896257567133429,-16.23,2024,10,-0.06054614638513766
12039,2024-10-06,Meera Singh,Central,Technology,Machines,132.72,0.17686943219733073,7.76,2024,10,0.058468957203134414
12040,2024-10-24,Meera Singh,Central,Office Supplies,Art,29.46,0.1975049323203139,4.18,2024,10,0.14188730482009504
12041,2024-10-10,Meera Singh,Central,Technology,Machines,120.07,0.22907227439590325,7.34,2024,10,0.061131006912634296
12042,2024-11-01,Aarav Sharma,West,Furniture,Bookcases,165.83,0.23944729802357329,9.6,2024,11,0.05789061086655008
12043,2024-11-20,Aarav Sharma,West,Technology,Machines,305.38,0.20674377397009103,22.23,2024,11,0.07279455105114939
12044,2024-11-17,Aarav Sharma,West,Furniture,Bookcases,145.61,0.2747936432000777,-3.54,2024,11,-0.024311517066135567
12045,2024-11-04,Aarav Sharma,West,Office Supplies,Paper,40.77,0.022710525737280177,6.56,2024,11,0.1609026244787834
12046,2024-11-05,Aarav Sharma,West,Office Supplies,Storage,73.12,0.026339780672378972,18.48,2024,11,0.2527352297592998
12047,2024-11-12,Aarav Sharma,West,Office Supplies,Art,96.78,0.10247195867081314,19.04,2024,11,0.19673486257491216
12048,2024-11-13,Aarav Sharma,West,Technology,Accessories,97.64,0.3729376372055709,4.48,2024,11,0.045882834903727986
12049,2024-11-25,Aarav Sharma,West,Office Supplies,Art,46.64,0.0692859811449378,15.9,2024,11,0.34090909090909094
12050,2024-11-07,Aarav Sharma,West,Technology,Machines,156.44,0.2261541189077915,19.99,2024,11,0.12778061876757862
12051,2024-11-21,Aarav Sharma,West,Office Supplies,Art,110.01,0.27634304915666286,7.36,2024,11,0.06690300881738023
12052,2024-11-04,Aarav Sharma,West,Office Supplies,Paper,56.23,0.06804480209280972,15.25,2024,11,0.27120754045882983
12053,2024-11-26,Aarav Sharma,West,Technology,Accessories,219.51,0.19662623753911684,9.22,2024,11,0.042002642248644716
12054,2024-11-02,Aarav Sharma,West,Technology,Phones,75.57,0.1844611967047773,11.42,2024,11,0.15111816858541752
12055,2024-11-26,Aarav Sharma,West,Technology,Machines,45.58,0.060595443198553915,10.64,2024,11,0.23343571741992103
12056,2024-11-19,Aarav Sharma,West,Furniture,Bookcases,168.54,0.27836406277885,-2.44,2024,11,-0.014477275424231637
12057,2024-11-09,Aarav Sharma,West,Technology,Machines,172.9,0.10519280833000684,25.53,2024,11,0.1476576055523424
12058,2024-11-02,Aarav Sharma,West,Technology,Machines,313.22,0.1363779420452202,27.14,2024,11,0.08664836217355212
12059,2024-11-01,Ananya Patil,West,Furniture,Bookcases,324.44,0.22073617665699152,0.92,2024,11,0.0028356552829490816
12060,2024-11-23,Ananya Patil,West,Office Supplies,Storage,120.56,0.06240297159580073,24.71,2024,11,0.20496018579960187
12061,2024-11-08,Ananya Patil,West,Technology,Phones,1042.65,0.05999725285370818,108.19,2024,11,0.10376444636263367
12062,2024-11-15,Ananya Patil,West,Technology,Accessories,365.52,0.20595471849241884,1.53,2024,11,0.004185817465528562
12063,2024-11-12,Ananya Patil,West,Technology,Phones,112.96,0.40702288456254193,-8.08,2024,11,-0.07152974504249292
12064,2024-11-09,Ananya Patil,West,Technology,Machines,229.67,0.08136951832705847,33.56,2024,11,0.14612269778377673
12065,2024-11-25,Ananya Patil,West,Office Supplies,Art,75.22,0.02588397778946681,9.65,2024,11,0.12829034831161926
12066,2024-11-23,Ananya Patil,West,Technology,Machines,253.72,0.046286736812155116,66.4,2024,11,0.26170581743654425
12067,2024-11-22,Ananya Patil,West,Technology,Accessories,145.19,0.11981016050354526,22.17,2024,11,0.15269646669880846
12068,2024-11-23,Ananya Patil,West,Technology,Machines,416.5,0.04961308551857484,91.67,2024,11,0.22009603841536615
12069,2024-11-18,Ananya Patil,West,Furniture,Tables,131.66,0.36481533156043877,-18.98,2024,11,-0.1441591979340726
12070,2024-11-10,Ananya Patil,West,Office Supplies,Storage,57.7,0.28581927456061473,5.78,2024,11,0.10017331022530329
12071,2024-11-05,Ananya Patil,West,Technology,Accessories,218.26,0.08197936437601794,26.59,2024,11,0.12182717859433703
12072,2024-11-13,Ananya Patil,West,Office Supplies,Paper,66.28,0.11913270852161308,6.52,2024,11,0.09837054918527459
12073,2024-11-27,Ananya Patil,West,Furniture,Tables,120.12,0.22038164201638805,4.9,2024,11,0.04079254079254079
12074,2024-11-12,Rohan Deshmukh,Central,Technology,Machines,168.64,0.1566630309645064,16.26,2024,11,0.09641840607210628
12075,2024-11-13,Rohan Deshmukh,Central,Technology,Machines,508.31,0.20344028860412408,33.48,2024,11,0.06586531840805807
12076,2024-11-02,Rohan Deshmukh,Central,Technology,Accessories,274.06,0.19958529437396733,29.08,2024,11,0.1061081514996716
12077,2024-11-13,Rohan Deshmukh,Central,Technology,Phones,405.22,0.3721746199735444,-21.39,2024,11,-0.05278614086175411
12078,2024-11-19,Rohan Deshmukh,Central,Office Supplies,Paper,39.06,0.33891610609965744,1.06,2024,11,0.02713773681515617
12079,2024-11-14,Rohan Deshmukh,Central,Office Supplies,Binders,79.16,0.1266245139721317,18.57,2024,11,0.23458817584638708
12080,2024-11-02,Rohan Deshmukh,Central,Office Supplies,Binders,130.3,0.1448447402439992,23.48,2024,11,0.18019953952417497
12081,2024-11-17,Rohan Deshmukh,Central,Office Supplies,Storage,60.02,0.12986579198200818,11.08,2024,11,0.1846051316227924
12082,2024-11-02,Rohan Deshmukh,Central,Technology,Machines,254.59,0.1906938330092375,19.08,2024,11,0.0749440276523037
12083,2024-11-25,Rohan Deshmukh,Central,Technology,Phones,153.09,0.17442293459717462,12.94,2024,11,0.0845254425501339
12084,2024-11-08,Rohan Deshmukh,Central,Furniture,Tables,57.45,0.20464605818800077,-4.13,2024,11,-0.07188859878154917
12085,2024-11-14,Rohan Deshmukh,Central,Office Supplies,Binders,84.45,0.08601592705426782,21.51,2024,11,0.2547069271758437
12086,2024-11-05,Rohan Deshmukh,Central,Technology,Accessories,160.43,0.12426433234930868,17.67,2024,11,0.11014149473290533
12087,2024-11-17,Rohan Deshmukh,Central,Office Supplies,Binders,99.74,0.4335038307269617,-8.64,2024,11,-0.08662522558652498
12088,2024-11-01,Rohan Deshmukh,Central,Technology,Phones,79.0,0.21963876119154543,4.52,2024,11,0.05721518987341771
12089,2024-11-15,Rohan Deshmukh,Central,Furniture,Chairs,170.79,0.18171620972047076,-3.59,2024,11,-0.021019966040166285
12090,2024-11-16,Rohan Deshmukh,Central,Technology,Phones,181.59,0.03967965552358153,40.45,2024,11,0.2227545569689961
12091,2024-11-03,Rohan Deshmukh,Central,Furniture,Bookcases,667.35,0.18672321313826856,11.27,2024,11,0.016887690117629427
12092,2024-11-20,Rohan Deshmukh,Central,Technology,Phones,173.39,0.29956942174805073,8.32,2024,11,0.04798431282080859
12093,2024-11-02,Rohan Deshmukh,Central,Furniture,Bookcases,250.33,0.35836009916094463,-18.99,2024,11,-0.07585986497822873
12094,2024-11-13,Rohan Deshmukh,Central,Technology,Phones,207.94,0.08275380954597938,53.3,2024,11,0.25632393959796096
12095,2024-11-02,Rohan Deshmukh,Central,Office Supplies,Binders,47.48,0.09932794770130397,10.35,2024,11,0.2179865206402696
12096,2024-11-10,Isha Kulkarni,Central,Technology,Accessories,397.87,0.4595292876774669,-12.95,2024,11,-0.03254831980295071
12097,2024-11-15,Isha Kulkarni,Central,Technology,Machines,289.83,0.054673439590857256,48.62,2024,11,0.1677535106786737
12098,2024-11-17,Isha Kulkarni,Central,Technology,Accessories,172.91,0.05536557438781112,22.62,2024,11,0.13081950147475566
12099,2024-11-20,Isha Kulkarni,Central,Office Supplies,Art,127.35,0.3535397235894883,3.76,2024,11,0.029524931291715743
12100,2024-11-01,Isha Kulkarni,Central,Office Supplies,Storage,77.04,0.12161928066397909,12.17,2024,11,0.15796988577362409
12101,2024-11-20,Isha Kulkarni,Central,Technology,Accessories,324.44,0.15879650692905503,44.48,2024,11,0.13709776846258168
12102,2024-11-01,Isha Kulkarni,Central,Technology,Machines,334.41,0.4339920721286932,-2.95,2024,11,-0.008821506533895518
12103,2024-11-12,Isha Kulkarni,Central,Furniture,Bookcases,133.23,0.13259535831603073,-3.14,2024,11,-0.02356826540568941
12104,2024-11-15,Isha Kulkarni,Central,Office Supplies,Binders,84.0,0.08610435819039515,12.42,2024,11,0.14785714285714285
12105,2024-11-06,Isha Kulkarni,Central,Furniture,Bookcases,229.31,0.005839330455858665,25.12,2024,11,0.1095460293925254
12106,2024-11-16,Isha Kulkarni,Central,Furniture,Tables,180.99,0.09340750226675572,21.7,2024,11,0.11989612685783745
12107,2024-11-26,Vikram Joshi,East,Technology,Phones,277.12,0.29826412859416623,10.52,2024,11,0.03796189376443418
12108,2024-11-27,Vikram Joshi,East,Technology,Machines,290.94,0.21163439855113536,45.05,2024,11,0.1548429229394377
12109,2024-11-03,Vikram Joshi,East,Technology,Phones,92.63,0.3009180934700559,-3.43,2024,11,-0.03702904026773184
12110,2024-11-26,Vikram Joshi,East,Office Supplies,Binders,77.06,0.2576571323427441,10.81,2024,11,0.14028030106410588
12111,2024-11-22,Vikram Joshi,East,Technology,Machines,240.49,0.019716156136877435,47.5,2024,11,0.19751341012100296
12112,2024-11-25,Vikram Joshi,East,Furniture,Chairs,504.24,0.1608877586562894,-3.73,2024,11,-0.007397271140726638
12113,2024-11-11,Vikram Joshi,East,Technology,Accessories,362.16,0.21372934827936438,31.56,2024,11,0.08714380384360502
12114,2024-11-06,Vikram Joshi,East,Furniture,Bookcases,121.56,0.2865339479252834,-1.6,2024,11,-0.013162224415926292
12115,2024-11-11,Vikram Joshi,East,Furniture,Tables,218.62,0.21853924840988423,0.73,2024,11,0.0033391272527673586
12116,2024-11-03,Vikram Joshi,East,Office Supplies,Storage,32.06,0.1680517128789509,2.58,2024,11,0.08047411104179662
12117,2024-11-05,Vikram Joshi,East,Technology,Machines,253.65,0.34841746693918546,1.1,2024,11,0.004336684407648335
12118,2024-11-02,Vikram Joshi,East,Technology,Accessories,234.77,0.36046066664640264,-2.0,2024,11,-0.008518976019082506
12119,2024-11-26,Vikram Joshi,East,Technology,Accessories,194.53,0.14832710339498445,29.54,2024,11,0.15185318459877653
12120,2024-11-16,Vikram Joshi,East,Furniture,Chairs,87.45,0.13441056193483503,0.98,2024,11,0.011206403659233847
12121,2024-11-06,Vikram Joshi,East,Office Supplies,Storage,36.05,0.08391092424702572,6.49,2024,11,0.18002773925104024
12122,2024-11-17,Vikram Joshi,East,Technology,Machines,118.58,0.2124373958928168,6.81,2024,11,0.057429583403609374
12123,2024-11-11,Vikram Joshi,East,Furniture,Bookcases,324.79,0.09190235366882256,33.11,2024,11,0.10194279380522799
12124,2024-11-21,Vikram Joshi,East,Office Supplies,Paper,44.5,0.42073396157743964,-5.01,2024,11,-0.11258426966292134
12125,2024-11-19,Vikram Joshi,East,Office Supplies,Art,84.85,0.21854585903836227,12.67,2024,11,0.1493223335297584
12126,2024-11-19,Vikram Joshi,East,Technology,Accessories,630.9,0.3219980182419075,6.17,2024,11,0.009779679822475828
12127,2024-11-23,Sneha More,East,Furniture,Tables,153.65,0.31021532931547496,-8.01,2024,11,-0.05213146762121705
12128,2024-11-23,Sneha More,East,Furniture,Bookcases,285.9,0.21083582803632855,12.11,2024,11,0.04235746764603008
12129,2024-11-11,Sneha More,East,Technology,Accessories,382.0,0.3318853071576158,8.31,2024,11,0.021753926701570683
12130,2024-11-23,Sneha More,East,Furniture,Chairs,307.13,0.04582122264805798,6.28,2024,11,0.02044736756422362
12131,2024-11-24,Sneha More,East,Furniture,Chairs,154.54,0.20897868418885993,5.0,2024,11,0.03235408308528537
12132,2024-11-10,Sneha More,East,Office Supplies,Art,296.09,0.2060721864432264,35.45,2024,11,0.11972711000033776
12133,2024-11-09,Sneha More,East,Office Supplies,Paper,73.84,0.0822965027151021,15.79,2024,11,0.21384073672806064
12134,2024-11-22,Sneha More,East,Technology,Machines,462.66,0.057707458161948916,98.06,2024,11,0.2119482989668439
12135,2024-11-26,Sneha More,East,Technology,Machines,644.44,0.4357223044683303,-21.65,2024,11,-0.033595059276270864
12136,2024-11-10,Sneha More,East,Furniture,Tables,146.68,0.1141102594944859,17.68,2024,11,0.12053449686392145
12137,2024-11-19,Sneha More,East,Technology,Accessories,243.35,0.37268554868759407,-10.42,2024,11,-0.04281898500102733
12138,2024-11-04,Sneha More,East,Furniture,Tables,290.8,0.08192174525082183,34.9,2024,11,0.12001375515818431
12139,2024-11-20,Sneha More,East,Technology,Accessories,82.5,0.09183824680618478,6.15,2024,11,0.07454545454545455
12140,2024-11-18,Sneha More,East,Technology,Accessories,98.63,0.2222782638080324,-0.05,2024,11,-0.0005069451485349286
12141,2024-11-09,Sneha More,East,Furniture,Chairs,81.53,0.08399023353785466,5.58,2024,11,0.06844106463878327
12142,2024-11-11,Sneha More,East,Office Supplies,Art,51.93,0.15980359428683352,10.69,2024,11,0.2058540342769112
12143,2024-11-19,Sneha More,East,Technology,Machines,219.45,0.06133421776868616,45.55,2024,11,0.2075643654591023
12144,2024-11-23,Sneha More,East,Technology,Phones,131.54,0.16647128883874596,18.45,2024,11,0.1402615174091531
12145,2024-11-24,Sneha More,East,Technology,Machines,161.38,0.06205436324087427,23.2,2024,11,0.1437600694014128
12146,2024-11-27,Sneha More,East,Office Supplies,Paper,53.54,0.3312496001851676,-6.11,2024,11,-0.11412028389988794
12147,2024-11-21,Aditya Shah,South,Office Supplies,Binders,67.87,0.040174099414697725,16.91,2024,11,0.24915279210254898
12148,2024-11-11,Aditya Shah,South,Technology,Phones,143.32,0.291524402518448,4.23,2024,11,0.029514373430086525
12149,2024-11-11,Aditya Shah,South,Technology,Phones,143.03,0.01133664706259254,35.73,2024,11,0.24980773264350134
12150,2024-11-18,Aditya Shah,South,Technology,Phones,72.5,0.135797075317536,8.76,2024,11,0.12082758620689654
12151,2024-11-03,Aditya Shah,South,Office Supplies,Paper,61.84,0.2757013124685955,11.61,2024,11,0.18774256144890036
12152,2024-11-23,Aditya Shah,South,Technology,Machines,120.5,0.17137596362638194,9.17,2024,11,0.07609958506224067
12153,2024-11-27,Aditya Shah,South,Furniture,Chairs,102.3,0.03992946774195873,4.99,2024,11,0.0487781036168133
12154,2024-11-16,Aditya Shah,South,Technology,Machines,286.93,0.10888703677911533,48.4,2024,11,0.16868225699647996
12155,2024-11-15,Aditya Shah,South,Technology,Machines,193.6,0.1132916362034384,38.84,2024,11,0.20061983471074382
12156,2024-11-10,Aditya Shah,South,Furniture,Bookcases,217.27,0.20353942168069572,11.44,2024,11,0.05265338058636719
12157,2024-11-17,Aditya Shah,South,Furniture,Tables,550.07,0.42323756453717293,-80.0,2024,11,-0.1454360354136746
12158,2024-11-04,Aditya Shah,South,Furniture,Tables,315.32,0.009090993199227982,48.95,2024,11,0.15523912216161362
12159,2024-11-27,Aditya Shah,South,Furniture,Chairs,121.39,0.2590636283091515,-6.32,2024,11,-0.05206359667188401
12160,2024-11-11,Aditya Shah,South,Furniture,Tables,179.61,0.15331399451538566,3.31,2024,11,0.018428817994543732
12161,2024-11-25,Neha Pawar,South,Office Supplies,Binders,225.31,0.23224846350523518,11.84,2024,11,0.05254982024765878
12162,2024-11-07,Neha Pawar,South,Technology,Accessories,138.23,0.11561813500057208,27.46,2024,11,0.1986544165521233
12163,2024-11-26,Neha Pawar,South,Technology,Phones,210.13,0.11983035091619372,24.76,2024,11,0.1178318183981345
12164,2024-11-25,Neha Pawar,South,Technology,Accessories,111.23,0.1169200552441733,19.42,2024,11,0.17459318529173784
12165,2024-11-27,Neha Pawar,South,Furniture,Chairs,120.92,0.19390066694002694,0.39,2024,11,0.0032252729077075753
12166,2024-11-04,Neha Pawar,South,Furniture,Bookcases,84.45,0.2246601741258404,4.94,2024,11,0.05849615156897573
12167,2024-11-20,Neha Pawar,South,Technology,Phones,184.55,0.3576577146814734,3.1,2024,11,0.016797615822270386
12168,2024-11-01,Neha Pawar,South,Furniture,Tables,171.24,0.08719493173241648,12.34,2024,11,0.07206260219574866
12169,2024-11-20,Neha Pawar,South,Office Supplies,Binders,57.91,0.021172605809523827,8.84,2024,11,0.15265066482472803
12170,2024-11-18,Neha Pawar,South,Office Supplies,Binders,64.17,0.08793895315766571,13.53,2024,11,0.21084618980832162
12171,2024-11-26,Neha Pawar,South,Office Supplies,Paper,87.58,0.2198228669226468,12.39,2024,11,0.14147065540077644
12172,2024-11-11,Neha Pawar,South,Technology,Machines,153.94,0.053497050647051986,27.72,2024,11,0.1800701572041055
12173,2024-11-15,Neha Pawar,South,Technology,Phones,93.67,0.12744301008999173,4.63,2024,11,0.04942884594854276
12174,2024-11-03,Kunal Mehta,North,Office Supplies,Binders,74.21,0.05121370648735396,10.29,2024,11,0.138660557876297
12175,2024-11-08,Kunal Mehta,North,Furniture,Chairs,187.13,0.22904100036330896,1.56,2024,11,0.008336450595842463
12176,2024-11-20,Kunal Mehta,North,Furniture,Tables,210.89,0.12383890315085158,11.82,2024,11,0.056048176774621844
12177,2024-11-14,Kunal Mehta,North,Furniture,Bookcases,256.16,0.06840112802295013,31.12,2024,11,0.12148657089319174
12178,2024-11-12,Kunal Mehta,North,Furniture,Chairs,248.1,0.20154561608764654,-7.41,2024,11,-0.029866989117291416
12179,2024-11-26,Kunal Mehta,North,Furniture,Bookcases,145.09,0.11082956467856335,15.02,2024,11,0.10352195189192914
12180,2024-11-08,Kunal Mehta,North,Office Supplies,Storage,193.03,0.19903608722475538,28.69,2024,11,0.14862974667150183
12181,2024-11-15,Kunal Mehta,North,Office Supplies,Storage,66.64,0.3527466748489874,1.51,2024,11,0.02265906362545018
12182,2024-11-27,Kunal Mehta,North,Furniture,Tables,132.25,0.20166532517181593,-2.32,2024,11,-0.017542533081285443
12183,2024-11-17,Kunal Mehta,North,Office Supplies,Art,43.52,0.24074228866470257,3.08,2024,11,0.07077205882352941
12184,2024-11-08,Kunal Mehta,North,Furniture,Chairs,182.34,0.21418811648325858,10.39,2024,11,0.05698146320061424
12185,2024-11-15,Kunal Mehta,North,Technology,Accessories,112.55,0.28459738363339826,-12.24,2024,11,-0.108751665926255
12186,2024-11-01,Kunal Mehta,North,Furniture,Chairs,276.25,0.060238696906384226,38.73,2024,11,0.14019909502262443
12187,2024-11-02,Kunal Mehta,North,Technology,Phones,99.3,0.15790786719092137,7.95,2024,11,0.08006042296072508
12188,2024-11-02,Kunal Mehta,North,Technology,Machines,240.06,0.03323785575484258,39.73,2024,11,0.16550029159376822
12189,2024-11-22,Kunal Mehta,North,Furniture,Chairs,152.8,0.2300207166769346,-6.77,2024,11,-0.04430628272251308
12190,2024-11-21,Kunal Mehta,North,Furniture,Bookcases,146.21,0.07635209108726036,11.52,2024,11,0.07879078038437863
12191,2024-11-08,Kunal Mehta,North,Office Supplies,Storage,46.72,0.06287981918022265,3.44,2024,11,0.07363013698630137
12192,2024-11-25,Kunal Mehta,North,Office Supplies,Paper,90.48,0.028805778276115104,16.54,2024,11,0.18280282935455347
12193,2024-11-05,Kunal Mehta,North,Furniture,Tables,126.37,0.06993215377163839,10.45,2024,11,0.08269367729682676
12194,2024-11-26,Priya Nair,North,Technology,Machines,648.9,0.3286791348267625,14.04,2024,11,0.02163661581137309
12195,2024-11-21,Priya Nair,North,Furniture,Chairs,32.2,0.2249357147539197,8.41,2024,11,0.2611801242236025
12196,2024-11-10,Priya Nair,North,Technology,Accessories,68.43,0.1305008423072461,4.23,2024,11,0.06181499342393687
12197,2024-11-11,Priya Nair,North,Office Supplies,Binders,38.82,0.2570388819924878,6.83,2024,11,0.17594023699124162
12198,2024-11-13,Priya Nair,North,Technology,Phones,186.87,0.3504807376185248,-1.45,2024,11,-0.007759404933911275
12199,2024-11-09,Priya Nair,North,Furniture,Tables,65.99,0.1403621912820961,-0.08,2024,11,-0.0012123048946810124
12200,2024-11-21,Priya Nair,North,Technology,Phones,140.22,0.1636844412245743,8.57,2024,11,0.06111824276137499
12201,2024-11-24,Priya Nair,North,Technology,Accessories,289.05,0.23167056088745602,30.69,2024,11,0.10617540217955371
12202,2024-11-27,Priya Nair,North,Technology,Phones,149.32,0.19136889784937142,12.26,2024,11,0.08210554513795874
12203,2024-11-17,Priya Nair,North,Office Supplies,Storage,39.6,0.65,-3.24,2024,11,-0.08181818181818182
12204,2024-11-21,Priya Nair,North,Technology,Phones,203.55,0.11171727320034222,48.47,2024,11,0.23812331122574304
12205,2024-11-09,Priya Nair,North,Technology,Machines,370.31,0.22174819100098586,19.61,2024,11,0.05295563176797818
12206,2024-11-07,Priya Nair,North,Office Supplies,Art,80.33,0.10841279396184626,24.44,2024,11,0.3042449894186481
12207,2024-11-21,Priya Nair,North,Technology,Phones,175.39,0.4104581463745564,-14.44,2024,11,-0.08233080563316039
12208,2024-11-06,Priya Nair,North,Office Supplies,Binders,71.62,0.4581306539961142,-2.08,2024,11,-0.029042166992460205
12209,2024-11-21,Priya Nair,North,Furniture,Bookcases,98.51,0.10008882817090332,8.57,2024,11,0.08699624403613847
12210,2024-11-23,Priya Nair,North,Office Supplies,Art,119.64,0.5088850143994226,-2.54,2024,11,-0.021230357739886324
12211,2024-11-09,Priya Nair,North,Furniture,Bookcases,296.59,0.5142727854392023,-65.69,2024,11,-0.2214842037830001
12212,2024-11-13,Priya Nair,North,Technology,Phones,235.42,0.11362619352527989,26.38,2024,11,0.11205505054795685
12213,2024-11-07,Priya Nair,North,Office Supplies,Paper,146.85,0.1331759245502355,22.56,2024,11,0.15362614913176711
12214,2024-11-15,Rahul Jadhav,West,Office Supplies,Paper,93.4,0.09404116946377297,14.2,2024,11,0.15203426124197
12215,2024-11-06,Rahul Jadhav,West,Furniture,Chairs,113.22,0.08817321195467935,5.86,2024,11,0.05175763999293411
12216,2024-11-01,Rahul Jadhav,West,Technology,Phones,370.03,0.09898225767490273,51.05,2024,11,0.1379617868821447
12217,2024-11-21,Rahul Jadhav,West,Technology,Accessories,366.11,0.5563301721394033,-51.37,2024,11,-0.14031302067684576
12218,2024-11-21,Rahul Jadhav,West,Technology,Phones,88.33,0.3687720087917544,-6.41,2024,11,-0.07256877618023322
12219,2024-11-20,Rahul Jadhav,West,Furniture,Bookcases,161.06,0.07465605766994433,14.92,2024,11,0.09263628461442941
12220,2024-11-22,Rahul Jadhav,West,Office Supplies,Paper,115.63,0.2914641340687099,7.1,2024,11,0.061402750151344804
12221,2024-11-22,Rahul Jadhav,West,Furniture,Bookcases,147.75,0.07625332710668435,18.11,2024,11,0.12257191201353637
12222,2024-11-07,Rahul Jadhav,West,Office Supplies,Paper,35.18,0.06210522727034787,6.78,2024,11,0.19272313814667424
12223,2024-11-08,Rahul Jadhav,West,Technology,Accessories,208.68,0.2865861281805689,-2.91,2024,11,-0.013944795859689477
12224,2024-11-17,Rahul Jadhav,West,Technology,Phones,76.22,0.09848422000096348,7.54,2024,11,0.09892416688533194
12225,2024-11-03,Rahul Jadhav,West,Office Supplies,Storage,47.15,0.09603366277047072,10.9,2024,11,0.23117709437963946
12226,2024-11-26,Rahul Jadhav,West,Furniture,Chairs,464.96,0.20517567579360604,-25.09,2024,11,-0.053961631108052306
12227,2024-11-05,Rahul Jadhav,West,Technology,Machines,323.27,0.2445023355369746,10.27,2024,11,0.031769109413184025
12228,2024-11-18,Rahul Jadhav,West,Office Supplies,Storage,255.83,0.07670929475923417,46.84,2024,11,0.18309033342453973
12229,2024-11-05,Meera Singh,Central,Office Supplies,Art,74.93,0.30937991851194296,0.95,2024,11,0.012678499933271052
12230,2024-11-09,Meera Singh,Central,Furniture,Bookcases,268.66,0.2105777479484373,-13.65,2024,11,-0.05080771235018238
12231,2024-11-01,Meera Singh,Central,Furniture,Tables,108.84,0.1454149597675123,6.46,2024,11,0.059353178978316795
12232,2024-11-04,Meera Singh,Central,Furniture,Chairs,182.98,0.18485813493092818,8.85,2024,11,0.04836594163296535
12233,2024-11-19,Meera Singh,Central,Furniture,Bookcases,204.98,0.03079735362824206,23.38,2024,11,0.114059908283735
12234,2024-11-23,Meera Singh,Central,Office Supplies,Paper,136.02,0.350364254628436,12.4,2024,11,0.09116306425525658
12235,2024-11-21,Meera Singh,Central,Office Supplies,Paper,71.19,0.1911414168407697,6.07,2024,11,0.08526478437982864
12236,2024-11-08,Meera Singh,Central,Office Supplies,Art,29.19,0.2497408478845159,-0.08,2024,11,-0.0027406646111682084
12237,2024-11-25,Meera Singh,Central,Office Supplies,Paper,38.35,0.2020017896659867,3.64,2024,11,0.09491525423728814
12238,2024-11-12,Meera Singh,Central,Technology,Accessories,471.11,0.3345809417688184,4.17,2024,11,0.008851435970367855
12239,2024-11-01,Meera Singh,Central,Technology,Phones,253.71,0.18920693276598521,18.27,2024,11,0.07201135154310039
12240,2024-11-22,Meera Singh,Central,Technology,Phones,256.47,0.25917003377697667,-5.77,2024,11,-0.02249775802238078
12241,2024-11-20,Meera Singh,Central,Furniture,Chairs,155.78,0.167825478969022,-0.05,2024,11,-0.0003209654641160611
12242,2024-12-07,Aarav Sharma,West,Technology,Phones,126.94,0.3007574339721925,19.72,2024,12,0.1553489837718607
12243,2024-12-18,Aarav Sharma,West,Technology,Machines,573.31,0.1250502865124768,49.73,2024,12,0.08674190228672098
12244,2024-12-18,Aarav Sharma,West,Technology,Machines,120.96,0.15650544864574162,19.23,2024,12,0.15897817460317462
12245,2024-12-05,Aarav Sharma,West,Technology,Machines,254.28,0.17535673289777495,26.87,2024,12,0.10567091395312254
12246,2024-12-16,Aarav Sharma,West,Technology,Machines,115.93,0.32194892134038866,1.44,2024,12,0.012421288708703527
12247,2024-12-03,Aarav Sharma,West,Office Supplies,Paper,80.61,0.26716220629555393,10.93,2024,12,0.13559111772732912
12248,2024-12-05,Aarav Sharma,West,Office Supplies,Paper,110.95,0.415046063750715,4.99,2024,12,0.04497521406038756
12249,2024-12-01,Aarav Sharma,West,Technology,Machines,68.34,0.18146973425615948,3.29,2024,12,0.04814164471758853
12250,2024-12-24,Aarav Sharma,West,Technology,Machines,200.85,0.43135842748491504,-11.17,2024,12,-0.05561364202140901
12251,2024-12-20,Aarav Sharma,West,Furniture,Chairs,122.18,0.24444508765325076,8.12,2024,12,0.06645932231134391
12252,2024-12-22,Aarav Sharma,West,Furniture,Bookcases,143.01,0.11575408577953582,10.02,2024,12,0.07006503041745332
12253,2024-12-17,Aarav Sharma,West,Technology,Machines,269.03,0.11185992193493675,29.52,2024,12,0.10972753967958965
12254,2024-12-04,Aarav Sharma,West,Office Supplies,Binders,28.63,0.24483892032311813,2.16,2024,12,0.07544533705902899
12255,2024-12-25,Aarav Sharma,West,Furniture,Tables,234.78,0.23271574429045375,-8.33,2024,12,-0.035480023852116876
12256,2024-12-04,Aarav Sharma,West,Office Supplies,Storage,47.03,0.32777510572779045,3.89,2024,12,0.0827131618116096
12257,2024-12-13,Aarav Sharma,West,Office Supplies,Binders,150.28,0.21937492691228458,27.42,2024,12,0.18245940910300773
12258,2024-12-04,Aarav Sharma,West,Furniture,Bookcases,363.72,0.12647758335994497,26.56,2024,12,0.07302320466292751
12259,2024-12-07,Aarav Sharma,West,Technology,Machines,85.34,0.2732969168174965,8.52,2024,12,0.09983595031638152
12260,2024-12-16,Aarav Sharma,West,Office Supplies,Art,62.74,0.27420415851912383,8.31,2024,12,0.13245138667516737
12261,2024-12-14,Aarav Sharma,West,Technology,Accessories,166.98,0.3409647881853071,4.9,2024,12,0.029344831716373223
12262,2024-12-15,Aarav Sharma,West,Office Supplies,Paper,105.05,0.02247849441042219,13.88,2024,12,0.1321275583055688
12263,2024-12-21,Aarav Sharma,West,Office Supplies,Paper,94.52,0.2481956952904828,11.15,2024,12,0.1179644519678375
12264,2024-12-27,Aarav Sharma,West,Technology,Machines,89.8,0.28993955538299315,0.26,2024,12,0.0028953229398663697
12265,2024-12-22,Ananya Patil,West,Technology,Phones,240.82,0.17534941694198275,10.81,2024,12,0.044888298314093515
12266,2024-12-11,Ananya Patil,West,Furniture,Chairs,163.41,0.28908056664742837,-7.93,2024,12,-0.04852824184566428
12267,2024-12-19,Ananya Patil,West,Office Supplies,Storage,66.59,0.2652778692922645,1.05,2024,12,0.015768133353356358
12268,2024-12-12,Ananya Patil,West,Office Supplies,Storage,136.38,0.23566753532982684,21.0,2024,12,0.15398152221733394
12269,2024-12-09,Ananya Patil,West,Furniture,Bookcases,213.76,0.25907350164229676,-5.59,2024,12,-0.026150823353293412
12270,2024-12-02,Ananya Patil,West,Furniture,Tables,121.16,0.3597890240923891,-13.89,2024,12,-0.11464179597226808
12271,2024-12-11,Ananya Patil,West,Technology,Phones,230.6,0.018785400883123804,44.73,2024,12,0.19397224631396356
12272,2024-12-12,Ananya Patil,West,Furniture,Tables,151.53,0.09950115572335409,13.03,2024,12,0.08598957302184386
12273,2024-12-20,Ananya Patil,West,Office Supplies,Storage,66.05,0.06981084412021193,13.6,2024,12,0.20590461771385316
12274,2024-12-08,Ananya Patil,West,Technology,Machines,390.6,0.11474390971087567,47.32,2024,12,0.12114695340501791
12275,2024-12-24,Ananya Patil,West,Office Supplies,Art,162.88,0.364955828520383,4.33,2024,12,0.026583988212180748
12276,2024-12-24,Ananya Patil,West,Technology,Phones,336.52,0.06461814500796521,37.58,2024,12,0.11167241174372994
12277,2024-12-21,Ananya Patil,West,Technology,Machines,207.66,0.05814013528275843,35.69,2024,12,0.1718674756814023
12278,2024-12-18,Ananya Patil,West,Office Supplies,Storage,113.56,0.6045806799436932,-15.62,2024,12,-0.13754843254667135
12279,2024-12-15,Ananya Patil,West,Technology,Accessories,228.55,0.23159316262898724,8.97,2024,12,0.039247429446510614
12280,2024-12-24,Ananya Patil,West,Office Supplies,Storage,80.77,0.20779040920546474,4.14,2024,12,0.05125665469852668
12281,2024-12-18,Ananya Patil,West,Furniture,Chairs,152.18,0.20079811015468407,-3.23,2024,12,-0.02122486529110264
12282,2024-12-12,Ananya Patil,West,Technology,Accessories,163.89,0.1758977365901842,6.54,2024,12,0.03990481420464946
12283,2024-12-23,Ananya Patil,West,Furniture,Chairs,294.85,0.0681170464559698,20.62,2024,12,0.06993386467695438
12284,2024-12-09,Ananya Patil,West,Furniture,Bookcases,139.48,0.12556151941227042,10.48,2024,12,0.07513622024663034
12285,2024-12-16,Rohan Deshmukh,Central,Furniture,Bookcases,162.07,0.3645037498358314,3.85,2024,12,0.02375516752020732
12286,2024-12-24,Rohan Deshmukh,Central,Office Supplies,Binders,58.92,0.12483135066083957,4.32,2024,12,0.07331975560081466
12287,2024-12-19,Rohan Deshmukh,Central,Furniture,Bookcases,69.01,0.13982129796612489,1.01,2024,12,0.014635560063758874
12288,2024-12-02,Rohan Deshmukh,Central,Technology,Machines,173.42,0.4542641371916506,-0.97,2024,12,-0.005593357167570061
12289,2024-12-15,Rohan Deshmukh,Central,Furniture,Bookcases,259.73,0.031244674093048177,15.98,2024,12,0.06152543025449505
12290,2024-12-24,Rohan Deshmukh,Central,Furniture,Chairs,680.86,0.14715567304885885,61.8,2024,12,0.09076755867579238
12291,2024-12-25,Rohan Deshmukh,Central,Furniture,Bookcases,128.18,0.37678338534766315,-21.92,2024,12,-0.17100951786550164
12292,2024-12-12,Rohan Deshmukh,Central,Office Supplies,Paper,44.27,0.23515627916425277,4.23,2024,12,0.09555003388299074
12293,2024-12-07,Rohan Deshmukh,Central,Technology,Phones,273.89,0.27181605338278225,6.25,2024,12,0.022819380043082992
12294,2024-12-07,Rohan Deshmukh,Central,Office Supplies,Binders,330.68,0.15970167461391543,44.35,2024,12,0.1341175759041974
12295,2024-12-05,Rohan Deshmukh,Central,Furniture,Tables,105.81,0.26354177725466077,-7.94,2024,12,-0.07504016633588508
12296,2024-12-01,Rohan Deshmukh,Central,Furniture,Tables,79.8,0.48963313241772166,-18.77,2024,12,-0.23521303258145362
12297,2024-12-19,Rohan Deshmukh,Central,Furniture,Bookcases,155.11,0.1398546241808518,-2.17,2024,12,-0.013990071562117205
12298,2024-12-25,Rohan Deshmukh,Central,Office Supplies,Paper,102.04,0.0400553340262346,27.48,2024,12,0.26930615444923556
12299,2024-12-05,Rohan Deshmukh,Central,Office Supplies,Art,67.56,0.11260160314856135,3.22,2024,12,0.04766133806986383
12300,2024-12-06,Rohan Deshmukh,Central,Technology,Accessories,105.31,0.16959251169226783,7.58,2024,12,0.07197796980343747
12301,2024-12-02,Rohan Deshmukh,Central,Technology,Accessories,107.28,0.09757056630477297,28.65,2024,12,0.2670581655480984
12302,2024-12-02,Rohan Deshmukh,Central,Technology,Phones,211.45,0.18014705081287355,5.53,2024,12,0.026152754788366046
12303,2024-12-24,Rohan Deshmukh,Central,Office Supplies,Storage,52.29,0.059009638767950866,11.36,2024,12,0.21724995218971122
12304,2024-12-18,Rohan Deshmukh,Central,Technology,Phones,142.53,0.1989230528829482,14.84,2024,12,0.1041184312074651
12305,2024-12-26,Rohan Deshmukh,Central,Technology,Machines,446.77,0.0853884241042112,70.28,2024,12,0.1573068916892361
12306,2024-12-06,Rohan Deshmukh,Central,Technology,Accessories,175.11,0.22668619746620602,24.27,2024,12,0.13859859516875106
12307,2024-12-21,Rohan Deshmukh,Central,Furniture,Tables,537.45,0.2260780883353128,27.88,2024,12,0.051874592985393986
12308,2024-12-09,Isha Kulkarni,Central,Office Supplies,Paper,79.02,0.07872116987089318,13.56,2024,12,0.1716021260440395
12309,2024-12-20,Isha Kulkarni,Central,Technology,Phones,73.37,0.20284794540493484,1.39,2024,12,0.01894507291808641
12310,2024-12-16,Isha Kulkarni,Central,Technology,Accessories,84.57,0.21603127173222625,10.33,2024,12,0.12214733356982382
12311,2024-12-14,Isha Kulkarni,Central,Office Supplies,Binders,152.43,0.181315361975645,18.41,2024,12,0.12077674998359902
12312,2024-12-02,Isha Kulkarni,Central,Furniture,Chairs,195.9,0.023439331894218516,27.96,2024,12,0.1427258805513017
12313,2024-12-14,Isha Kulkarni,Central,Technology,Accessories,291.07,0.2118937313165821,31.88,2024,12,0.10952691792352355
12314,2024-12-05,Isha Kulkarni,Central,Furniture,Chairs,209.64,0.27199377319817564,-4.72,2024,12,-0.022514787254340776
12315,2024-12-20,Isha Kulkarni,Central,Technology,Machines,187.66,0.07920119009250831,23.34,2024,12,0.12437386763295322
12316,2024-12-25,Isha Kulkarni,Central,Office Supplies,Art,47.58,0.05378659886002374,1.74,2024,12,0.036569987389659525
12317,2024-12-14,Isha Kulkarni,Central,Technology,Accessories,144.3,0.19908510562359896,14.12,2024,12,0.09785169785169784
12318,2024-12-06,Isha Kulkarni,Central,Technology,Phones,271.29,0.30114885104482275,-1.72,2024,12,-0.006340078882376792
12319,2024-12-08,Isha Kulkarni,Central,Technology,Accessories,499.83,0.028459791525203712,105.38,2024,12,0.21083168277214254
12320,2024-12-06,Isha Kulkarni,Central,Technology,Accessories,88.1,0.057261475647899435,20.87,2024,12,0.23688989784335984
12321,2024-12-17,Isha Kulkarni,Central,Technology,Accessories,99.12,0.44422523737375885,-1.01,2024,12,-0.010189669087974172
12322,2024-12-08,Isha Kulkarni,Central,Technology,Machines,375.89,0.025836746060171823,54.3,2024,12,0.14445715501875547
12323,2024-12-10,Isha Kulkarni,Central,Office Supplies,Art,94.98,0.1023741627745063,15.84,2024,12,0.16677195198989261
12324,2024-12-22,Isha Kulkarni,Central,Office Supplies,Paper,69.29,0.25944129329735444,3.29,2024,12,0.04748159907634579
12325,2024-12-13,Isha Kulkarni,Central,Technology,Phones,132.71,0.27520383912300794,0.79,2024,12,0.005952829477808756
12326,2024-12-16,Isha Kulkarni,Central,Furniture,Tables,211.99,0.348083063256406,-16.29,2024,12,-0.07684324732298693
12327,2024-12-26,Isha Kulkarni,Central,Office Supplies,Paper,189.64,0.23984542757644006,7.85,2024,12,0.041394220628559374
12328,2024-12-19,Isha Kulkarni,Central,Furniture,Bookcases,114.43,0.3371934880218625,-2.81,2024,12,-0.02455649742200472
12329,2024-12-15,Vikram Joshi,East,Furniture,Bookcases,265.66,0.293048841751363,-3.62,2024,12,-0.01362643981028382
12330,2024-12-07,Vikram Joshi,East,Technology,Machines,200.28,0.01661615321012053,33.24,2024,12,0.16596764529658478
12331,2024-12-07,Vikram Joshi,East,Office Supplies,Binders,38.0,0.2350414830304241,0.61,2024,12,0.016052631578947367
12332,2024-12-08,Vikram Joshi,East,Technology,Accessories,322.02,0.4716796520933148,-27.34,2024,12,-0.08490155890938451
12333,2024-12-07,Vikram Joshi,East,Technology,Machines,128.49,0.1545118370470797,13.14,2024,12,0.10226476768620126
12334,2024-12-08,Vikram Joshi,East,Technology,Accessories,120.05,0.19323649216304575,7.4,2024,12,0.06164098292378176
12335,2024-12-22,Vikram Joshi,East,Office Supplies,Binders,72.22,0.22831347334298677,16.46,2024,12,0.22791470506784825
12336,2024-12-20,Vikram Joshi,East,Furniture,Bookcases,196.92,0.03298421129684231,17.24,2024,12,0.08754824294129596
12337,2024-12-04,Vikram Joshi,East,Office Supplies,Storage,61.8,0.10723314737159406,17.17,2024,12,0.27783171521035605
12338,2024-12-06,Vikram Joshi,East,Technology,Machines,248.12,0.13739142184127814,36.74,2024,12,0.14807351281637918
12339,2024-12-26,Vikram Joshi,East,Furniture,Chairs,153.47,0.2084922272309886,0.44,2024,12,0.0028670098390564933
12340,2024-12-15,Vikram Joshi,East,Technology,Accessories,92.21,0.6473649993424218,-15.78,2024,12,-0.17113111376206486
12341,2024-12-12,Vikram Joshi,East,Furniture,Chairs,120.22,0.08014770149946593,16.57,2024,12,0.13783064381966395
12342,2024-12-24,Vikram Joshi,East,Office Supplies,Paper,77.8,0.15309021925585958,7.99,2024,12,0.10269922879177379
12343,2024-12-22,Vikram Joshi,East,Furniture,Tables,98.22,0.04316878902662994,9.88,2024,12,0.10059051109753615
12344,2024-12-26,Vikram Joshi,East,Technology,Accessories,195.57,0.423317805911021,-1.07,2024,12,-0.005471186787339572
12345,2024-12-08,Vikram Joshi,East,Furniture,Tables,186.08,0.20795027767186844,4.36,2024,12,0.02343078245915735
12346,2024-12-19,Sneha More,East,Furniture,Tables,397.42,0.23889791987766254,-13.03,2024,12,-0.03278647274923255
12347,2024-12-24,Sneha More,East,Office Supplies,Paper,71.34,0.1910186876065029,6.84,2024,12,0.09587888982338098
12348,2024-12-13,Sneha More,East,Furniture,Chairs,112.58,0.34392233017191237,-5.69,2024,12,-0.05054183691597087
12349,2024-12-11,Sneha More,East,Office Supplies,Art,55.08,0.02028382023938191,11.71,2024,12,0.21259985475671753
12350,2024-12-10,Sneha More,East,Furniture,Chairs,95.09,0.10701209986424876,8.64,2024,12,0.09086128930486907
12351,2024-12-06,Sneha More,East,Technology,Machines,150.45,0.013573597215057211,15.69,2024,12,0.10428713858424726
12352,2024-12-25,Sneha More,East,Furniture,Bookcases,122.15,0.3809249951647586,-12.99,2024,12,-0.10634465820712238
12353,2024-12-05,Sneha More,East,Furniture,Bookcases,198.62,0.20852634305078394,-5.04,2024,12,-0.02537508810794482
12354,2024-12-10,Sneha More,East,Technology,Phones,119.23,0.2035975927201242,9.54,2024,12,0.08001341944141574
12355,2024-12-07,Sneha More,East,Technology,Accessories,164.37,0.0917572131154263,17.56,2024,12,0.10683214698545962
12356,2024-12-21,Sneha More,East,Office Supplies,Storage,12.27,0.2265765824475834,0.48,2024,12,0.039119804400977995
12357,2024-12-19,Sneha More,East,Office Supplies,Paper,36.34,0.32036844641457457,0.49,2024,12,0.013483764446890477
12358,2024-12-06,Sneha More,East,Office Supplies,Storage,35.49,0.39939983590392464,-3.5,2024,12,-0.09861932938856015
12359,2024-12-19,Sneha More,East,Furniture,Chairs,196.71,0.032617338365241035,16.55,2024,12,0.08413400437191805
12360,2024-12-07,Sneha More,East,Furniture,Tables,581.11,0.20319064934219286,21.95,2024,12,0.037772538762024396
12361,2024-12-13,Sneha More,East,Office Supplies,Art,160.19,0.41444621066820125,0.26,2024,12,0.001623072601285973
12362,2024-12-08,Aditya Shah,South,Technology,Machines,55.93,0.08178542573711574,6.66,2024,12,0.11907741820132309
12363,2024-12-22,Aditya Shah,South,Technology,Phones,319.81,0.3717692811956529,1.33,2024,12,0.004158719239548482
12364,2024-12-27,Aditya Shah,South,Technology,Phones,221.1,0.16597294786694186,18.99,2024,12,0.08588873812754409
12365,2024-12-11,Aditya Shah,South,Furniture,Bookcases,200.22,0.2747697756253887,-3.42,2024,12,-0.017081210668264908
12366,2024-12-22,Aditya Shah,South,Furniture,Chairs,228.0,0.24551839734401526,-10.18,2024,12,-0.04464912280701754
12367,2024-12-15,Aditya Shah,South,Office Supplies,Art,22.27,0.12139540918138036,3.36,2024,12,0.15087561742254152
12368,2024-12-02,Aditya Shah,South,Office Supplies,Binders,71.26,0.056736202492822144,12.98,2024,12,0.18214987370193655
12369,2024-12-07,Aditya Shah,South,Furniture,Tables,95.94,0.026601990839257156,10.94,2024,12,0.11402960183447988
12370,2024-12-24,Aditya Shah,South,Technology,Accessories,370.31,0.08602621800525218,71.08,2024,12,0.19194728740784747
12371,2024-12-18,Aditya Shah,South,Technology,Phones,213.04,0.04687691041898434,24.46,2024,12,0.11481411941419453
12372,2024-12-12,Aditya Shah,South,Furniture,Bookcases,72.41,0.328761841831589,-4.72,2024,12,-0.06518436680016572
12373,2024-12-23,Aditya Shah,South,Technology,Accessories,262.88,0.25089847625669687,11.26,2024,12,0.04283323189287888
12374,2024-12-17,Aditya Shah,South,Office Supplies,Paper,51.08,0.40242915159907017,4.65,2024,12,0.09103367267032107
12375,2024-12-05,Aditya Shah,South,Furniture,Bookcases,243.77,0.029232775660451106,24.44,2024,12,0.10025844033310087
12376,2024-12-03,Aditya Shah,South,Technology,Machines,207.43,0.15698467753701822,27.1,2024,12,0.1306464831509425
12377,2024-12-18,Aditya Shah,South,Technology,Machines,308.55,0.022487450704749314,52.83,2024,12,0.17122022362664072
12378,2024-12-16,Aditya Shah,South,Furniture,Chairs,148.35,0.19586735461536592,8.44,2024,12,0.056892483990562855
12379,2024-12-24,Aditya Shah,South,Office Supplies,Art,96.07,0.2144719538702123,5.26,2024,12,0.05475174352034975
12380,2024-12-17,Neha Pawar,South,Office Supplies,Binders,93.96,0.3711197654293888,3.4,2024,12,0.036185610898254575
12381,2024-12-13,Neha Pawar,South,Technology,Phones,509.69,0.30307168456788075,19.05,2024,12,0.03737565971472856
12382,2024-12-19,Neha Pawar,South,Furniture,Tables,74.18,0.12355689007720826,3.12,2024,12,0.042059854408196276
12383,2024-12-06,Neha Pawar,South,Office Supplies,Paper,22.17,0.12582370043329588,4.18,2024,12,0.18854307622913843
12384,2024-12-12,Neha Pawar,South,Furniture,Tables,195.76,0.27182756974174727,-1.73,2024,12,-0.008837351859419697
12385,2024-12-07,Neha Pawar,South,Technology,Machines,1475.71,0.04442011912626692,267.37,2024,12,0.1811805842611353
12386,2024-12-19,Neha Pawar,South,Technology,Machines,184.92,0.20786932988546714,28.67,2024,12,0.15504001730478045
12387,2024-12-08,Neha Pawar,South,Furniture,Bookcases,113.29,0.200786979882777,3.08,2024,12,0.027186865566245916
12388,2024-12-03,Neha Pawar,South,Furniture,Bookcases,103.23,0.05696133485025935,8.62,2024,12,0.08350285769640607
12389,2024-12-17,Neha Pawar,South,Office Supplies,Storage,87.98,0.4053860950233583,0.74,2024,12,0.00841100250056831
12390,2024-12-15,Neha Pawar,South,Furniture,Chairs,148.56,0.3301805079739565,-8.24,2024,12,-0.05546580506192784
12391,2024-12-07,Neha Pawar,South,Office Supplies,Art,53.41,0.260084645029127,2.1,2024,12,0.039318479685452164
12392,2024-12-17,Neha Pawar,South,Office Supplies,Binders,63.34,0.11344670206818835,14.19,2024,12,0.22402904957372907
12393,2024-12-22,Neha Pawar,South,Office Supplies,Paper,169.86,0.12249138685171254,24.08,2024,12,0.1417638054868715
12394,2024-12-27,Neha Pawar,South,Furniture,Tables,263.84,0.2411277633896789,-2.29,2024,12,-0.008679502728926623
12395,2024-12-13,Neha Pawar,South,Office Supplies,Storage,41.75,0.36677562227463645,-3.71,2024,12,-0.0888622754491018
12396,2024-12-06,Neha Pawar,South,Technology,Machines,60.99,0.3054801589220017,0.13,2024,12,0.002131496966715855
12397,2024-12-22,Neha Pawar,South,Technology,Phones,277.24,0.25607522400237226,23.72,2024,12,0.08555763959024672
12398,2024-12-17,Neha Pawar,South,Technology,Accessories,232.68,0.3327405793565381,-3.66,2024,12,-0.015729757607013926
12399,2024-12-07,Neha Pawar,South,Furniture,Chairs,289.85,0.38465150897174194,-27.19,2024,12,-0.09380714162497844
12400,2024-12-06,Neha Pawar,South,Office Supplies,Binders,115.34,0.21343536040214897,17.02,2024,12,0.1475637246401942
12401,2024-12-20,Kunal Mehta,North,Furniture,Bookcases,205.24,0.20568565764304705,-2.99,2024,12,-0.014568310270902359
12402,2024-12-12,Kunal Mehta,North,Furniture,Chairs,286.33,0.42518010849924265,-48.99,2024,12,-0.17109628750043657
12403,2024-12-07,Kunal Mehta,North,Office Supplies,Art,88.82,0.19018627592124732,19.89,2024,12,0.22393605043909032
12404,2024-12-17,Kunal Mehta,North,Furniture,Tables,56.29,0.4078903838921214,-11.24,2024,12,-0.19968022739385327
12405,2024-12-12,Kunal Mehta,North,Technology,Phones,773.52,0.3861279075476563,-6.47,2024,12,-0.008364360326817664
12406,2024-12-19,Kunal Mehta,North,Technology,Machines,70.39,0.14347308932323552,10.83,2024,12,0.153857081971871
12407,2024-12-08,Kunal Mehta,North,Technology,Machines,123.39,0.15805461315464864,19.73,2024,12,0.1598995056325472
12408,2024-12-22,Kunal Mehta,North,Furniture,Bookcases,243.89,0.3560008931487768,-16.92,2024,12,-0.06937553815244578
12409,2024-12-10,Kunal Mehta,North,Technology,Phones,62.98,0.13908284743015245,5.11,2024,12,0.0811368688472531
12410,2024-12-25,Kunal Mehta,North,Technology,Machines,122.3,0.023284158248542304,23.86,2024,12,0.19509403107113654
12411,2024-12-09,Kunal Mehta,North,Office Supplies,Storage,90.2,0.3254883851854283,5.85,2024,12,0.06485587583148558
12412,2024-12-16,Kunal Mehta,North,Office Supplies,Storage,70.69,0.041135800165174846,17.96,2024,12,0.2540670533314472
12413,2024-12-20,Kunal Mehta,North,Office Supplies,Binders,147.28,0.1499850009310204,20.81,2024,12,0.14129549158066268
12414,2024-12-19,Kunal Mehta,North,Furniture,Bookcases,155.24,0.3363804289490805,-16.58,2024,12,-0.10680237052306105
12415,2024-12-20,Kunal Mehta,North,Furniture,Chairs,50.46,0.43839520903107215,-8.51,2024,12,-0.1686484344034879
12416,2024-12-05,Kunal Mehta,North,Technology,Phones,175.6,0.04499524394134172,47.63,2024,12,0.27124145785876996
12417,2024-12-23,Kunal Mehta,North,Office Supplies,Binders,75.33,0.15532996735394344,12.24,2024,12,0.16248506571087218
12418,2024-12-10,Kunal Mehta,North,Furniture,Chairs,81.24,0.38961568286147324,-7.75,2024,12,-0.09539635647464303
12419,2024-12-02,Kunal Mehta,North,Furniture,Chairs,61.53,0.19158418845485756,0.85,2024,12,0.013814399479928489
12420,2024-12-15,Kunal Mehta,North,Furniture,Chairs,285.37,0.11963683632975708,24.73,2024,12,0.08665942460665102
12421,2024-12-18,Kunal Mehta,North,Furniture,Tables,177.67,0.18400422499595337,-5.31,2024,12,-0.02988686891427928
12422,2024-12-02,Kunal Mehta,North,Furniture,Bookcases,257.74,0.11454756311787544,18.82,2024,12,0.07301932179715993
12423,2024-12-19,Priya Nair,North,Technology,Accessories,418.94,0.10134601899513544,76.81,2024,12,0.18334367689883993
12424,2024-12-12,Priya Nair,North,Office Supplies,Paper,44.54,0.17472855927834863,11.55,2024,12,0.2593174674449933
12425,2024-12-01,Priya Nair,North,Technology,Machines,239.59,0.13357875697864965,37.09,2024,12,0.15480612713385367
12426,2024-12-09,Priya Nair,North,Technology,Machines,131.65,0.1374121864388513,15.76,2024,12,0.11971135586783137
12427,2024-12-02,Priya Nair,North,Office Supplies,Art,66.15,0.32242198965235996,6.22,2024,12,0.09402872260015116
12428,2024-12-13,Priya Nair,North,Office Supplies,Binders,114.03,0.26011846637800545,14.99,2024,12,0.13145663421906517
12429,2024-12-01,Priya Nair,North,Furniture,Tables,218.27,0.31454384798515916,-15.99,2024,12,-0.07325789160214413
12430,2024-12-20,Priya Nair,North,Furniture,Chairs,452.85,0.3016841158292766,-38.0,2024,12,-0.08391299547311472
12431,2024-12-26,Priya Nair,North,Furniture,Chairs,131.36,0.05395605234096072,20.8,2024,12,0.15834348355663824
12432,2024-12-27,Priya Nair,North,Office Supplies,Paper,47.12,0.052308655567804375,7.37,2024,12,0.15640916808149408
12433,2024-12-14,Priya Nair,North,Office Supplies,Storage,31.83,0.22698732495377041,-3.32,2024,12,-0.10430411561420044
12434,2024-12-24,Priya Nair,North,Office Supplies,Storage,77.06,0.37861063229722425,0.63,2024,12,0.008175447703088503
12435,2024-12-24,Priya Nair,North,Furniture,Tables,596.83,0.04247138174547691,76.88,2024,12,0.12881390010555768
12436,2024-12-06,Priya Nair,North,Office Supplies,Storage,91.69,0.5409597706774837,-0.61,2024,12,-0.006652852001308758
12437,2024-12-13,Priya Nair,North,Office Supplies,Paper,138.0,0.16488489329715605,15.48,2024,12,0.11217391304347826
12438,2024-12-07,Priya Nair,North,Technology,Machines,323.32,0.183462473043682,13.1,2024,12,0.040517134727205244
12439,2024-12-27,Rahul Jadhav,West,Technology,Accessories,309.72,0.0041166889235499235,49.5,2024,12,0.1598217745060054
12440,2024-12-23,Rahul Jadhav,West,Office Supplies,Storage,110.4,0.1195440942908957,8.51,2024,12,0.07708333333333332
12441,2024-12-01,Rahul Jadhav,West,Technology,Machines,189.26,0.28306474465072595,5.67,2024,12,0.029958786854063193
12442,2024-12-03,Rahul Jadhav,West,Office Supplies,Art,75.82,0.08515999520100306,9.5,2024,12,0.12529675547348987
12443,2024-12-10,Rahul Jadhav,West,Technology,Accessories,332.04,0.07349272903566195,55.8,2024,12,0.1680520419226599
12444,2024-12-02,Rahul Jadhav,West,Furniture,Chairs,462.35,0.20865583639654128,11.09,2024,12,0.02398615767275873
12445,2024-12-02,Rahul Jadhav,West,Technology,Accessories,135.35,0.15869736959072778,16.37,2024,12,0.12094569634281493
12446,2024-12-12,Rahul Jadhav,West,Furniture,Bookcases,193.38,0.22940618816171515,1.2,2024,12,0.006205398696866274
12447,2024-12-25,Rahul Jadhav,West,Office Supplies,Binders,82.93,0.21681243891968235,1.92,2024,12,0.02315205595080188
12448,2024-12-03,Rahul Jadhav,West,Furniture,Tables,98.06,0.35876391962785487,-5.07,2024,12,-0.05170303895574138
12449,2024-12-09,Rahul Jadhav,West,Furniture,Chairs,128.44,0.20464761465095369,4.13,2024,12,0.03215509187169106
12450,2024-12-01,Rahul Jadhav,West,Furniture,Tables,50.64,0.10360215065329074,4.05,2024,12,0.07997630331753554
12451,2024-12-27,Rahul Jadhav,West,Technology,Machines,256.57,0.12767005403480727,31.49,2024,12,0.12273453638383287
12452,2024-12-20,Rahul Jadhav,West,Technology,Accessories,104.12,0.16145051232492316,5.92,2024,12,0.056857472147522084
12453,2024-12-07,Rahul Jadhav,West,Furniture,Chairs,329.43,0.4124875974809703,-23.41,2024,12,-0.07106213763166681
12454,2024-12-10,Rahul Jadhav,West,Technology,Accessories,640.93,0.21717883915764627,79.53,2024,12,0.12408531352877851
12455,2024-12-02,Rahul Jadhav,West,Furniture,Bookcases,280.04,0.0919716338322337,27.0,2024,12,0.09641479788601627
12456,2024-12-19,Rahul Jadhav,West,Technology,Phones,100.74,0.06565658911662364,11.2,2024,12,0.11117728806829462
12457,2024-12-23,Meera Singh,Central,Technology,Accessories,254.44,0.15308130719124072,3.1,2024,12,0.012183618927841535
12458,2024-12-06,Meera Singh,Central,Office Supplies,Paper,98.55,0.4040782243333106,-9.94,2024,12,-0.1008625063419584
12459,2024-12-16,Meera Singh,Central,Office Supplies,Paper,75.94,0.0888129815758599,16.59,2024,12,0.21846194363971558
12460,2024-12-23,Meera Singh,Central,Furniture,Bookcases,116.22,0.33493846323074516,-1.08,2024,12,-0.009292720702116676
12461,2024-12-14,Meera Singh,Central,Office Supplies,Paper,70.28,0.07500624336242526,12.99,2024,12,0.18483210017074558
12462,2024-12-13,Meera Singh,Central,Office Supplies,Paper,88.02,0.036477688578680736,15.67,2024,12,0.17802772097250624
12463,2024-12-05,Meera Singh,Central,Office Supplies,Binders,121.3,0.5493258722200611,-8.91,2024,12,-0.07345424567188788
12464,2024-12-14,Meera Singh,Central,Furniture,Tables,233.74,0.23755585973899102,-10.86,2024,12,-0.046461880722169925
12465,2024-12-01,Meera Singh,Central,Office Supplies,Art,111.55,0.20140673897015274,9.08,2024,12,0.0813984760197221
12466,2024-12-01,Meera Singh,Central,Office Supplies,Binders,32.29,0.28331155605929254,1.59,2024,12,0.049241251161350266
12467,2024-12-12,Meera Singh,Central,Office Supplies,Storage,28.22,0.25337227137060775,3.58,2024,12,0.1268603827072998
12468,2024-12-04,Meera Singh,Central,Technology,Accessories,74.81,0.03945809485202407,13.51,2024,12,0.1805908301029274
12469,2024-12-20,Meera Singh,Central,Office Supplies,Paper,22.73,0.2910920810720696,1.97,2024,12,0.08666959964804223
12470,2024-12-24,Meera Singh,Central,Technology,Machines,290.54,0.5607531792156153,-38.49,2024,12,-0.13247745577201073
12471,2025-01-12,Aarav Sharma,West,Furniture,Bookcases,187.4,0.04495969672288519,4.84,2025,1,0.02582710779082177
12472,2025-01-17,Aarav Sharma,West,Technology,Machines,334.65,0.24412867042781092,14.21,2025,1,0.042462274017630364
12473,2025-01-19,Aarav Sharma,West,Office Supplies,Storage,61.83,0.18635921569753033,7.91,2025,1,0.12793142487465634
12474,2025-01-04,Aarav Sharma,West,Technology,Accessories,200.06,0.042827852367865606,32.65,2025,1,0.16320103968809357
12475,2025-01-25,Aarav Sharma,West,Office Supplies,Art,39.84,0.3279195669695215,0.18,2025,1,0.004518072289156626
12476,2025-01-16,Aarav Sharma,West,Office Supplies,Art,69.51,0.6020218011247586,-9.6,2025,1,-0.13810962451445832
12477,2025-01-26,Aarav Sharma,West,Furniture,Tables,90.79,0.18784806182696348,9.76,2025,1,0.10750082608216763
12478,2025-01-13,Aarav Sharma,West,Office Supplies,Storage,97.44,0.25566640556899534,8.54,2025,1,0.08764367816091953
12479,2025-01-01,Aarav Sharma,West,Furniture,Bookcases,202.09,0.2269006787861545,0.92,2025,1,0.004552427136424365
12480,2025-01-17,Aarav Sharma,West,Furniture,Chairs,151.81,0.1578138770800271,-3.45,2025,1,-0.022725775640603386
12481,2025-01-02,Aarav Sharma,West,Furniture,Chairs,249.5,0.07894048833521522,21.79,2025,1,0.08733466933867735
12482,2025-01-01,Aarav Sharma,West,Furniture,Tables,259.6,0.24555093995993604,0.18,2025,1,0.0006933744221879814
12483,2025-01-04,Aarav Sharma,West,Office Supplies,Art,104.48,0.08051819049740118,22.16,2025,1,0.2120980091883614
12484,2025-01-21,Ananya Patil,West,Technology,Machines,230.8,0.01433809519155329,37.75,2025,1,0.16356152512998265
12485,2025-01-25,Ananya Patil,West,Technology,Phones,89.76,0.22096634007898153,14.37,2025,1,0.1600935828877005
12486,2025-01-03,Ananya Patil,West,Office Supplies,Storage,42.8,0.3925595164962429,-5.49,2025,1,-0.1282710280373832
12487,2025-01-04,Ananya Patil,West,Technology,Machines,572.62,0.19321589131062947,52.72,2025,1,0.09206803814047711
12488,2025-01-14,Ananya Patil,West,Furniture,Chairs,221.96,0.20576638957100135,1.99,2025,1,0.008965579383672734
12489,2025-01-20,Ananya Patil,West,Office Supplies,Art,57.71,0.32162838643608666,1.53,2025,1,0.026511869693294058
12490,2025-01-19,Ananya Patil,West,Technology,Phones,180.01,0.41378828275258306,-5.01,2025,1,-0.027831787122937615
12491,2025-01-17,Ananya Patil,West,Technology,Machines,95.94,0.3105367711500841,-2.12,2025,1,-0.022097144048363562
12492,2025-01-01,Ananya Patil,West,Furniture,Tables,65.48,0.34791998110198025,-6.56,2025,1,-0.10018326206475259
12493,2025-01-26,Ananya Patil,West,Furniture,Bookcases,120.06,0.2360659563306007,-6.23,2025,1,-0.05189072130601366
12494,2025-01-07,Ananya Patil,West,Furniture,Chairs,108.71,0.1721684871870192,7.97,2025,1,0.07331432250942875
12495,2025-01-04,Ananya Patil,West,Furniture,Chairs,102.59,0.09460266890608543,10.54,2025,1,0.10273905838775708
12496,2025-01-09,Ananya Patil,West,Office Supplies,Storage,39.43,0.11156881545557303,5.32,2025,1,0.13492264773015472
12497,2025-01-03,Ananya Patil,West,Furniture,Chairs,72.13,0.14129439920285056,1.73,2025,1,0.023984472480244004
12498,2025-01-02,Rohan Deshmukh,Central,Furniture,Tables,190.45,0.05906207537275104,19.64,2025,1,0.10312417957469153
12499,2025-01-24,Rohan Deshmukh,Central,Office Supplies,Art,88.08,0.25409702839313414,13.28,2025,1,0.15077202543142598
12500,2025-01-01,Rohan Deshmukh,Central,Technology,Accessories,158.57,0.29508513009292064,-5.48,2025,1,-0.03455886989972883
12501,2025-01-15,Rohan Deshmukh,Central,Furniture,Bookcases,1035.03,0.2447004027011845,-11.59,2025,1,-0.011197743060587616
12502,2025-01-18,Rohan Deshmukh,Central,Office Supplies,Binders,45.48,0.22283975787572083,2.95,2025,1,0.06486367634124891
12503,2025-01-22,Rohan Deshmukh,Central,Technology,Accessories,116.93,0.13703612969692616,7.04,2025,1,0.06020696142991533
12504,2025-01-01,Rohan Deshmukh,Central,Furniture,Chairs,122.47,0.22401947141897882,-3.79,2025,1,-0.030946354209194088
12505,2025-01-19,Rohan Deshmukh,Central,Technology,Accessories,62.45,0.12868260248593189,7.61,2025,1,0.12185748598879104
12506,2025-01-19,Rohan Deshmukh,Central,Furniture,Chairs,171.53,0.28556492961227503,0.56,2025,1,0.003264735031772868
12507,2025-01-13,Rohan Deshmukh,Central,Technology,Accessories,105.54,0.04294290158136066,19.98,2025,1,0.1893121091529278
12508,2025-01-07,Rohan Deshmukh,Central,Office Supplies,Art,111.3,0.1626790131616292,20.7,2025,1,0.18598382749326145
12509,2025-01-04,Rohan Deshmukh,Central,Office Supplies,Art,56.55,0.03785596570701726,10.4,2025,1,0.18390804597701152
12510,2025-01-16,Rohan Deshmukh,Central,Technology,Accessories,282.65,0.271309082378131,12.96,2025,1,0.045851760127366005
12511,2025-01-23,Isha Kulkarni,Central,Technology,Phones,129.21,0.46929898729783776,-12.68,2025,1,-0.09813481928643293
12512,2025-01-22,Isha Kulkarni,Central,Furniture,Tables,132.75,0.220133975946989,-9.54,2025,1,-0.07186440677966101
12513,2025-01-05,Isha Kulkarni,Central,Office Supplies,Art,138.77,0.057007505227236514,31.24,2025,1,0.22512070332204365
12514,2025-01-07,Isha Kulkarni,Central,Technology,Accessories,449.27,0.20112549061090107,37.58,2025,1,0.08364680481670266
12515,2025-01-27,Isha Kulkarni,Central,Office Supplies,Binders,14.55,0.21466245058270517,0.13,2025,1,0.008934707903780068
12516,2025-01-02,Isha Kulkarni,Central,Office Supplies,Paper,98.98,0.05561721136359547,15.07,2025,1,0.1522529804000808
12517,2025-01-02,Isha Kulkarni,Central,Furniture,Chairs,201.16,0.17429832290424124,-1.85,2025,1,-0.009196659375621396
12518,2025-01-26,Isha Kulkarni,Central,Office Supplies,Art,50.64,0.09293191829148986,8.76,2025,1,0.1729857819905213
12519,2025-01-07,Isha Kulkarni,Central,Furniture,Tables,173.46,0.1448073533335483,10.77,2025,1,0.06208924247665167
12520,2025-01-11,Isha Kulkarni,Central,Furniture,Tables,168.14,0.07976573262036046,9.38,2025,1,0.05578684429641966
12521,2025-01-10,Isha Kulkarni,Central,Technology,Accessories,112.24,0.14030955873282364,15.62,2025,1,0.13916607270135423
12522,2025-01-17,Isha Kulkarni,Central,Technology,Accessories,180.33,0.26459837028480643,14.14,2025,1,0.07841180058781123
12523,2025-01-05,Isha Kulkarni,Central,Furniture,Chairs,247.99,0.6430507225330262,-79.48,2025,1,-0.3204967942255736
12524,2025-01-17,Isha Kulkarni,Central,Furniture,Bookcases,290.5,0.08331420417121273,9.64,2025,1,0.033184165232358
12525,2025-01-12,Isha Kulkarni,Central,Office Supplies,Paper,33.02,0.17309322104746708,4.77,2025,1,0.14445790430042396
12526,2025-01-21,Isha Kulkarni,Central,Technology,Machines,148.51,0.29515562624000785,-2.87,2025,1,-0.019325297959733354
12527,2025-01-16,Isha Kulkarni,Central,Technology,Phones,217.16,0.2696006862990133,-11.35,2025,1,-0.052265610609688706
12528,2025-01-13,Isha Kulkarni,Central,Furniture,Bookcases,698.02,0.09284680233013148,20.83,2025,1,0.02984155181799948
12529,2025-01-15,Isha Kulkarni,Central,Technology,Machines,556.51,0.09572589635708574,79.2,2025,1,0.14231550196761963
12530,2025-01-01,Isha Kulkarni,Central,Office Supplies,Storage,35.28,0.06257586275730605,5.71,2025,1,0.16184807256235828
12531,2025-01-08,Isha Kulkarni,Central,Office Supplies,Paper,135.05,0.2398020972123924,9.74,2025,1,0.07212143650499814
12532,2025-01-01,Vikram Joshi,East,Furniture,Bookcases,192.83,0.06656759883077433,21.43,2025,1,0.11113415962246538
12533,2025-01-21,Vikram Joshi,East,Office Supplies,Art,104.34,0.07450825041782685,25.62,2025,1,0.24554341575618172
12534,2025-01-20,Vikram Joshi,East,Furniture,Bookcases,206.99,0.09157374256927704,9.48,2025,1,0.0457993139765206
12535,2025-01-19,Vikram Joshi,East,Office Supplies,Binders,21.97,0.04549483690570584,7.77,2025,1,0.35366408739189803
12536,2025-01-07,Vikram Joshi,East,Office Supplies,Paper,119.79,0.05087600318111615,14.78,2025,1,0.12338258619250353
12537,2025-01-11,Vikram Joshi,East,Furniture,Chairs,187.53,0.267943166442443,-16.3,2025,1,-0.08691942622513732
12538,2025-01-25,Vikram Joshi,East,Technology,Machines,154.93,0.10642090343196794,11.27,2025,1,0.07274252888401213
12539,2025-01-13,Vikram Joshi,East,Office Supplies,Paper,65.57,0.04171960731969402,19.09,2025,1,0.29113924050632917
12540,2025-01-12,Vikram Joshi,East,Furniture,Bookcases,164.64,0.2950604693596821,-7.43,2025,1,-0.0451287657920311
12541,2025-01-08,Vikram Joshi,East,Technology,Accessories,192.13,0.06968577664298292,18.61,2025,1,0.09686150002602405
12542,2025-01-18,Vikram Joshi,East,Technology,Accessories,212.06,0.21802189654141552,10.37,2025,1,0.04890125436197302
12543,2025-01-14,Vikram Joshi,East,Office Supplies,Paper,49.4,0.20216297903013414,7.43,2025,1,0.15040485829959513
12544,2025-01-26,Vikram Joshi,East,Technology,Phones,39.63,0.03247256843964569,6.9,2025,1,0.17411052233156699
12545,2025-01-27,Vikram Joshi,East,Office Supplies,Art,22.7,0.20257388453231093,0.31,2025,1,0.013656387665198238
12546,2025-01-17,Vikram Joshi,East,Furniture,Chairs,147.2,0.07588370047278127,13.99,2025,1,0.09504076086956523
12547,2025-01-13,Vikram Joshi,East,Technology,Machines,185.27,0.08300161565065094,22.61,2025,1,0.12203810654720137
12548,2025-01-07,Vikram Joshi,East,Furniture,Tables,139.69,0.22457754592980764,-0.91,2025,1,-0.0065144247977664835
12549,2025-01-25,Sneha More,East,Office Supplies,Paper,50.42,0.13373151684245757,8.1,2025,1,0.16065053550178499
12550,2025-01-12,Sneha More,East,Technology,Machines,87.86,0.12136643225626653,1.22,2025,1,0.013885727293421352
12551,2025-01-03,Sneha More,East,Furniture,Chairs,108.99,0.15753324167743338,4.97,2025,1,0.045600513808606295
12552,2025-01-03,Sneha More,East,Technology,Accessories,41.12,0.06654934285313543,4.49,2025,1,0.10919260700389107
12553,2025-01-07,Sneha More,East,Furniture,Tables,106.93,0.023262097079155823,19.11,2025,1,0.17871504722715795
12554,2025-01-08,Sneha More,East,Office Supplies,Paper,21.94,0.4203788104108688,-1.82,2025,1,-0.0829535095715588
12555,2025-01-01,Sneha More,East,Furniture,Tables,137.23,0.10259514454139855,8.13,2025,1,0.05924360562559208
12556,2025-01-14,Sneha More,East,Furniture,Bookcases,69.17,0.08516949725730408,5.89,2025,1,0.08515252276998699
12557,2025-01-23,Sneha More,East,Furniture,Bookcases,70.63,0.22886492164194241,-6.45,2025,1,-0.09132096842701402
12558,2025-01-17,Sneha More,East,Furniture,Chairs,74.89,0.06216731219627397,6.25,2025,1,0.08345573507811457
12559,2025-01-10,Sneha More,East,Furniture,Chairs,188.66,0.13300483593486412,9.08,2025,1,0.04812890914873317
12560,2025-01-07,Sneha More,East,Furniture,Bookcases,59.06,0.03907623708114776,3.13,2025,1,0.05299695225194717
12561,2025-01-14,Sneha More,East,Office Supplies,Storage,60.76,0.3568974509421888,1.06,2025,1,0.017445687952600396
12562,2025-01-24,Sneha More,East,Technology,Accessories,164.03,0.1817279186497615,13.82,2025,1,0.08425288057062733
12563,2025-01-08,Sneha More,East,Furniture,Tables,121.08,0.054693088979747465,18.41,2025,1,0.15204823257350514
12564,2025-01-26,Sneha More,East,Furniture,Bookcases,238.41,0.04091302373242254,35.68,2025,1,0.1496581519231576
12565,2025-01-05,Sneha More,East,Technology,Accessories,409.31,0.2293722818797244,25.36,2025,1,0.06195792919791845
12566,2025-01-13,Sneha More,East,Office Supplies,Art,70.35,0.2472213856579284,6.18,2025,1,0.08784648187633262
12567,2025-01-07,Sneha More,East,Furniture,Tables,181.83,0.24992545248478276,-8.24,2025,1,-0.04531705439146455
12568,2025-01-11,Sneha More,East,Office Supplies,Storage,69.16,0.29445334085023744,-0.86,2025,1,-0.012434933487565067
12569,2025-01-09,Sneha More,East,Furniture,Bookcases,121.58,0.2804085649546517,-3.31,2025,1,-0.027224872511926304
12570,2025-01-06,Sneha More,East,Technology,Accessories,329.26,0.21192401262363966,6.56,2025,1,0.019923464739111947
12571,2025-01-25,Aditya Shah,South,Furniture,Tables,53.2,0.38603751117516516,-5.03,2025,1,-0.09454887218045113
12572,2025-01-11,Aditya Shah,South,Technology,Phones,133.44,0.17297922206424807,23.42,2025,1,0.1755095923261391
12573,2025-01-17,Aditya Shah,South,Furniture,Bookcases,173.13,0.06793324851263369,17.86,2025,1,0.1031594755386126
12574,2025-01-05,Aditya Shah,South,Furniture,Chairs,129.73,0.25648313437215337,0.21,2025,1,0.0016187466276111925
12575,2025-01-10,Aditya Shah,South,Furniture,Bookcases,95.85,0.37663987026638096,-11.19,2025,1,-0.11674491392801252
12576,2025-01-01,Aditya Shah,South,Furniture,Chairs,50.19,0.18620118437379884,0.09,2025,1,0.0017931858936043037
12577,2025-01-12,Aditya Shah,South,Technology,Phones,289.59,0.3916093158311243,-13.49,2025,1,-0.04658310024517422
12578,2025-01-09,Aditya Shah,South,Furniture,Tables,64.4,0.07184441453579819,9.91,2025,1,0.15388198757763974
12579,2025-01-12,Aditya Shah,South,Furniture,Bookcases,354.37,0.022329029803780282,37.12,2025,1,0.10474927335835425
12580,2025-01-19,Aditya Shah,South,Furniture,Tables,48.77,0.31002116047219647,-2.28,2025,1,-0.046750051261021115
12581,2025-01-05,Aditya Shah,South,Furniture,Chairs,134.34,0.3782790127940562,-8.32,2025,1,-0.06193241030221825
12582,2025-01-21,Aditya Shah,South,Furniture,Tables,210.84,0.08825297043722052,12.09,2025,1,0.057342060330108136
12583,2025-01-20,Aditya Shah,South,Furniture,Bookcases,218.13,0.319786764086542,-33.64,2025,1,-0.15421996057396967
12584,2025-01-23,Aditya Shah,South,Office Supplies,Binders,58.83,0.14112472907564116,11.59,2025,1,0.19700832908380078
12585,2025-01-12,Aditya Shah,South,Furniture,Chairs,95.15,0.064023590277252,14.3,2025,1,0.15028901734104047
12586,2025-01-25,Aditya Shah,South,Furniture,Bookcases,144.82,0.21459206049470342,1.82,2025,1,0.012567324955116697
12587,2025-01-06,Aditya Shah,South,Furniture,Bookcases,120.27,0.18653549805553227,4.59,2025,1,0.0381641307059117
12588,2025-01-18,Aditya Shah,South,Furniture,Chairs,212.86,0.11093357252930049,20.64,2025,1,0.09696514140749789
12589,2025-01-18,Aditya Shah,South,Technology,Accessories,1092.96,0.4638458848803847,-80.0,2025,1,-0.0731957253696384
12590,2025-01-26,Aditya Shah,South,Office Supplies,Art,61.87,0.04487259399835547,15.95,2025,1,0.257798609988686
12591,2025-01-20,Neha Pawar,South,Furniture,Bookcases,115.01,0.1281738929287427,-0.56,2025,1,-0.004869141813755326
12592,2025-01-17,Neha Pawar,South,Technology,Machines,214.21,0.5265620283951044,-9.24,2025,1,-0.043135241118528546
12593,2025-01-13,Neha Pawar,South,Furniture,Chairs,190.8,0.4067987950130651,-16.72,2025,1,-0.08763102725366875
12594,2025-01-07,Neha Pawar,South,Technology,Accessories,218.14,0.33879065533825065,-10.0,2025,1,-0.045842119739616764
12595,2025-01-14,Neha Pawar,South,Office Supplies,Storage,47.8,0.17514477967374587,4.79,2025,1,0.10020920502092051
12596,2025-01-08,Neha Pawar,South,Furniture,Chairs,91.55,0.26983439783850716,-0.79,2025,1,-0.008629164391043146
12597,2025-01-27,Neha Pawar,South,Furniture,Chairs,113.24,0.3004292408735487,-1.68,2025,1,-0.014835747085835394
12598,2025-01-09,Neha Pawar,South,Office Supplies,Storage,116.21,0.21172137579213066,12.42,2025,1,0.10687548403751829
12599,2025-01-23,Neha Pawar,South,Technology,Machines,119.51,0.5681971291543306,-11.36,2025,1,-0.09505480712911052
12600,2025-01-04,Neha Pawar,South,Technology,Accessories,105.88,0.35618368916682774,-6.95,2025,1,-0.06564034756327919
12601,2025-01-04,Neha Pawar,South,Office Supplies,Art,69.99,0.1501699447052175,11.03,2025,1,0.15759394199171312
12602,2025-01-26,Neha Pawar,South,Office Supplies,Paper,56.82,0.11046839637920297,14.03,2025,1,0.24692009855684616
12603,2025-01-24,Neha Pawar,South,Office Supplies,Binders,39.26,0.2402032522713607,6.27,2025,1,0.15970453387671932
12604,2025-01-05,Neha Pawar,South,Furniture,Bookcases,53.92,0.12387857692880092,-5.2,2025,1,-0.09643916913946587
12605,2025-01-03,Neha Pawar,South,Office Supplies,Storage,102.52,0.16411840397082667,10.48,2025,1,0.10222395630120953
12606,2025-01-01,Neha Pawar,South,Technology,Accessories,114.44,0.08330249445901344,15.33,2025,1,0.13395665851101013
12607,2025-01-11,Kunal Mehta,North,Furniture,Bookcases,343.38,0.14434325355865277,4.1,2025,1,0.011940124643252373
12608,2025-01-02,Kunal Mehta,North,Technology,Machines,111.45,0.03762639029369057,20.2,2025,1,0.18124719605204126
12609,2025-01-21,Kunal Mehta,North,Technology,Phones,148.93,0.2978173077046989,-1.27,2025,1,-0.008527496139125764
12610,2025-01-16,Kunal Mehta,North,Technology,Phones,139.14,0.19852330968452833,12.96,2025,1,0.09314359637774905
12611,2025-01-12,Kunal Mehta,North,Office Supplies,Paper,111.11,0.26777666225295854,13.36,2025,1,0.12024120241202411
12612,2025-01-03,Kunal Mehta,North,Furniture,Tables,148.74,0.3847029633811921,-20.87,2025,1,-0.14031195374478955
12613,2025-01-27,Kunal Mehta,North,Technology,Machines,101.88,0.25508565608292344,2.63,2025,1,0.025814683941892423
12614,2025-01-22,Kunal Mehta,North,Office Supplies,Paper,164.86,0.11937104014057998,25.15,2025,1,0.15255368191192525
12615,2025-01-01,Kunal Mehta,North,Office Supplies,Art,39.48,0.16830128549122508,6.48,2025,1,0.16413373860182373
12616,2025-01-10,Kunal Mehta,North,Office Supplies,Art,38.31,0.1328223856967264,3.85,2025,1,0.10049595405899242
12617,2025-01-04,Kunal Mehta,North,Office Supplies,Art,43.3,0.27913227444749805,-0.93,2025,1,-0.02147806004618938
12618,2025-01-14,Kunal Mehta,North,Furniture,Chairs,175.65,0.20475367161773447,-0.9,2025,1,-0.005123825789923143
12619,2025-01-09,Kunal Mehta,North,Technology,Accessories,435.78,0.25589854465287176,-5.65,2025,1,-0.012965257698838866
12620,2025-01-22,Kunal Mehta,North,Furniture,Chairs,164.82,0.40937117028907777,-30.84,2025,1,-0.18711321441572626
12621,2025-01-21,Kunal Mehta,North,Furniture,Tables,251.15,0.1284042455978312,21.14,2025,1,0.08417280509655585
12622,2025-01-14,Kunal Mehta,North,Furniture,Bookcases,193.9,0.32415434757058886,-14.99,2025,1,-0.07730789066529138
12623,2025-01-04,Kunal Mehta,North,Technology,Phones,209.36,0.20489817094263552,15.59,2025,1,0.07446503630110814
12624,2025-01-17,Kunal Mehta,North,Furniture,Chairs,125.24,0.14689125592873428,10.18,2025,1,0.08128393484509741
12625,2025-01-20,Kunal Mehta,North,Office Supplies,Binders,65.2,0.37476756996657334,4.18,2025,1,0.06411042944785275
12626,2025-01-06,Kunal Mehta,North,Office Supplies,Paper,90.47,0.3817547477259498,2.88,2025,1,0.03183375704653476
12627,2025-01-26,Kunal Mehta,North,Technology,Machines,80.77,0.10292707623958842,14.1,2025,1,0.17456976600222857
12628,2025-01-22,Kunal Mehta,North,Technology,Phones,94.84,0.5010791065891558,-4.64,2025,1,-0.04892450442851117
12629,2025-01-03,Priya Nair,North,Technology,Machines,54.33,0.30463804468227645,-5.28,2025,1,-0.09718387631143016
12630,2025-01-27,Priya Nair,North,Office Supplies,Art,72.48,0.16562621679316408,6.98,2025,1,0.09630242825607065
12631,2025-01-14,Priya Nair,North,Technology,Accessories,281.81,0.18292762080737213,32.26,2025,1,0.11447429118909903
12632,2025-01-26,Priya Nair,North,Office Supplies,Art,44.33,0.11505800646635393,6.84,2025,1,0.15429731558763818
12633,2025-01-21,Priya Nair,North,Technology,Phones,267.7,0.21778990196160025,22.03,2025,1,0.08229361225252149
12634,2025-01-07,Priya Nair,North,Office Supplies,Storage,49.25,0.4563680183792316,-2.33,2025,1,-0.04730964467005076
12635,2025-01-07,Priya Nair,North,Office Supplies,Binders,102.34,0.3768670805676287,-2.3,2025,1,-0.02247410592143834
12636,2025-01-13,Priya Nair,North,Technology,Accessories,187.31,0.08953935044300641,25.35,2025,1,0.1353371416368587
12637,2025-01-27,Priya Nair,North,Office Supplies,Art,62.18,0.65,-7.37,2025,1,-0.11852685751045353
12638,2025-01-07,Priya Nair,North,Technology,Phones,641.87,0.5132793411773982,-80.0,2025,1,-0.12463582968513874
12639,2025-01-21,Priya Nair,North,Office Supplies,Binders,75.87,0.04425746539628404,16.9,2025,1,0.22274943983129034
12640,2025-01-04,Priya Nair,North,Furniture,Bookcases,233.0,0.13563720722660075,10.74,2025,1,0.04609442060085837
12641,2025-01-03,Priya Nair,North,Furniture,Tables,176.37,0.36934774997754105,-23.6,2025,1,-0.13380960480807394
12642,2025-01-10,Priya Nair,North,Office Supplies,Art,74.65,0.26805187548678694,7.59,2025,1,0.1016744809109176
12643,2025-01-08,Priya Nair,North,Furniture,Chairs,117.3,0.29803983002150874,-6.83,2025,1,-0.05822676896845695
12644,2025-01-09,Priya Nair,North,Furniture,Bookcases,136.32,0.23928206555378861,1.94,2025,1,0.014231220657276996
12645,2025-01-18,Priya Nair,North,Furniture,Tables,145.22,0.22159079034607243,-0.52,2025,1,-0.003580773998071891
12646,2025-01-02,Priya Nair,North,Office Supplies,Art,96.11,0.32711946928018076,12.64,2025,1,0.13151597128290501
12647,2025-01-16,Priya Nair,North,Technology,Phones,82.77,0.1816237732012665,10.83,2025,1,0.130844508880029
12648,2025-01-17,Priya Nair,North,Technology,Machines,421.91,0.23457194653820668,6.38,2025,1,0.015121708421227275
12649,2025-01-22,Priya Nair,North,Technology,Phones,353.87,0.0646317028762963,70.19,2025,1,0.19834967643484894
12650,2025-01-27,Priya Nair,North,Furniture,Bookcases,68.18,0.5027737403574967,-7.79,2025,1,-0.11425638017013785
12651,2025-01-06,Priya Nair,North,Technology,Machines,394.94,0.13595885693421694,43.95,2025,1,0.11128272649009976
12652,2025-01-14,Priya Nair,North,Office Supplies,Art,119.79,0.320611819175741,13.85,2025,1,0.11561899991652057
12653,2025-01-23,Rahul Jadhav,West,Office Supplies,Paper,41.62,0.04645399612544763,3.53,2025,1,0.08481499279192696
12654,2025-01-13,Rahul Jadhav,West,Technology,Phones,187.08,0.11942997327819782,18.94,2025,1,0.10124011118238187
12655,2025-01-07,Rahul Jadhav,West,Technology,Phones,120.77,0.3595655856200678,1.84,2025,1,0.015235571747950651
12656,2025-01-25,Rahul Jadhav,West,Furniture,Bookcases,113.46,0.26973730870048224,-2.88,2025,1,-0.02538339502908514
12657,2025-01-24,Rahul Jadhav,West,Technology,Accessories,258.35,0.05962777313225626,38.06,2025,1,0.1473195277724018
12658,2025-01-07,Rahul Jadhav,West,Technology,Phones,245.32,0.2784454725093592,-2.4,2025,1,-0.00978314038806457
12659,2025-01-25,Rahul Jadhav,West,Technology,Accessories,288.31,0.3058544903727801,-10.95,2025,1,-0.03797995213485484
12660,2025-01-20,Rahul Jadhav,West,Office Supplies,Binders,51.79,0.1350548905234647,4.69,2025,1,0.0905580227843213
12661,2025-01-12,Rahul Jadhav,West,Technology,Accessories,349.72,0.45862931255005945,-37.37,2025,1,-0.10685691410271073
12662,2025-01-10,Rahul Jadhav,West,Furniture,Bookcases,84.67,0.073726141688661,11.1,2025,1,0.13109720089760246
12663,2025-01-23,Rahul Jadhav,West,Technology,Machines,164.93,0.39541908209722815,-4.83,2025,1,-0.029285151276299035
12664,2025-01-02,Meera Singh,Central,Furniture,Tables,222.83,0.17520948368441525,3.68,2025,1,0.01651483193465871
12665,2025-01-09,Meera Singh,Central,Technology,Machines,318.69,0.6270570854096184,-43.57,2025,1,-0.13671593084188396
12666,2025-01-22,Meera Singh,Central,Technology,Accessories,66.92,0.29477424162487914,0.19,2025,1,0.002839210998206814
12667,2025-01-07,Meera Singh,Central,Technology,Machines,355.31,0.26716487820680673,20.1,2025,1,0.05657031887647407
12668,2025-01-17,Meera Singh,Central,Furniture,Bookcases,115.24,0.11530253682341528,5.71,2025,1,0.04954876778896217
12669,2025-01-10,Meera Singh,Central,Furniture,Bookcases,399.04,0.018551708812950197,56.66,2025,1,0.1419907778668805
12670,2025-01-14,Meera Singh,Central,Furniture,Tables,290.44,0.04080109061620791,-1.25,2025,1,-0.004303814901528715
12671,2025-01-20,Meera Singh,Central,Office Supplies,Storage,20.76,0.2991943069083011,2.03,2025,1,0.09778420038535644
12672,2025-01-07,Meera Singh,Central,Technology,Phones,463.99,0.11791361197316527,58.31,2025,1,0.1256708118709455
12673,2025-01-20,Meera Singh,Central,Office Supplies,Paper,71.78,0.49542785995357164,-3.74,2025,1,-0.052103650041794375
12674,2025-01-01,Meera Singh,Central,Furniture,Bookcases,234.81,0.2686792070832841,-31.81,2025,1,-0.13547123205996336
12675,2025-01-03,Meera Singh,Central,Office Supplies,Art,105.88,0.1973618054073333,15.7,2025,1,0.1482810729127314
12676,2025-01-18,Meera Singh,Central,Technology,Accessories,303.42,0.16498491806167603,19.04,2025,1,0.06275130182585195
12677,2025-01-04,Meera Singh,Central,Furniture,Chairs,1009.48,0.22304674926331647,30.7,2025,1,0.030411697111384077
12678,2025-01-27,Meera Singh,Central,Furniture,Chairs,306.52,0.2896137570054917,-0.7,2025,1,-0.0022837009004306407
12679,2025-01-27,Meera Singh,Central,Office Supplies,Binders,39.84,0.2976794637529621,2.57,2025,1,0.06450803212851405
12680,2025-01-09,Meera Singh,Central,Furniture,Chairs,259.67,0.43408439860652953,-35.71,2025,1,-0.13752069934917394
12681,2025-01-14,Meera Singh,Central,Office Supplies,Storage,75.01,0.1863182429873635,7.47,2025,1,0.0995867217704306
12682,2025-01-21,Meera Singh,Central,Technology,Accessories,170.32,0.27095545543341293,5.5,2025,1,0.032292155941756696
12683,2025-01-01,Meera Singh,Central,Technology,Accessories,383.08,0.3142918810216103,8.2,2025,1,0.02140545055863005
12684,2025-02-21,Aarav Sharma,West,Technology,Accessories,377.38,0.37180376761599543,-11.8,2025,2,-0.03126821771159044
12685,2025-02-03,Aarav Sharma,West,Office Supplies,Paper,77.48,0.03551043136129466,22.31,2025,2,0.28794527620030974
12686,2025-02-15,Aarav Sharma,West,Office Supplies,Binders,63.1,0.44145110145139654,-8.27,2025,2,-0.13106180665610143
12687,2025-02-09,Aarav Sharma,West,Technology,Accessories,413.17,0.2192251131640267,44.32,2025,2,0.10726819468983712
12688,2025-02-16,Aarav Sharma,West,Office Supplies,Art,35.96,0.125867661589349,8.28,2025,2,0.23025583982202444
12689,2025-02-17,Aarav Sharma,West,Technology,Machines,57.81,0.040811501714253906,12.56,2025,2,0.217263449230237
12690,2025-02-23,Aarav Sharma,West,Furniture,Chairs,144.71,0.25856481323306785,-8.73,2025,2,-0.06032755165503421
12691,2025-02-03,Aarav Sharma,West,Technology,Machines,142.15,0.2924278336530839,17.2,2025,2,0.12099894477664438
12692,2025-02-01,Aarav Sharma,West,Furniture,Bookcases,53.1,0.5617518628172986,-8.19,2025,2,-0.1542372881355932
12693,2025-02-02,Aarav Sharma,West,Furniture,Tables,179.28,0.11653663923170221,18.07,2025,2,0.10079205711735832
12694,2025-02-20,Aarav Sharma,West,Technology,Phones,172.98,0.28060970079018344,9.33,2025,2,0.05393687131460285
12695,2025-02-04,Aarav Sharma,West,Furniture,Bookcases,172.11,0.13423444471103543,-1.6,2025,2,-0.009296380221951077
12696,2025-02-12,Aarav Sharma,West,Furniture,Tables,124.05,0.11833206957079753,20.19,2025,2,0.16275695284159614
12697,2025-02-05,Aarav Sharma,West,Technology,Phones,166.83,0.2035341333866682,12.57,2025,2,0.07534616076245279
12698,2025-02-10,Aarav Sharma,West,Office Supplies,Storage,54.2,0.20204459206791636,10.95,2025,2,0.20202952029520294
12699,2025-02-03,Aarav Sharma,West,Office Supplies,Storage,81.93,0.27287054182891135,14.46,2025,2,0.17649212742585133
12700,2025-02-06,Aarav Sharma,West,Technology,Phones,675.33,0.10655057998297904,81.93,2025,2,0.12131846652747547
12701,2025-02-24,Aarav Sharma,West,Office Supplies,Paper,26.64,0.1827938502676959,3.55,2025,2,0.13325825825825824
12702,2025-02-06,Ananya Patil,West,Office Supplies,Paper,81.6,0.32442260908743453,6.05,2025,2,0.0741421568627451
12703,2025-02-18,Ananya Patil,West,Technology,Phones,177.26,0.30908688814266216,-8.5,2025,2,-0.047952160667945394
12704,2025-02-11,Ananya Patil,West,Office Supplies,Art,62.29,0.06984738376718758,15.14,2025,2,0.2430566704125863
12705,2025-02-07,Ananya Patil,West,Technology,Accessories,175.37,0.33865139690986695,-6.12,2025,2,-0.03489764497918686
12706,2025-02-02,Ananya Patil,West,Technology,Machines,98.41,0.2402660398581291,9.09,2025,2,0.09236866172136979
12707,2025-02-12,Ananya Patil,West,Technology,Machines,98.49,0.41536445979172687,-5.95,2025,2,-0.060412224591329076
12708,2025-02-06,Ananya Patil,West,Office Supplies,Binders,21.29,0.1108199897552309,3.39,2025,2,0.15922968529826212
12709,2025-02-13,Ananya Patil,West,Office Supplies,Storage,63.81,0.25658695529107406,1.44,2025,2,0.022566995768688293
12710,2025-02-08,Ananya Patil,West,Office Supplies,Paper,47.47,0.23766878776147857,5.93,2025,2,0.12492100273857172
12711,2025-02-20,Ananya Patil,West,Office Supplies,Binders,61.05,0.11186886705979156,8.79,2025,2,0.14398034398034398
12712,2025-02-13,Ananya Patil,West,Technology,Accessories,518.42,0.48468916706995724,-61.51,2025,2,-0.11864897187608503
12713,2025-02-06,Ananya Patil,West,Furniture,Chairs,151.26,0.08922125019168278,6.12,2025,2,0.04046013486711623
12714,2025-02-25,Ananya Patil,West,Furniture,Chairs,92.31,0.05460995584320898,5.51,2025,2,0.059690174412306354
12715,2025-02-02,Rohan Deshmukh,Central,Office Supplies,Paper,248.38,0.07637113320375112,38.55,2025,2,0.1552057331508173
12716,2025-02-18,Rohan Deshmukh,Central,Office Supplies,Paper,114.17,0.2039929890113494,13.55,2025,2,0.11868266619952703
12717,2025-02-13,Rohan Deshmukh,Central,Furniture,Tables,156.91,0.012245531979979284,5.87,2025,2,0.037409980243451664
12718,2025-02-07,Rohan Deshmukh,Central,Technology,Accessories,484.99,0.25338543428405497,28.41,2025,2,0.058578527392317364
12719,2025-02-22,Rohan Deshmukh,Central,Technology,Machines,218.65,0.25700564565911355,8.77,2025,2,0.04010976446375485
12720,2025-02-26,Rohan Deshmukh,Central,Office Supplies,Paper,66.61,0.060843242126096285,7.49,2025,2,0.11244557874193065
12721,2025-02-19,Rohan Deshmukh,Central,Technology,Accessories,302.85,0.09686462747011265,41.53,2025,2,0.13713059270265807
12722,2025-02-13,Rohan Deshmukh,Central,Furniture,Tables,96.08,0.19229257936681762,1.27,2025,2,0.013218151540383015
12723,2025-02-19,Rohan Deshmukh,Central,Technology,Machines,269.47,0.6249681090751665,-50.17,2025,2,-0.18618027980851298
12724,2025-02-19,Rohan Deshmukh,Central,Furniture,Tables,190.31,0.05489610353988001,14.95,2025,2,0.07855604014502653
12725,2025-02-24,Rohan Deshmukh,Central,Office Supplies,Binders,132.74,0.3314315654787091,3.5,2025,2,0.026367334639144188
12726,2025-02-24,Rohan Deshmukh,Central,Furniture,Chairs,263.96,0.35695538742712923,-5.17,2025,2,-0.019586300954690106
12727,2025-02-06,Rohan Deshmukh,Central,Technology,Accessories,170.38,0.3948900357068615,-8.2,2025,2,-0.048127714520483623
12728,2025-02-13,Rohan Deshmukh,Central,Technology,Machines,610.49,0.12784888452498566,67.89,2025,2,0.11120575275598289
12729,2025-02-19,Rohan Deshmukh,Central,Technology,Accessories,36.4,0.061871883185404306,6.57,2025,2,0.18049450549450552
12730,2025-02-03,Rohan Deshmukh,Central,Technology,Phones,354.24,0.2305009797992993,47.6,2025,2,0.13437217705510388
12731,2025-02-19,Rohan Deshmukh,Central,Furniture,Bookcases,87.0,0.37517115151506564,-17.53,2025,2,-0.20149425287356323
12732,2025-02-16,Rohan Deshmukh,Central,Office Supplies,Paper,131.12,0.46838851269622606,5.18,2025,2,0.03950579621720561
12733,2025-02-25,Rohan Deshmukh,Central,Furniture,Tables,334.78,0.09662954250174674,34.17,2025,2,0.1020670290937332
12734,2025-02-07,Rohan Deshmukh,Central,Technology,Phones,316.52,0.12505670324791765,51.81,2025,2,0.16368633893592824
12735,2025-02-02,Rohan Deshmukh,Central,Technology,Accessories,412.95,0.11528384891884062,82.44,2025,2,0.19963675989829277
12736,2025-02-11,Rohan Deshmukh,Central,Technology,Phones,131.62,0.07143263056431164,19.72,2025,2,0.14982525452058956
12737,2025-02-16,Isha Kulkarni,Central,Technology,Phones,131.92,0.13342064474732446,18.29,2025,2,0.13864463311097636
12738,2025-02-06,Isha Kulkarni,Central,Office Supplies,Art,67.54,0.447704351562973,-2.98,2025,2,-0.0441220017767249
12739,2025-02-26,Isha Kulkarni,Central,Office Supplies,Binders,108.97,0.15975091165168656,13.66,2025,2,0.1253556024593925
12740,2025-02-26,Isha Kulkarni,Central,Office Supplies,Paper,49.23,0.31658064249818774,0.87,2025,2,0.017672151127361365
12741,2025-02-24,Isha Kulkarni,Central,Furniture,Bookcases,239.89,0.055694798260828314,11.63,2025,2,0.04848055358706074
12742,2025-02-14,Isha Kulkarni,Central,Office Supplies,Art,109.87,0.09406400533262631,21.82,2025,2,0.19859834349685992
12743,2025-02-08,Isha Kulkarni,Central,Office Supplies,Binders,31.03,0.10535970270357926,6.74,2025,2,0.21720915243312922
12744,2025-02-04,Isha Kulkarni,Central,Furniture,Tables,200.65,0.15040115941709023,-1.71,2025,2,-0.008522302516820334
12745,2025-02-07,Isha Kulkarni,Central,Technology,Accessories,83.82,0.26798636985809704,7.98,2025,2,0.09520400858983537
12746,2025-02-21,Isha Kulkarni,Central,Furniture,Tables,60.55,0.4217761995413761,-7.34,2025,2,-0.12122213047068539
12747,2025-02-01,Isha Kulkarni,Central,Office Supplies,Storage,76.41,0.16621245393642145,14.14,2025,2,0.18505431226279284
12748,2025-02-24,Isha Kulkarni,Central,Technology,Machines,116.12,0.1630650003852208,11.44,2025,2,0.09851877368239752
12749,2025-02-10,Isha Kulkarni,Central,Furniture,Bookcases,103.58,0.1747114910540976,-4.3,2025,2,-0.041513805754006566
12750,2025-02-11,Isha Kulkarni,Central,Office Supplies,Paper,68.92,0.22071284716758033,15.9,2025,2,0.230702263493906
12751,2025-02-12,Isha Kulkarni,Central,Technology,Accessories,134.44,0.09161410166856825,9.38,2025,2,0.06977090151740555
12752,2025-02-10,Isha Kulkarni,Central,Furniture,Tables,378.14,0.05674658199769348,39.67,2025,2,0.10490823504522136
12753,2025-02-24,Isha Kulkarni,Central,Office Supplies,Paper,126.07,0.09363997548439232,21.49,2025,2,0.17046085508051081
12754,2025-02-23,Isha Kulkarni,Central,Furniture,Tables,121.11,0.1761787030987659,8.12,2025,2,0.06704648666501527
12755,2025-02-14,Isha Kulkarni,Central,Technology,Machines,470.28,0.14123478875494108,59.92,2025,2,0.1274134558135579
12756,2025-02-17,Isha Kulkarni,Central,Furniture,Chairs,307.04,0.5471909511936779,-45.11,2025,2,-0.14691896821261072
12757,2025-02-09,Vikram Joshi,East,Furniture,Tables,64.1,0.20037631132114386,-1.16,2025,2,-0.018096723868954757
12758,2025-02-05,Vikram Joshi,East,Furniture,Bookcases,163.29,0.2532909910594741,7.99,2025,2,0.04893134913344357
12759,2025-02-11,Vikram Joshi,East,Furniture,Chairs,134.59,0.19213770070376596,-0.11,2025,2,-0.0008172969760011887
12760,2025-02-15,Vikram Joshi,East,Office Supplies,Art,29.96,0.2673085213424532,-3.69,2025,2,-0.12316421895861147
12761,2025-02-27,Vikram Joshi,East,Technology,Machines,149.1,0.10780157447346488,17.85,2025,2,0.11971830985915495
12762,2025-02-22,Vikram Joshi,East,Technology,Machines,124.02,0.12855683647713126,13.58,2025,2,0.10949846798903404
12763,2025-02-01,Vikram Joshi,East,Technology,Phones,131.78,0.06292713931794193,16.6,2025,2,0.12596752162695402
12764,2025-02-23,Vikram Joshi,East,Technology,Accessories,218.57,0.35450983481660236,-13.48,2025,2,-0.06167360570984125
12765,2025-02-16,Vikram Joshi,East,Furniture,Tables,163.6,0.35690561591286335,-11.7,2025,2,-0.0715158924205379
12766,2025-02-13,Vikram Joshi,East,Technology,Machines,239.84,0.1946438210447546,15.53,2025,2,0.06475150100066711
12767,2025-02-27,Vikram Joshi,East,Technology,Phones,98.6,0.10198508714290967,15.06,2025,2,0.15273833671399595
12768,2025-02-09,Vikram Joshi,East,Technology,Accessories,403.37,0.296231517430583,-7.24,2025,2,-0.017948781515729977
12769,2025-02-11,Vikram Joshi,East,Technology,Phones,237.96,0.2218661659487762,9.8,2025,2,0.04118339216675072
12770,2025-02-23,Vikram Joshi,East,Technology,Phones,36.14,0.10987136389877061,1.81,2025,2,0.05008301051466519
12771,2025-02-18,Vikram Joshi,East,Technology,Phones,209.08,0.27017439874722576,5.89,2025,2,0.028171035010522285
12772,2025-02-27,Vikram Joshi,East,Technology,Phones,71.21,0.3287084603987873,0.46,2025,2,0.0064597668866732206
12773,2025-02-26,Sneha More,East,Furniture,Chairs,147.51,0.062497596736248696,14.12,2025,2,0.09572232391024338
12774,2025-02-17,Sneha More,East,Furniture,Bookcases,337.51,0.12894910235558255,10.48,2025,2,0.031050931824242248
12775,2025-02-15,Sneha More,East,Furniture,Tables,380.2,0.18732699315602458,16.31,2025,2,0.042898474487112044
12776,2025-02-26,Sneha More,East,Technology,Accessories,243.78,0.062130840710826106,31.7,2025,2,0.13003527770941012
12777,2025-02-24,Sneha More,East,Furniture,Chairs,168.38,0.2116886185316418,-8.14,2025,2,-0.048343033614443524
12778,2025-02-15,Sneha More,East,Office Supplies,Paper,118.08,0.23469286277889104,16.03,2025,2,0.13575542005420055
12779,2025-02-10,Sneha More,East,Technology,Machines,281.72,0.04951230385817979,44.46,2025,2,0.15781627147522362
12780,2025-02-23,Sneha More,East,Furniture,Tables,280.84,0.0166673685002746,22.62,2025,2,0.08054408203959551
12781,2025-02-21,Sneha More,East,Furniture,Chairs,229.02,0.2897236407691578,-16.25,2025,2,-0.07095450179023666
12782,2025-02-17,Sneha More,East,Furniture,Bookcases,112.51,0.23179761186533288,-4.89,2025,2,-0.04346280330637276
12783,2025-02-09,Sneha More,East,Technology,Machines,72.76,0.1937525367337414,8.61,2025,2,0.11833424958768553
12784,2025-02-07,Sneha More,East,Office Supplies,Binders,16.82,0.15975452710541366,3.17,2025,2,0.18846611177170036
12785,2025-02-25,Sneha More,East,Technology,Accessories,191.22,0.0556723970573533,37.55,2025,2,0.19637067252379456
12786,2025-02-18,Sneha More,East,Technology,Phones,123.36,0.2998886290747187,5.01,2025,2,0.04061284046692607
12787,2025-02-23,Sneha More,East,Office Supplies,Binders,107.34,0.3117873584162874,1.32,2025,2,0.012297372833985467
12788,2025-02-04,Sneha More,East,Technology,Phones,177.99,0.08235779444456673,13.44,2025,2,0.07550986010450024
12789,2025-02-12,Aditya Shah,South,Furniture,Tables,88.43,0.20599732407693408,-8.67,2025,2,-0.09804365034490557
12790,2025-02-05,Aditya Shah,South,Technology,Phones,298.35,0.17129776773265834,5.3,2025,2,0.017764370705547174
12791,2025-02-20,Aditya Shah,South,Furniture,Tables,151.17,0.1217082085494414,16.24,2025,2,0.10742872263015148
12792,2025-02-03,Aditya Shah,South,Furniture,Tables,130.77,0.09525032346774893,3.95,2025,2,0.030205704672325456
12793,2025-02-01,Aditya Shah,South,Technology,Machines,115.61,0.42857888834595603,-9.15,2025,2,-0.07914540264682986
12794,2025-02-14,Aditya Shah,South,Technology,Phones,84.37,0.3137017045829895,3.94,2025,2,0.04669906364821619
12795,2025-02-10,Aditya Shah,South,Furniture,Bookcases,93.28,0.5332706886211158,-18.87,2025,2,-0.2022941680960549
12796,2025-02-19,Aditya Shah,South,Furniture,Chairs,387.0,0.03702471677311423,29.77,2025,2,0.0769250645994832
12797,2025-02-09,Aditya Shah,South,Furniture,Chairs,446.91,0.14853867425749273,58.64,2025,2,0.13121210087042134
12798,2025-02-01,Aditya Shah,South,Office Supplies,Art,57.19,0.1331208947268361,14.52,2025,2,0.253890540304249
12799,2025-02-20,Aditya Shah,South,Office Supplies,Storage,86.71,0.06324932038214405,22.18,2025,2,0.2557951793334102
12800,2025-02-10,Aditya Shah,South,Office Supplies,Paper,93.19,0.014849022628537942,33.43,2025,2,0.35872947741173944
12801,2025-02-24,Aditya Shah,South,Office Supplies,Paper,143.75,0.04676015107941623,33.85,2025,2,0.23547826086956522
12802,2025-02-04,Aditya Shah,South,Furniture,Bookcases,135.36,0.1558526765782939,10.88,2025,2,0.08037825059101654
12803,2025-02-01,Aditya Shah,South,Technology,Phones,91.57,0.22523766095887157,-1.94,2025,2,-0.021185977940373486
12804,2025-02-19,Aditya Shah,South,Office Supplies,Storage,43.65,0.04977589925970585,14.9,2025,2,0.3413516609392898
12805,2025-02-02,Neha Pawar,South,Furniture,Chairs,188.46,0.29554898214669856,-8.66,2025,2,-0.04595139552159609
12806,2025-02-06,Neha Pawar,South,Technology,Accessories,758.8,0.25892544439319853,14.66,2025,2,0.019319978914074856
12807,2025-02-20,Neha Pawar,South,Office Supplies,Binders,30.14,0.648112843104369,-6.5,2025,2,-0.2156602521566025
12808,2025-02-09,Neha Pawar,South,Technology,Accessories,215.97,0.18605984998075614,2.7,2025,2,0.01250173635227115
12809,2025-02-26,Neha Pawar,South,Technology,Machines,314.02,0.146466041445971,13.26,2025,2,0.04222660977007834
12810,2025-02-08,Neha Pawar,South,Furniture,Chairs,52.01,0.1011091234229559,5.01,2025,2,0.0963276293020573
12811,2025-02-09,Neha Pawar,South,Office Supplies,Binders,84.3,0.3838502937267812,6.26,2025,2,0.07425860023724792
12812,2025-02-20,Neha Pawar,South,Furniture,Chairs,161.45,0.09843204523573723,8.94,2025,2,0.05537318055125426
12813,2025-02-08,Neha Pawar,South,Technology,Phones,230.25,0.09515982327763352,44.36,2025,2,0.19266015200868622
12814,2025-02-13,Neha Pawar,South,Technology,Phones,416.68,0.03385837710094908,31.9,2025,2,0.07655755015839492
12815,2025-02-15,Neha Pawar,South,Technology,Accessories,48.77,0.10094480430882037,1.61,2025,2,0.03301209760098421
12816,2025-02-02,Neha Pawar,South,Office Supplies,Storage,59.36,0.05749603592894271,9.52,2025,2,0.16037735849056603
12817,2025-02-08,Neha Pawar,South,Technology,Accessories,196.49,0.08076099549418693,33.62,2025,2,0.1711028551071301
12818,2025-02-20,Neha Pawar,South,Technology,Accessories,242.28,0.03903477017227302,44.1,2025,2,0.18202080237741455
12819,2025-02-20,Neha Pawar,South,Office Supplies,Binders,83.72,0.2244106445650639,13.5,2025,2,0.1612517916865743
12820,2025-02-06,Neha Pawar,South,Technology,Phones,159.47,0.38474143460360155,-0.81,2025,2,-0.005079325264940114
12821,2025-02-05,Kunal Mehta,North,Technology,Phones,60.91,0.2068464897419398,7.39,2025,2,0.1213265473649647
12822,2025-02-09,Kunal Mehta,North,Furniture,Chairs,161.52,0.1571501662269922,10.25,2025,2,0.06345963348192174
12823,2025-02-02,Kunal Mehta,North,Technology,Machines,231.18,0.30145803907536506,6.48,2025,2,0.028030106410589152
12824,2025-02-03,Kunal Mehta,North,Office Supplies,Paper,66.61,0.06009370175181987,9.3,2025,2,0.13961867587449334
12825,2025-02-15,Kunal Mehta,North,Technology,Machines,105.46,0.13338497007826014,9.46,2025,2,0.08970225677982174
12826,2025-02-10,Kunal Mehta,North,Technology,Accessories,400.95,0.1477878392117692,42.89,2025,2,0.10697094400798104
12827,2025-02-25,Kunal Mehta,North,Office Supplies,Paper,113.87,0.47288245837434556,-11.39,2025,2,-0.10002634583296742
12828,2025-02-07,Kunal Mehta,North,Technology,Accessories,117.73,0.2946145973535627,1.37,2025,2,0.011636796058778561
12829,2025-02-17,Kunal Mehta,North,Technology,Accessories,137.95,0.09382753128987237,11.06,2025,2,0.08017397607828924
12830,2025-02-01,Kunal Mehta,North,Office Supplies,Binders,108.52,0.14495221604682496,17.67,2025,2,0.16282712863988208
12831,2025-02-22,Kunal Mehta,North,Furniture,Chairs,193.23,0.3927687367712975,-17.67,2025,2,-0.09144542772861358
12832,2025-02-17,Kunal Mehta,North,Furniture,Tables,190.28,0.24846723247189978,-10.66,2025,2,-0.05602270338448602
12833,2025-02-22,Kunal Mehta,North,Technology,Machines,294.96,0.08069825668878568,14.97,2025,2,0.0507526444263629
12834,2025-02-03,Kunal Mehta,North,Technology,Phones,351.45,0.03334280607974846,59.69,2025,2,0.16983923744487125
12835,2025-02-14,Kunal Mehta,North,Technology,Phones,92.16,0.16078592999171454,9.16,2025,2,0.09939236111111112
12836,2025-02-09,Kunal Mehta,North,Office Supplies,Art,52.41,0.032566216316139644,9.52,2025,2,0.1816447242892578
12837,2025-02-18,Kunal Mehta,North,Office Supplies,Paper,110.53,0.3861322810641839,-0.23,2025,2,-0.0020808830181851083
12838,2025-02-22,Kunal Mehta,North,Furniture,Bookcases,99.41,0.26177353750831966,-6.13,2025,2,-0.06166381651745297
12839,2025-02-08,Kunal Mehta,North,Technology,Accessories,158.37,0.04959477237678374,19.11,2025,2,0.12066679295321082
12840,2025-02-20,Kunal Mehta,North,Technology,Accessories,63.17,0.21710946259521463,8.16,2025,2,0.12917524141206269
12841,2025-02-04,Kunal Mehta,North,Technology,Accessories,298.96,0.49856165157560495,-10.7,2025,2,-0.03579074123628579
12842,2025-02-22,Kunal Mehta,North,Technology,Phones,56.91,0.06959168722975269,7.27,2025,2,0.12774556316991742
12843,2025-02-24,Kunal Mehta,North,Office Supplies,Binders,51.37,0.18655096851416825,6.11,2025,2,0.11894101615729026
12844,2025-02-20,Priya Nair,North,Technology,Accessories,90.68,0.01891275924401099,22.27,2025,2,0.24558888398764886
12845,2025-02-27,Priya Nair,North,Furniture,Chairs,87.63,0.2755254802820597,3.07,2025,2,0.03503366427022709
12846,2025-02-18,Priya Nair,North,Technology,Machines,168.6,0.020906612002137257,34.4,2025,2,0.2040332147093713
12847,2025-02-13,Priya Nair,North,Technology,Phones,71.73,0.30464476047272493,2.36,2025,2,0.032901157116966395
12848,2025-02-06,Priya Nair,North,Furniture,Bookcases,122.7,0.09904730068323925,5.52,2025,2,0.04498777506112469
12849,2025-02-22,Priya Nair,North,Office Supplies,Art,121.2,0.0542735933365883,24.22,2025,2,0.19983498349834983
12850,2025-02-17,Priya Nair,North,Technology,Machines,147.21,0.1290171835454746,26.82,2025,2,0.1821887100061137
12851,2025-02-15,Priya Nair,North,Office Supplies,Storage,51.37,0.08529988860177977,12.95,2025,2,0.2520926610862371
12852,2025-02-08,Priya Nair,North,Technology,Phones,67.87,0.3503785093155508,3.58,2025,2,0.05274790039781936
12853,2025-02-17,Priya Nair,North,Office Supplies,Art,75.67,0.06937484206430058,6.38,2025,2,0.0843134663671204
12854,2025-02-11,Priya Nair,North,Office Supplies,Storage,57.51,0.12950924940578848,8.85,2025,2,0.15388628064684404
12855,2025-02-21,Priya Nair,North,Office Supplies,Art,75.12,0.5016801436937467,-10.41,2025,2,-0.13857827476038337
12856,2025-02-15,Priya Nair,North,Technology,Machines,276.43,0.07696655846664494,35.15,2025,2,0.127156965597077
12857,2025-02-08,Priya Nair,North,Technology,Accessories,250.54,0.09972152950942506,44.78,2025,2,0.17873393470104576
12858,2025-02-24,Priya Nair,North,Office Supplies,Binders,13.79,0.2120879809282746,6.07,2025,2,0.44017403915881076
12859,2025-02-18,Priya Nair,North,Technology,Machines,50.02,0.27257688788563195,4.07,2025,2,0.08136745301879249
12860,2025-02-24,Priya Nair,North,Technology,Accessories,205.51,0.28033969664597574,16.66,2025,2,0.08106661476327187
12861,2025-02-27,Priya Nair,North,Technology,Phones,91.04,0.14576251401346263,13.84,2025,2,0.15202108963093144
12862,2025-02-11,Priya Nair,North,Furniture,Chairs,185.6,0.2161860214438809,-5.84,2025,2,-0.03146551724137931
12863,2025-02-18,Priya Nair,North,Furniture,Bookcases,63.46,0.17977938589368117,1.11,2025,2,0.017491333123227232
12864,2025-02-04,Priya Nair,North,Office Supplies,Storage,207.12,0.2241004468189131,27.32,2025,2,0.13190421011973735
12865,2025-02-18,Priya Nair,North,Technology,Machines,98.4,0.1893820306763546,3.43,2025,2,0.03485772357723577
12866,2025-02-13,Priya Nair,North,Furniture,Tables,246.46,0.2975520759986251,-26.43,2025,2,-0.10723849711920798
12867,2025-02-21,Priya Nair,North,Technology,Phones,458.98,0.24022707509289487,24.17,2025,2,0.05266024663384026
12868,2025-02-10,Rahul Jadhav,West,Office Supplies,Paper,75.94,0.24892741908630978,6.3,2025,2,0.0829602317619173
12869,2025-02-17,Rahul Jadhav,West,Office Supplies,Art,46.11,0.11961883910054523,6.25,2025,2,0.13554543482975492
12870,2025-02-05,Rahul Jadhav,West,Office Supplies,Paper,98.7,0.10992463706141287,13.75,2025,2,0.1393110435663627
12871,2025-02-03,Rahul Jadhav,West,Office Supplies,Art,37.12,0.05088580354578699,9.03,2025,2,0.24326508620689655
12872,2025-02-24,Rahul Jadhav,West,Technology,Accessories,319.5,0.12041125002647175,46.68,2025,2,0.14610328638497652
12873,2025-02-18,Rahul Jadhav,West,Technology,Phones,133.89,0.13314968337639976,8.25,2025,2,0.06161774591082232
12874,2025-02-20,Rahul Jadhav,West,Office Supplies,Paper,153.8,0.23130358933771086,20.18,2025,2,0.13120936280884263
12875,2025-02-17,Rahul Jadhav,West,Technology,Phones,267.55,0.19336138881647455,13.99,2025,2,0.05228929172117361
12876,2025-02-17,Rahul Jadhav,West,Furniture,Chairs,206.26,0.23830898497100633,14.68,2025,2,0.07117230679724619
12877,2025-02-23,Rahul Jadhav,West,Technology,Machines,157.09,0.20898150867140336,6.12,2025,2,0.03895855878795595
12878,2025-02-01,Rahul Jadhav,West,Furniture,Bookcases,71.69,0.2535704258548307,-5.19,2025,2,-0.0723950341749198
12879,2025-02-21,Rahul Jadhav,West,Furniture,Bookcases,474.86,0.025711993655525008,57.37,2025,2,0.12081455586909826
12880,2025-02-10,Rahul Jadhav,West,Technology,Phones,412.41,0.11918364794998665,29.06,2025,2,0.07046385878130985
12881,2025-02-07,Rahul Jadhav,West,Office Supplies,Binders,105.83,0.10378381090549109,-0.04,2025,2,-0.0003779646603042616
12882,2025-02-03,Rahul Jadhav,West,Technology,Machines,158.61,0.30894291545366137,-3.7,2025,2,-0.023327659037891683
12883,2025-02-10,Rahul Jadhav,West,Furniture,Tables,94.46,0.39190912665605143,-10.62,2025,2,-0.11242854118145247
12884,2025-02-07,Rahul Jadhav,West,Office Supplies,Art,67.9,0.03265887369326692,9.25,2025,2,0.13622974963181148
12885,2025-02-02,Rahul Jadhav,West,Furniture,Bookcases,42.47,0.14661639604644172,-3.83,2025,2,-0.09018130445020014
12886,2025-02-04,Rahul Jadhav,West,Office Supplies,Art,83.54,0.1510248523789947,7.45,2025,2,0.08917883648551592
12887,2025-02-18,Meera Singh,Central,Technology,Phones,173.34,0.2975049410102328,-3.57,2025,2,-0.020595361716857042
12888,2025-02-22,Meera Singh,Central,Furniture,Bookcases,239.87,0.03905939123362986,7.46,2025,2,0.031100179263767874
12889,2025-02-23,Meera Singh,Central,Office Supplies,Paper,154.16,0.1923255474073069,17.47,2025,2,0.11332381940840684
12890,2025-02-21,Meera Singh,Central,Furniture,Tables,74.29,0.02642955560431797,9.84,2025,2,0.132453896890564
12891,2025-02-04,Meera Singh,Central,Office Supplies,Art,121.53,0.38558225018067854,-6.31,2025,2,-0.05192133629556488
12892,2025-02-07,Meera Singh,Central,Furniture,Tables,111.81,0.05925488026800808,5.45,2025,2,0.04874340398890976
12893,2025-02-26,Meera Singh,Central,Furniture,Tables,92.14,0.16636220812403632,2.75,2025,2,0.02984588669416106
12894,2025-02-16,Meera Singh,Central,Technology,Machines,152.94,0.2714173529099561,-2.5,2025,2,-0.01634627958676605
12895,2025-02-02,Meera Singh,Central,Office Supplies,Binders,72.17,0.31768868705124603,1.84,2025,2,0.02549535818207011
12896,2025-02-10,Meera Singh,Central,Technology,Phones,98.24,0.27210398499196065,-2.56,2025,2,-0.026058631921824105
12897,2025-02-07,Meera Singh,Central,Office Supplies,Storage,57.82,0.184639213685322,6.55,2025,2,0.11328260117606365
12898,2025-02-05,Meera Singh,Central,Office Supplies,Paper,85.16,0.23293933229763797,3.24,2025,2,0.03804603100046971
12899,2025-02-06,Meera Singh,Central,Technology,Machines,496.44,0.13954728778056785,49.6,2025,2,0.09991136894690195
12900,2025-02-10,Meera Singh,Central,Office Supplies,Storage,83.03,0.11934011805283962,3.13,2025,2,0.03769721787305793
12901,2025-02-26,Meera Singh,Central,Technology,Accessories,98.49,0.256653938824284,-0.68,2025,2,-0.006904254239009038
12902,2025-02-20,Meera Singh,Central,Technology,Phones,461.09,0.08642822296131736,35.12,2025,2,0.07616734260122753
12903,2025-02-24,Meera Singh,Central,Office Supplies,Storage,74.02,0.11926315838580256,12.63,2025,2,0.17062955957849232
12904,2025-02-01,Meera Singh,Central,Office Supplies,Binders,76.49,0.14337811651714336,14.38,2025,2,0.1879984311674729
12905,2025-02-14,Meera Singh,Central,Furniture,Bookcases,130.04,0.23497640266166087,9.62,2025,2,0.07397723777299292
12906,2025-03-05,Aarav Sharma,West,Office Supplies,Binders,41.68,0.46616749930340284,-5.89,2025,3,-0.14131477927063338
12907,2025-03-04,Aarav Sharma,West,Furniture,Chairs,200.57,0.3729265645320166,-21.36,2025,3,-0.10649648501769955
12908,2025-03-22,Aarav Sharma,West,Technology,Machines,197.15,0.04728548030898828,31.78,2025,3,0.1611970580776059
12909,2025-03-17,Aarav Sharma,West,Furniture,Bookcases,206.92,0.14292902277876726,-5.07,2025,3,-0.02450222308138411
12910,2025-03-07,Aarav Sharma,West,Technology,Machines,210.46,0.16020650739584644,24.18,2025,3,0.11489119072507839
12911,2025-03-02,Aarav Sharma,West,Office Supplies,Art,111.64,0.09819997234655037,36.5,2025,3,0.32694374776065926
12912,2025-03-13,Aarav Sharma,West,Technology,Phones,129.06,0.4422208207021476,-5.62,2025,3,-0.043545637687897105
12913,2025-03-26,Aarav Sharma,West,Office Supplies,Art,98.44,0.0976247465695842,22.46,2025,3,0.22815928484355955
12914,2025-03-10,Aarav Sharma,West,Furniture,Bookcases,105.41,0.009520985533099123,14.03,2025,3,0.13309932643961672
12915,2025-03-04,Aarav Sharma,West,Furniture,Chairs,450.51,0.15373054403957293,-14.24,2025,3,-0.03160862134025882
12916,2025-03-02,Aarav Sharma,West,Furniture,Chairs,249.25,0.23374159759612773,-1.49,2025,3,-0.0059779338014042125
12917,2025-03-18,Aarav Sharma,West,Office Supplies,Art,37.76,0.17604124665212736,12.39,2025,3,0.32812500000000006
12918,2025-03-25,Aarav Sharma,West,Office Supplies,Storage,78.37,0.10190983869347436,9.17,2025,3,0.11700905958912848
12919,2025-03-06,Aarav Sharma,West,Technology,Accessories,139.87,0.004920129095442773,17.9,2025,3,0.12797597769357258
12920,2025-03-27,Aarav Sharma,West,Technology,Accessories,416.75,0.4162118258614866,-58.46,2025,3,-0.1402759448110378
12921,2025-03-23,Aarav Sharma,West,Furniture,Bookcases,52.7,0.16049852672166076,0.66,2025,3,0.012523719165085389
12922,2025-03-16,Aarav Sharma,West,Office Supplies,Storage,46.92,0.16919142294414383,9.44,2025,3,0.2011935208866155
12923,2025-03-19,Aarav Sharma,West,Furniture,Tables,47.09,0.11507403165519664,1.22,2025,3,0.025907836058611168
12924,2025-03-21,Aarav Sharma,West,Furniture,Bookcases,175.81,0.07922041175656097,6.94,2025,3,0.039474432626130485
12925,2025-03-17,Aarav Sharma,West,Office Supplies,Storage,70.63,0.1385404219417883,11.72,2025,3,0.165935155033272
12926,2025-03-12,Aarav Sharma,West,Furniture,Tables,183.15,0.07747326068745554,12.53,2025,3,0.06841386841386841
12927,2025-03-24,Aarav Sharma,West,Furniture,Bookcases,491.39,0.4975930770225589,-80.0,2025,3,-0.16280347585420948
12928,2025-03-14,Aarav Sharma,West,Furniture,Chairs,373.91,0.11174100074025518,68.37,2025,3,0.18285148832606776
12929,2025-03-18,Aarav Sharma,West,Office Supplies,Paper,41.34,0.2968102333703015,-0.28,2025,3,-0.006773101112723754
12930,2025-03-25,Aarav Sharma,West,Technology,Phones,200.67,0.2733738059973254,14.95,2025,3,0.07450042358100364
12931,2025-03-18,Aarav Sharma,West,Furniture,Tables,115.54,0.5105903896306687,-21.71,2025,3,-0.18790029427038255
12932,2025-03-05,Ananya Patil,West,Office Supplies,Storage,37.56,0.008790423892728777,12.14,2025,3,0.3232161874334398
12933,2025-03-03,Ananya Patil,West,Technology,Machines,145.84,0.3309042511491874,7.99,2025,3,0.05478606692265497
12934,2025-03-01,Ananya Patil,West,Furniture,Tables,85.93,0.19676916517151213,-1.02,2025,3,-0.011870126847433956
12935,2025-03-22,Ananya Patil,West,Furniture,Bookcases,186.5,0.4229073922706529,-23.85,2025,3,-0.12788203753351207
12936,2025-03-13,Ananya Patil,West,Office Supplies,Binders,82.48,0.2790680880561644,9.73,2025,3,0.11796799224054316
12937,2025-03-04,Ananya Patil,West,Office Supplies,Art,21.84,0.24689471029158871,0.47,2025,3,0.02152014652014652
12938,2025-03-13,Ananya Patil,West,Furniture,Chairs,172.17,0.13209848698195426,5.99,2025,3,0.03479119474937562
12939,2025-03-27,Ananya Patil,West,Office Supplies,Storage,76.48,0.09210205357373828,15.84,2025,3,0.20711297071129706
12940,2025-03-11,Ananya Patil,West,Furniture,Bookcases,97.34,0.06697053454753453,2.69,2025,3,0.027635093486747482
12941,2025-03-15,Ananya Patil,West,Technology,Accessories,302.66,0.1338463540984749,18.86,2025,3,0.06231414788872001
12942,2025-03-09,Ananya Patil,West,Office Supplies,Paper,43.08,0.10152999335866307,6.3,2025,3,0.14623955431754876
12943,2025-03-27,Ananya Patil,West,Furniture,Bookcases,484.77,0.021300806014937754,55.17,2025,3,0.11380654743486603
12944,2025-03-08,Ananya Patil,West,Furniture,Bookcases,41.0,0.10955598486450073,3.78,2025,3,0.09219512195121951
12945,2025-03-08,Ananya Patil,West,Technology,Phones,91.49,0.07870512936279868,16.41,2025,3,0.17936386490326814
12946,2025-03-01,Ananya Patil,West,Office Supplies,Art,64.43,0.45437826263817105,1.91,2025,3,0.02964457550830358
12947,2025-03-18,Ananya Patil,West,Technology,Phones,150.6,0.17457185565380012,12.64,2025,3,0.08393094289508633
12948,2025-03-15,Ananya Patil,West,Technology,Machines,106.08,0.05682579672862463,11.43,2025,3,0.10774886877828055
12949,2025-03-16,Ananya Patil,West,Furniture,Bookcases,149.33,0.2579508548077427,-7.9,2025,3,-0.052902966584075534
12950,2025-03-06,Ananya Patil,West,Office Supplies,Art,76.65,0.4600357804827374,1.3,2025,3,0.016960208741030658
12951,2025-03-09,Ananya Patil,West,Furniture,Chairs,133.91,0.09430092204586112,12.84,2025,3,0.09588529609439175
12952,2025-03-09,Ananya Patil,West,Office Supplies,Paper,50.98,0.2049156085176513,12.32,2025,3,0.24166339741074933
12953,2025-03-02,Ananya Patil,West,Furniture,Bookcases,398.23,0.13299974149003,5.74,2025,3,0.014413780980840217
12954,2025-03-15,Ananya Patil,West,Furniture,Tables,322.15,0.3285963886666281,-34.6,2025,3,-0.1074033835169952
12955,2025-03-02,Ananya Patil,West,Technology,Accessories,91.93,0.2582847819661139,0.64,2025,3,0.006961818775155009
12956,2025-03-10,Rohan Deshmukh,Central,Furniture,Tables,162.69,0.16061922878148924,5.65,2025,3,0.03472862499231668
12957,2025-03-20,Rohan Deshmukh,Central,Technology,Machines,411.1,0.30097304107426903,-2.76,2025,3,-0.006713694964728775
12958,2025-03-02,Rohan Deshmukh,Central,Office Supplies,Storage,51.15,0.32297033218805554,-0.63,2025,3,-0.012316715542521995
12959,2025-03-01,Rohan Deshmukh,Central,Furniture,Tables,343.51,0.18630439742510382,5.98,2025,3,0.017408517947075777
12960,2025-03-04,Rohan Deshmukh,Central,Technology,Phones,175.13,0.03676180728005688,39.34,2025,3,0.22463312967509852
12961,2025-03-11,Rohan Deshmukh,Central,Office Supplies,Storage,72.54,0.05730223957073956,12.42,2025,3,0.17121588089330023
12962,2025-03-22,Rohan Deshmukh,Central,Furniture,Bookcases,245.79,0.14189368702564858,2.65,2025,3,0.010781561495585663
12963,2025-03-21,Rohan Deshmukh,Central,Technology,Accessories,322.86,0.5375297843174932,-62.63,2025,3,-0.1939850089822214
12964,2025-03-24,Rohan Deshmukh,Central,Furniture,Bookcases,67.62,0.04679927356844833,7.08,2025,3,0.10470275066548358
12965,2025-03-03,Rohan Deshmukh,Central,Technology,Machines,42.53,0.23856658068189918,5.19,2025,3,0.12203150717140843
12966,2025-03-15,Rohan Deshmukh,Central,Furniture,Tables,59.63,0.16361664387135316,3.35,2025,3,0.056179775280898875
12967,2025-03-11,Rohan Deshmukh,Central,Furniture,Chairs,61.01,0.15712581605055012,4.15,2025,3,0.06802163579741027
12968,2025-03-14,Rohan Deshmukh,Central,Furniture,Tables,393.77,0.20480417553425306,-4.42,2025,3,-0.011224826675470452
12969,2025-03-21,Rohan Deshmukh,Central,Furniture,Chairs,91.93,0.39696576844129805,-10.33,2025,3,-0.11236810616773632
12970,2025-03-05,Rohan Deshmukh,Central,Furniture,Bookcases,172.95,0.35170920981942316,-24.51,2025,3,-0.14171725932350393
12971,2025-03-17,Rohan Deshmukh,Central,Office Supplies,Storage,40.26,0.13538418763581414,5.19,2025,3,0.12891207153502238
12972,2025-03-27,Rohan Deshmukh,Central,Technology,Machines,203.75,0.22821292035787727,14.2,2025,3,0.06969325153374233
12973,2025-03-22,Rohan Deshmukh,Central,Office Supplies,Art,110.68,0.11676585401708843,27.2,2025,3,0.24575352367184675
12974,2025-03-27,Rohan Deshmukh,Central,Office Supplies,Paper,44.15,0.2994022228264655,9.78,2025,3,0.22151755379388446
12975,2025-03-01,Rohan Deshmukh,Central,Technology,Phones,229.37,0.21892491154150565,7.39,2025,3,0.03221868596590661
12976,2025-03-22,Rohan Deshmukh,Central,Office Supplies,Paper,51.05,0.37559445736345354,0.65,2025,3,0.012732615083251715
12977,2025-03-26,Rohan Deshmukh,Central,Furniture,Chairs,182.11,0.14379936305244292,6.58,2025,3,0.03613200812695623
12978,2025-03-05,Rohan Deshmukh,Central,Furniture,Bookcases,432.31,0.12014890325560365,31.57,2025,3,0.07302630057134926
12979,2025-03-12,Isha Kulkarni,Central,Technology,Machines,99.31,0.05071116734664116,18.85,2025,3,0.18980968683919042
12980,2025-03-17,Isha Kulkarni,Central,Technology,Phones,400.56,0.26524788589178083,-0.04,2025,3,-9.986019572598362e-05
12981,2025-03-15,Isha Kulkarni,Central,Furniture,Bookcases,385.02,0.21002513283432014,-19.6,2025,3,-0.05090644641836788
12982,2025-03-05,Isha Kulkarni,Central,Office Supplies,Paper,102.41,0.14047766994964336,14.92,2025,3,0.14568889756859682
12983,2025-03-06,Isha Kulkarni,Central,Technology,Accessories,159.53,0.2249800747309336,12.5,2025,3,0.07835516830690152
12984,2025-03-22,Isha Kulkarni,Central,Technology,Phones,622.69,0.2251692040749955,35.2,2025,3,0.05652893092871252
12985,2025-03-25,Isha Kulkarni,Central,Furniture,Tables,140.55,0.08182866021545743,2.26,2025,3,0.016079686944147988
12986,2025-03-22,Isha Kulkarni,Central,Furniture,Bookcases,96.92,0.033675325356594434,16.52,2025,3,0.17044985555096986
12987,2025-03-01,Isha Kulkarni,Central,Technology,Machines,128.08,0.4165224832223607,-16.01,2025,3,-0.125
12988,2025-03-08,Isha Kulkarni,Central,Furniture,Bookcases,402.2,0.07110990610424266,28.14,2025,3,0.06996519144704128
12989,2025-03-14,Isha Kulkarni,Central,Office Supplies,Binders,50.62,0.19466245895827358,4.79,2025,3,0.0946266297905966
12990,2025-03-21,Isha Kulkarni,Central,Furniture,Bookcases,111.63,0.24069941216826457,-7.19,2025,3,-0.06440920899399803
12991,2025-03-10,Isha Kulkarni,Central,Office Supplies,Art,55.35,0.025289277969952357,7.28,2025,3,0.13152664859981933
12992,2025-03-19,Isha Kulkarni,Central,Office Supplies,Art,68.3,0.21140446694933876,1.35,2025,3,0.019765739385065886
12993,2025-03-20,Isha Kulkarni,Central,Office Supplies,Binders,56.48,0.2610762034109808,0.9,2025,3,0.01593484419263456
12994,2025-03-02,Vikram Joshi,East,Furniture,Tables,61.88,0.018576058781807344,11.53,2025,3,0.18632837750484807
12995,2025-03-23,Vikram Joshi,East,Furniture,Chairs,358.72,0.37030686748196995,-37.31,2025,3,-0.10400869759143622
12996,2025-03-12,Vikram Joshi,East,Furniture,Bookcases,141.46,0.5390815559902605,-24.62,2025,3,-0.17404213205146332
12997,2025-03-13,Vikram Joshi,East,Office Supplies,Paper,41.68,0.10055104955197686,0.1,2025,3,0.002399232245681382
12998,2025-03-09,Vikram Joshi,East,Furniture,Bookcases,129.49,0.18894275213668474,-5.17,2025,3,-0.03992586300100393
12999,2025-03-12,Vikram Joshi,East,Furniture,Bookcases,161.13,0.05327796568121432,6.22,2025,3,0.038602370756531994
13000,2025-03-01,Vikram Joshi,East,Office Supplies,Paper,61.58,0.2207059479056103,2.36,2025,3,0.03832413121143228
13001,2025-03-07,Vikram Joshi,East,Office Supplies,Binders,84.15,0.13653993092569067,8.81,2025,3,0.10469399881164587
13002,2025-03-04,Vikram Joshi,East,Office Supplies,Storage,69.35,0.09172375905901434,15.84,2025,3,0.22840663302090844
13003,2025-03-14,Vikram Joshi,East,Furniture,Tables,460.07,0.18617568383159147,5.92,2025,3,0.012867607103266895
13004,2025-03-05,Vikram Joshi,East,Office Supplies,Binders,39.02,0.26442687675264115,-4.6,2025,3,-0.1178882624295233
13005,2025-03-04,Vikram Joshi,East,Furniture,Chairs,317.31,0.08692731853176668,25.92,2025,3,0.08168667864233715
13006,2025-03-02,Vikram Joshi,East,Technology,Phones,193.59,0.05455312826558665,37.26,2025,3,0.1924686192468619
13007,2025-03-17,Vikram Joshi,East,Office Supplies,Paper,49.63,0.09697613588749028,9.9,2025,3,0.19947612331251258
13008,2025-03-19,Vikram Joshi,East,Technology,Accessories,459.42,0.03452709899334355,97.7,2025,3,0.21265944016368465
13009,2025-03-05,Vikram Joshi,East,Furniture,Bookcases,120.58,0.2650922339344278,-1.98,2025,3,-0.016420633604246143
13010,2025-03-16,Vikram Joshi,East,Furniture,Tables,136.16,0.044011589344439266,17.12,2025,3,0.12573443008225618
13011,2025-03-26,Vikram Joshi,East,Technology,Phones,176.8,0.26819042185196584,8.22,2025,3,0.04649321266968326
13012,2025-03-13,Vikram Joshi,East,Technology,Accessories,260.5,0.32163214345739183,-6.03,2025,3,-0.023147792706333974
13013,2025-03-08,Vikram Joshi,East,Furniture,Chairs,361.46,0.09098433399467885,0.15,2025,3,0.00041498367730869254
13014,2025-03-07,Vikram Joshi,East,Technology,Accessories,109.34,0.4544770042794719,1.26,2025,3,0.011523687580025609
13015,2025-03-27,Vikram Joshi,East,Furniture,Tables,380.43,0.14920316950194432,19.36,2025,3,0.05088978261441001
13016,2025-03-10,Vikram Joshi,East,Office Supplies,Storage,45.16,0.09051322704938965,7.5,2025,3,0.16607617360496016
13017,2025-03-01,Sneha More,East,Technology,Accessories,117.32,0.30290203168505286,2.61,2025,3,0.022246846232526422
13018,2025-03-19,Sneha More,East,Furniture,Tables,202.38,0.23229752712708954,10.14,2025,3,0.05010376519418915
13019,2025-03-14,Sneha More,East,Technology,Accessories,131.2,0.21230128002165818,5.14,2025,3,0.03917682926829268
13020,2025-03-16,Sneha More,East,Office Supplies,Art,33.29,0.09515888918156706,8.57,2025,3,0.25743466506458396
13021,2025-03-06,Sneha More,East,Technology,Machines,60.47,0.4237200792515979,-4.79,2025,3,-0.07921283280965769
13022,2025-03-15,Sneha More,East,Furniture,Tables,315.86,0.31994245542230293,-19.35,2025,3,-0.061261318305578426
13023,2025-03-02,Sneha More,East,Furniture,Tables,181.95,0.045828287136944416,22.71,2025,3,0.12481450948062656
13024,2025-03-23,Sneha More,East,Office Supplies,Storage,114.55,0.04763495630768269,10.67,2025,3,0.09314709733740725
13025,2025-03-05,Sneha More,East,Furniture,Tables,96.06,0.32914340517903534,-0.29,2025,3,-0.003018946491775973
13026,2025-03-18,Sneha More,East,Furniture,Bookcases,247.73,0.08073797226131374,19.42,2025,3,0.07839179752149518
13027,2025-03-27,Sneha More,East,Technology,Phones,189.77,0.09691132343014873,20.67,2025,3,0.10892132581546082
13028,2025-03-12,Sneha More,East,Technology,Machines,438.33,0.07086908874111651,46.14,2025,3,0.10526315789473685
13029,2025-03-09,Sneha More,East,Technology,Phones,379.46,0.49479592948842,-29.82,2025,3,-0.07858535814051547
13030,2025-03-01,Sneha More,East,Technology,Phones,114.73,0.16760764370963285,8.15,2025,3,0.07103634620413143
13031,2025-03-25,Sneha More,East,Technology,Machines,196.92,0.10389647488704187,20.24,2025,3,0.10278285598212472
13032,2025-03-14,Sneha More,East,Furniture,Bookcases,125.04,0.3361635648205454,-17.31,2025,3,-0.13843570057581572
13033,2025-03-04,Sneha More,East,Office Supplies,Storage,68.06,0.2694780717610472,12.99,2025,3,0.1908610049955921
13034,2025-03-12,Sneha More,East,Furniture,Bookcases,276.71,0.15443385406484653,9.41,2025,3,0.03400672183874815
13035,2025-03-14,Sneha More,East,Technology,Phones,101.51,0.037079915499718306,12.25,2025,3,0.12067776573736577
13036,2025-03-10,Aditya Shah,South,Technology,Machines,391.32,0.17398822124720764,41.19,2025,3,0.1052591229684146
13037,2025-03-04,Aditya Shah,South,Office Supplies,Storage,67.6,0.09173216213277742,11.93,2025,3,0.17647928994082843
13038,2025-03-19,Aditya Shah,South,Technology,Machines,1400.15,0.1713328466188608,115.45,2025,3,0.08245545120165697
13039,2025-03-07,Aditya Shah,South,Technology,Machines,310.92,0.0038917603681036363,60.33,2025,3,0.1940370513315322
13040,2025-03-01,Aditya Shah,South,Furniture,Tables,347.68,0.0361937909440506,22.37,2025,3,0.06434077312471238
13041,2025-03-26,Aditya Shah,South,Technology,Machines,91.0,0.23328019361433766,3.58,2025,3,0.03934065934065934
13042,2025-03-12,Aditya Shah,South,Office Supplies,Art,43.17,0.07498301251072295,8.66,2025,3,0.20060227009497336
13043,2025-03-23,Aditya Shah,South,Technology,Machines,78.78,0.2972754845256269,-3.78,2025,3,-0.04798172124904798
13044,2025-03-18,Aditya Shah,South,Furniture,Chairs,267.44,0.2029890934657171,-1.42,2025,3,-0.005309602153754113
13045,2025-03-14,Aditya Shah,South,Office Supplies,Binders,49.39,0.3236102846942972,1.57,2025,3,0.03178781129783357
13046,2025-03-25,Aditya Shah,South,Office Supplies,Paper,63.07,0.19070009202913607,7.42,2025,3,0.11764705882352941
13047,2025-03-17,Aditya Shah,South,Office Supplies,Binders,78.19,0.21075436931990058,7.63,2025,3,0.09758281110116383
13048,2025-03-03,Aditya Shah,South,Technology,Accessories,645.23,0.14005439803580708,114.6,2025,3,0.17761108441950932
13049,2025-03-19,Aditya Shah,South,Furniture,Bookcases,195.66,0.10562490543052433,8.31,2025,3,0.04247163446795462
13050,2025-03-10,Aditya Shah,South,Office Supplies,Art,58.89,0.09334304077095618,9.88,2025,3,0.1677704194260486
13051,2025-03-05,Aditya Shah,South,Furniture,Bookcases,82.94,0.30210104509090635,-5.19,2025,3,-0.06257535567880396
13052,2025-03-07,Aditya Shah,South,Technology,Machines,73.62,0.1666082258952142,3.4,2025,3,0.04618310241782124
13053,2025-03-27,Aditya Shah,South,Office Supplies,Binders,20.98,0.18301052088646244,5.98,2025,3,0.28503336510962823
13054,2025-03-10,Aditya Shah,South,Furniture,Tables,173.73,0.0901805316470041,-0.98,2025,3,-0.005640937086283313
13055,2025-03-07,Aditya Shah,South,Office Supplies,Art,41.24,0.2975911903713041,3.55,2025,3,0.08608147429679922
13056,2025-03-23,Aditya Shah,South,Furniture,Chairs,61.58,0.364335319359372,-2.04,2025,3,-0.03312763884378045
13057,2025-03-13,Aditya Shah,South,Furniture,Bookcases,77.75,0.2815726335546514,-6.25,2025,3,-0.08038585209003216
13058,2025-03-16,Aditya Shah,South,Furniture,Bookcases,299.94,0.14910229781599255,20.22,2025,3,0.06741348269653931
13059,2025-03-20,Aditya Shah,South,Furniture,Bookcases,73.07,0.09636741217076036,12.37,2025,3,0.16928972218420693
13060,2025-03-18,Aditya Shah,South,Office Supplies,Paper,120.6,0.1570308273613158,17.06,2025,3,0.14145936981757876
13061,2025-03-01,Neha Pawar,South,Office Supplies,Art,95.37,0.11178164973311149,12.61,2025,3,0.13222187270630176
13062,2025-03-24,Neha Pawar,South,Furniture,Bookcases,149.24,0.20205002130283634,-0.15,2025,3,-0.0010050924685071027
13063,2025-03-18,Neha Pawar,South,Furniture,Chairs,99.62,0.08158465113234016,13.78,2025,3,0.13832563742220436
13064,2025-03-20,Neha Pawar,South,Technology,Machines,102.61,0.2032095565151439,2.68,2025,3,0.02611831205535523
13065,2025-03-25,Neha Pawar,South,Furniture,Bookcases,274.0,0.1425844245043622,5.46,2025,3,0.019927007299270074
13066,2025-03-01,Neha Pawar,South,Furniture,Bookcases,131.51,0.20191394866628062,1.53,2025,3,0.011634096266443617
13067,2025-03-24,Neha Pawar,South,Office Supplies,Storage,87.17,0.11345759966488735,14.32,2025,3,0.16427670069978204
13068,2025-03-05,Neha Pawar,South,Furniture,Bookcases,79.78,0.4081333018881708,0.97,2025,3,0.012158435698169967
13069,2025-03-02,Neha Pawar,South,Technology,Accessories,170.47,0.032171776947390894,24.0,2025,3,0.14078723529066697
13070,2025-03-03,Neha Pawar,South,Furniture,Bookcases,84.15,0.23396802823016288,-5.79,2025,3,-0.06880570409982174
13071,2025-03-13,Neha Pawar,South,Furniture,Chairs,52.2,0.24583040404074855,-3.23,2025,3,-0.06187739463601532
13072,2025-03-21,Neha Pawar,South,Furniture,Bookcases,196.43,0.2212273444296022,-3.72,2025,3,-0.018938044086952096
13073,2025-03-12,Neha Pawar,South,Office Supplies,Binders,64.22,0.12519283715852947,9.67,2025,3,0.15057614450327
13074,2025-03-01,Neha Pawar,South,Technology,Machines,176.09,0.036294252364218044,20.96,2025,3,0.1190300414560736
13075,2025-03-17,Neha Pawar,South,Office Supplies,Paper,111.24,0.23217491554181344,28.64,2025,3,0.2574613448399856
13076,2025-03-08,Neha Pawar,South,Technology,Machines,246.82,0.1386794655694622,24.3,2025,3,0.09845231342678876
13077,2025-03-18,Neha Pawar,South,Furniture,Chairs,98.36,0.35593888455218464,-11.15,2025,3,-0.11335908906059375
13078,2025-03-19,Neha Pawar,South,Furniture,Tables,139.44,0.10021678112988108,5.28,2025,3,0.0378657487091222
13079,2025-03-04,Neha Pawar,South,Office Supplies,Paper,100.18,0.03985561930319833,13.92,2025,3,0.13894989019764423
13080,2025-03-03,Neha Pawar,South,Technology,Accessories,149.88,0.30352983710859477,4.25,2025,3,0.028356018147851617
13081,2025-03-01,Neha Pawar,South,Technology,Machines,134.16,0.16689823003993884,4.95,2025,3,0.03689624329159213
13082,2025-03-20,Neha Pawar,South,Technology,Phones,59.41,0.12969993773411898,5.06,2025,3,0.08517084665881165
13083,2025-03-23,Neha Pawar,South,Furniture,Bookcases,372.98,0.19730499019836706,-2.67,2025,3,-0.007158560780738913
13084,2025-03-16,Kunal Mehta,North,Technology,Phones,47.08,0.11665233121889547,6.27,2025,3,0.13317757009345793
13085,2025-03-24,Kunal Mehta,North,Office Supplies,Storage,69.91,0.48570842398373015,-3.68,2025,3,-0.05263910742383064
13086,2025-03-02,Kunal Mehta,North,Technology,Accessories,248.47,0.1933275900612286,27.25,2025,3,0.10967118766853141
13087,2025-03-19,Kunal Mehta,North,Technology,Machines,77.05,0.19525188391237475,2.02,2025,3,0.026216742375081117
13088,2025-03-24,Kunal Mehta,North,Office Supplies,Paper,81.3,0.2546905749052892,10.43,2025,3,0.12829028290282904
13089,2025-03-02,Kunal Mehta,North,Office Supplies,Paper,44.01,0.3110367872849679,5.09,2025,3,0.11565553283344694
13090,2025-03-05,Kunal Mehta,North,Technology,Phones,330.78,0.3286764758584452,-5.75,2025,3,-0.017383154967047586
13091,2025-03-06,Kunal Mehta,North,Furniture,Chairs,78.91,0.05657417974899206,10.48,2025,3,0.13280952984412622
13092,2025-03-13,Kunal Mehta,North,Furniture,Tables,410.31,0.031283342481638464,56.44,2025,3,0.13755453193926542
13093,2025-03-04,Kunal Mehta,North,Technology,Phones,128.82,0.65,-28.12,2025,3,-0.21828908554572274
13094,2025-03-09,Kunal Mehta,North,Technology,Accessories,206.78,0.39964025378726203,-14.31,2025,3,-0.06920398491150015
13095,2025-03-02,Kunal Mehta,North,Office Supplies,Art,53.33,0.1723828802513262,8.02,2025,3,0.15038439902493905
13096,2025-03-02,Kunal Mehta,North,Furniture,Bookcases,132.78,0.0782717501686105,7.27,2025,3,0.05475222172013857
13097,2025-03-23,Kunal Mehta,North,Office Supplies,Paper,38.75,0.20181886244357555,4.9,2025,3,0.12645161290322582
13098,2025-03-15,Kunal Mehta,North,Furniture,Tables,142.03,0.19382265795096004,3.05,2025,3,0.021474336407801168
13099,2025-03-03,Priya Nair,North,Furniture,Chairs,138.54,0.4347794806491518,-13.25,2025,3,-0.095640248303739
13100,2025-03-06,Priya Nair,North,Technology,Accessories,180.06,0.16484976367358922,30.51,2025,3,0.16944351882705766
13101,2025-03-18,Priya Nair,North,Office Supplies,Binders,64.25,0.10788002600144858,13.95,2025,3,0.21712062256809336
13102,2025-03-07,Priya Nair,North,Furniture,Bookcases,236.66,0.035147120052703866,30.52,2025,3,0.12896137919378012
13103,2025-03-12,Priya Nair,North,Technology,Phones,245.66,0.20594337473865174,15.52,2025,3,0.06317674835137996
13104,2025-03-07,Priya Nair,North,Furniture,Tables,183.99,0.13473477333310277,13.06,2025,3,0.07098211859340181
13105,2025-03-03,Priya Nair,North,Office Supplies,Storage,85.76,0.09460216438033132,10.12,2025,3,0.11800373134328357
13106,2025-03-13,Priya Nair,North,Furniture,Chairs,159.15,0.01787473274188011,22.04,2025,3,0.13848570530945647
13107,2025-03-12,Priya Nair,North,Office Supplies,Paper,25.58,0.5318672975421052,-3.12,2025,3,-0.12197028928850666
13108,2025-03-02,Priya Nair,North,Furniture,Chairs,281.44,0.10815226810765606,16.52,2025,3,0.05869812393405344
13109,2025-03-11,Priya Nair,North,Furniture,Tables,226.67,0.25226113954563867,7.41,2025,3,0.03269069572506287
13110,2025-03-05,Priya Nair,North,Furniture,Bookcases,90.36,0.3156622724966556,-5.04,2025,3,-0.055776892430278883
13111,2025-03-13,Priya Nair,North,Office Supplies,Paper,29.65,0.46011953550420426,-3.66,2025,3,-0.12344013490725128
13112,2025-03-05,Priya Nair,North,Office Supplies,Paper,47.57,0.49175652763227257,-7.56,2025,3,-0.1589236914021442
13113,2025-03-04,Rahul Jadhav,West,Furniture,Tables,81.68,0.2365545616888208,1.67,2025,3,0.020445641527913807
13114,2025-03-13,Rahul Jadhav,West,Furniture,Bookcases,154.33,0.008733698952457477,18.54,2025,3,0.12013218428043801
13115,2025-03-20,Rahul Jadhav,West,Office Supplies,Paper,89.35,0.2536178455105199,2.01,2025,3,0.022495803021824287
13116,2025-03-27,Rahul Jadhav,West,Technology,Machines,72.48,0.12965779751827922,3.16,2025,3,0.04359823399558499
13117,2025-03-27,Rahul Jadhav,West,Office Supplies,Art,29.26,0.29167833017610634,-2.89,2025,3,-0.09876965140123035
13118,2025-03-23,Rahul Jadhav,West,Technology,Phones,236.92,0.1312260989437607,19.9,2025,3,0.08399459733243289
13119,2025-03-01,Rahul Jadhav,West,Furniture,Tables,274.23,0.15990222989293496,5.64,2025,3,0.020566677606388795
13120,2025-03-19,Rahul Jadhav,West,Technology,Phones,127.05,0.2526247324774507,2.18,2025,3,0.017158598976780796
13121,2025-03-19,Rahul Jadhav,West,Technology,Phones,59.08,0.49021699389227846,-2.4,2025,3,-0.040622884224779957
13122,2025-03-07,Rahul Jadhav,West,Technology,Accessories,295.94,0.30398045897005355,-3.62,2025,3,-0.012232209231601001
13123,2025-03-10,Rahul Jadhav,West,Technology,Phones,691.31,0.24160793110910467,43.45,2025,3,0.06285168737614096
13124,2025-03-14,Rahul Jadhav,West,Technology,Accessories,219.75,0.18111584075605563,17.26,2025,3,0.07854379977246873
13125,2025-03-05,Rahul Jadhav,West,Furniture,Chairs,115.65,0.2597479195194479,2.46,2025,3,0.02127107652399481
13126,2025-03-03,Rahul Jadhav,West,Technology,Phones,151.92,0.4435027218185543,-9.61,2025,3,-0.06325697735650343
13127,2025-03-23,Rahul Jadhav,West,Technology,Phones,144.9,0.05320709302664242,26.3,2025,3,0.18150448585231194
13128,2025-03-24,Rahul Jadhav,West,Furniture,Chairs,107.69,0.393038543240039,-13.82,2025,3,-0.12833132138545827
13129,2025-03-15,Meera Singh,Central,Office Supplies,Binders,35.67,0.27459742756841615,-3.57,2025,3,-0.10008410428931874
13130,2025-03-20,Meera Singh,Central,Technology,Phones,421.82,0.12393894127473727,54.11,2025,3,0.1282774643212745
13131,2025-03-15,Meera Singh,Central,Office Supplies,Paper,33.6,0.3549891272048931,3.79,2025,3,0.11279761904761905
13132,2025-03-17,Meera Singh,Central,Office Supplies,Binders,49.25,0.208790616273757,11.03,2025,3,0.22395939086294414
13133,2025-03-20,Meera Singh,Central,Technology,Machines,341.93,0.030470871568808258,46.88,2025,3,0.137104085631562
13134,2025-03-08,Meera Singh,Central,Furniture,Tables,111.46,0.11291160618717393,7.21,2025,3,0.06468688318679347
13135,2025-03-17,Meera Singh,Central,Technology,Phones,84.25,0.24043098282746667,6.47,2025,3,0.07679525222551928
13136,2025-03-26,Meera Singh,Central,Furniture,Tables,131.54,0.1890186850178687,4.37,2025,3,0.03322183366276418
13137,2025-03-09,Meera Singh,Central,Furniture,Chairs,146.89,0.24649472024430208,-0.39,2025,3,-0.0026550479950983733
13138,2025-03-07,Meera Singh,Central,Furniture,Tables,56.35,0.08769209607431884,7.1,2025,3,0.12599822537710736
13139,2025-03-19,Meera Singh,Central,Furniture,Bookcases,60.55,0.20916012085648414,-0.03,2025,3,-0.000495458298926507
13140,2025-03-11,Meera Singh,Central,Furniture,Tables,143.01,0.1268345694811865,10.62,2025,3,0.07426054122089365
13141,2025-04-19,Aarav Sharma,West,Office Supplies,Binders,94.82,0.10886535911364646,22.72,2025,4,0.23961189622442522
13142,2025-04-02,Aarav Sharma,West,Office Supplies,Storage,95.06,0.046251766887138654,16.64,2025,4,0.17504733852303808
13143,2025-04-21,Aarav Sharma,West,Office Supplies,Binders,23.27,0.25966697729995125,8.92,2025,4,0.38332617103566824
13144,2025-04-12,Aarav Sharma,West,Furniture,Chairs,139.87,0.45110169872033373,-27.14,2025,4,-0.194037320368914
13145,2025-04-05,Aarav Sharma,West,Office Supplies,Binders,56.34,0.33921483810193537,-7.26,2025,4,-0.1288604898828541
13146,2025-04-04,Aarav Sharma,West,Furniture,Chairs,116.37,0.23759063310067335,1.01,2025,4,0.008679212855546962
13147,2025-04-19,Aarav Sharma,West,Office Supplies,Paper,56.63,0.09961513566723713,12.83,2025,4,0.2265583612926011
13148,2025-04-23,Aarav Sharma,West,Furniture,Tables,105.28,0.230094538791877,-2.56,2025,4,-0.0243161094224924
13149,2025-04-14,Aarav Sharma,West,Furniture,Chairs,108.46,0.16844732279563088,-4.22,2025,4,-0.03890835330997603
13150,2025-04-08,Aarav Sharma,West,Furniture,Tables,143.81,0.11875388127035043,16.75,2025,4,0.11647312426117794
13151,2025-04-26,Aarav Sharma,West,Furniture,Bookcases,100.3,0.1522052696522837,11.66,2025,4,0.11625124626121636
13152,2025-04-23,Aarav Sharma,West,Furniture,Bookcases,98.54,0.2183568161480288,3.3,2025,4,0.03348893850213111
13153,2025-04-09,Aarav Sharma,West,Office Supplies,Art,74.99,0.11862033465898246,13.84,2025,4,0.18455794105880785
13154,2025-04-06,Aarav Sharma,West,Technology,Machines,195.25,0.020944065288279,25.49,2025,4,0.13055057618437899
13155,2025-04-19,Aarav Sharma,West,Technology,Machines,264.03,0.29329990452496074,-8.6,2025,4,-0.032572056205734196
13156,2025-04-10,Aarav Sharma,West,Furniture,Bookcases,108.85,0.2553746218478316,-8.93,2025,4,-0.08203950390445568
13157,2025-04-02,Aarav Sharma,West,Furniture,Chairs,81.99,0.23293460373457855,1.42,2025,4,0.017319185266495913
13158,2025-04-09,Aarav Sharma,West,Furniture,Tables,97.79,0.1051464821913438,8.48,2025,4,0.08671643317312608
13159,2025-04-27,Ananya Patil,West,Furniture,Tables,278.0,0.06893150807131887,15.97,2025,4,0.05744604316546763
13160,2025-04-16,Ananya Patil,West,Office Supplies,Storage,262.83,0.2013412982375387,30.17,2025,4,0.11478902712780126
13161,2025-04-13,Ananya Patil,West,Office Supplies,Paper,60.58,0.39972859092227914,1.92,2025,4,0.03169362826015187
13162,2025-04-07,Ananya Patil,West,Technology,Machines,296.26,0.13181496349000985,9.91,2025,4,0.03345034766758928
13163,2025-04-14,Ananya Patil,West,Office Supplies,Paper,74.08,0.3834412449432567,-1.6,2025,4,-0.021598272138228944
13164,2025-04-17,Ananya Patil,West,Furniture,Chairs,36.43,0.14139479710251893,10.26,2025,4,0.28163601427395
13165,2025-04-08,Ananya Patil,West,Office Supplies,Art,100.28,0.19324455717975028,9.25,2025,4,0.09224172317510969
13166,2025-04-06,Ananya Patil,West,Technology,Phones,243.9,0.06922690347884193,29.5,2025,4,0.12095120951209512
13167,2025-04-03,Ananya Patil,West,Office Supplies,Art,28.7,0.07796302682960514,4.17,2025,4,0.14529616724738675
13168,2025-04-19,Ananya Patil,West,Technology,Accessories,91.94,0.09171539983473113,13.04,2025,4,0.14183162932347182
13169,2025-04-19,Ananya Patil,West,Office Supplies,Paper,89.86,0.4851935596066804,0.58,2025,4,0.006454484754061874
13170,2025-04-19,Ananya Patil,West,Technology,Machines,121.42,0.49100244885716066,-13.15,2025,4,-0.10830176247735135
13171,2025-04-09,Ananya Patil,West,Furniture,Tables,62.56,0.11749092450993702,5.42,2025,4,0.08663682864450127
13172,2025-04-26,Ananya Patil,West,Office Supplies,Art,31.58,0.08326490598843245,4.17,2025,4,0.13204559848005068
13173,2025-04-25,Ananya Patil,West,Office Supplies,Art,119.47,0.06855465962655966,26.68,2025,4,0.2233196618397924
13174,2025-04-04,Rohan Deshmukh,Central,Furniture,Tables,121.86,0.13392291693428707,5.43,2025,4,0.04455933037912358
13175,2025-04-01,Rohan Deshmukh,Central,Furniture,Tables,111.97,0.19627994510328023,3.2,2025,4,0.028579083683129412
13176,2025-04-26,Rohan Deshmukh,Central,Furniture,Tables,144.05,0.17699792088488076,6.89,2025,4,0.047830614370010405
13177,2025-04-09,Rohan Deshmukh,Central,Office Supplies,Binders,48.54,0.21219186394597245,4.88,2025,4,0.10053564070869386
13178,2025-04-23,Rohan Deshmukh,Central,Furniture,Tables,150.29,0.12439504939154562,2.79,2025,4,0.018564109388515538
13179,2025-04-10,Rohan Deshmukh,Central,Technology,Machines,203.8,0.39898545933170554,-24.51,2025,4,-0.12026496565260059
13180,2025-04-26,Rohan Deshmukh,Central,Technology,Accessories,270.56,0.26572446124116855,-0.4,2025,4,-0.0014784151389710231
13181,2025-04-10,Rohan Deshmukh,Central,Technology,Accessories,120.02,0.20220798230172934,16.18,2025,4,0.13481086485585736
13182,2025-04-09,Rohan Deshmukh,Central,Technology,Accessories,110.07,0.3300343196951972,-3.68,2025,4,-0.03343326973743981
13183,2025-04-23,Rohan Deshmukh,Central,Office Supplies,Art,60.19,0.18783212836381002,9.42,2025,4,0.15650440272470512
13184,2025-04-18,Rohan Deshmukh,Central,Furniture,Chairs,96.84,0.4672662815349802,-23.22,2025,4,-0.23977695167286242
13185,2025-04-20,Rohan Deshmukh,Central,Office Supplies,Art,39.68,0.3578237452267121,7.75,2025,4,0.1953125
13186,2025-04-27,Rohan Deshmukh,Central,Furniture,Bookcases,122.34,0.044049991730970094,13.69,2025,4,0.11190125878698708
13187,2025-04-12,Rohan Deshmukh,Central,Office Supplies,Binders,40.62,0.35475845663917316,5.77,2025,4,0.14204825209256525
13188,2025-04-26,Rohan Deshmukh,Central,Technology,Phones,487.54,0.31416247826975263,9.0,2025,4,0.018460023792919555
13189,2025-04-08,Rohan Deshmukh,Central,Office Supplies,Paper,93.17,0.08302355586549026,14.74,2025,4,0.15820543093270367
13190,2025-04-23,Isha Kulkarni,Central,Office Supplies,Paper,61.86,0.20639226512635767,9.89,2025,4,0.159877141933398
13191,2025-04-10,Isha Kulkarni,Central,Office Supplies,Binders,90.17,0.18123851503762514,11.94,2025,4,0.1324165465232339
13192,2025-04-18,Isha Kulkarni,Central,Furniture,Tables,183.41,0.3456248705337434,-23.78,2025,4,-0.12965487159914946
13193,2025-04-12,Isha Kulkarni,Central,Office Supplies,Art,52.39,0.09648856787699285,10.77,2025,4,0.20557358274479862
13194,2025-04-21,Isha Kulkarni,Central,Office Supplies,Storage,40.05,0.026847547662343995,15.36,2025,4,0.38352059925093634
13195,2025-04-25,Isha Kulkarni,Central,Technology,Phones,41.13,0.20248546472610718,3.37,2025,4,0.08193532701191344
13196,2025-04-04,Isha Kulkarni,Central,Office Supplies,Storage,264.37,0.10327255757160511,31.04,2025,4,0.11741120399440177
13197,2025-04-04,Isha Kulkarni,Central,Furniture,Bookcases,84.25,0.14212111750867557,-0.85,2025,4,-0.010089020771513352
13198,2025-04-02,Isha Kulkarni,Central,Office Supplies,Paper,56.33,0.2257745918034249,5.78,2025,4,0.10260962187111664
13199,2025-04-20,Isha Kulkarni,Central,Office Supplies,Paper,29.2,0.2565610809810737,0.37,2025,4,0.012671232876712329
13200,2025-04-01,Isha Kulkarni,Central,Technology,Machines,219.8,0.12472572468145524,11.91,2025,4,0.05418562329390355
13201,2025-04-22,Isha Kulkarni,Central,Office Supplies,Paper,109.0,0.03622741406867183,16.77,2025,4,0.15385321100917432
13202,2025-04-10,Isha Kulkarni,Central,Technology,Phones,483.55,0.2553867569513703,2.58,2025,4,0.005335539241029883
13203,2025-04-11,Isha Kulkarni,Central,Furniture,Tables,510.19,0.08447838102613527,26.44,2025,4,0.05182383033771732
13204,2025-04-14,Isha Kulkarni,Central,Technology,Accessories,74.97,0.3691910101557217,-3.14,2025,4,-0.04188342003468054
13205,2025-04-03,Isha Kulkarni,Central,Furniture,Chairs,115.26,0.23772311520946407,9.78,2025,4,0.08485163977095261
13206,2025-04-14,Vikram Joshi,East,Technology,Accessories,160.2,0.14270712992916001,13.14,2025,4,0.08202247191011237
13207,2025-04-10,Vikram Joshi,East,Furniture,Tables,66.09,0.13056709716857653,8.73,2025,4,0.13209260099863823
13208,2025-04-19,Vikram Joshi,East,Furniture,Bookcases,99.09,0.0729370266242476,4.39,2025,4,0.04430315874457563
13209,2025-04-20,Vikram Joshi,East,Furniture,Chairs,924.74,0.29640869165447425,8.47,2025,4,0.009159331271492528
13210,2025-04-17,Vikram Joshi,East,Office Supplies,Storage,156.32,0.3315737088362283,9.59,2025,4,0.06134851586489253
13211,2025-04-04,Vikram Joshi,East,Office Supplies,Paper,110.52,0.17818092389754947,18.93,2025,4,0.17128121606948968
13212,2025-04-11,Vikram Joshi,East,Technology,Accessories,156.55,0.35610475269660663,8.06,2025,4,0.05148514851485148
13213,2025-04-17,Vikram Joshi,East,Technology,Phones,156.6,0.19145844649646307,12.14,2025,4,0.07752234993614304
13214,2025-04-05,Vikram Joshi,East,Furniture,Chairs,275.16,0.15451256737922694,-2.57,2025,4,-0.009340020351795318
13215,2025-04-08,Vikram Joshi,East,Furniture,Chairs,40.6,0.4200282854429459,-11.44,2025,4,-0.2817733990147783
13216,2025-04-06,Vikram Joshi,East,Furniture,Bookcases,57.61,0.05233247117038211,1.39,2025,4,0.02412775559798646
13217,2025-04-09,Vikram Joshi,East,Furniture,Chairs,173.92,0.04423119078678932,12.19,2025,4,0.07008969641214352
13218,2025-04-19,Vikram Joshi,East,Office Supplies,Binders,94.75,0.21970444374109122,2.71,2025,4,0.028601583113456463
13219,2025-04-24,Vikram Joshi,East,Office Supplies,Art,93.16,0.21937989035628652,6.78,2025,4,0.07277801631601546
13220,2025-04-25,Vikram Joshi,East,Technology,Machines,95.11,0.40109666062929294,-7.49,2025,4,-0.07875091998738304
13221,2025-04-20,Sneha More,East,Furniture,Tables,230.53,0.1505839007966155,22.24,2025,4,0.09647334403331453
13222,2025-04-26,Sneha More,East,Technology,Phones,135.86,0.5360043443235083,-20.82,2025,4,-0.15324598851759164
13223,2025-04-06,Sneha More,East,Office Supplies,Paper,31.9,0.26137900055240637,-1.82,2025,4,-0.05705329153605016
13224,2025-04-16,Sneha More,East,Furniture,Tables,96.46,0.2891334378390673,-1.74,2025,4,-0.01803856520837653
13225,2025-04-06,Sneha More,East,Furniture,Chairs,209.64,0.08225677328233243,21.52,2025,4,0.10265216561724862
13226,2025-04-16,Sneha More,East,Furniture,Chairs,304.49,0.21821270795059927,2.37,2025,4,0.007783506847515518
13227,2025-04-11,Sneha More,East,Office Supplies,Binders,61.9,0.15052337181552525,13.11,2025,4,0.21179321486268174
13228,2025-04-15,Sneha More,East,Technology,Phones,206.38,0.16216457392198505,23.04,2025,4,0.11163872468262429
13229,2025-04-06,Sneha More,East,Office Supplies,Binders,138.96,0.2163867826498251,4.68,2025,4,0.03367875647668393
13230,2025-04-11,Sneha More,East,Technology,Accessories,209.92,0.15199366218915394,11.28,2025,4,0.053734756097560975
13231,2025-04-27,Sneha More,East,Technology,Phones,139.66,0.1653590799646692,15.99,2025,4,0.11449233853644566
13232,2025-04-23,Sneha More,East,Technology,Machines,138.91,0.21461490323281274,4.67,2025,4,0.033618889928730834
13233,2025-04-14,Sneha More,East,Technology,Phones,117.69,0.1826734287592932,15.19,2025,4,0.12906789022006968
13234,2025-04-09,Sneha More,East,Furniture,Tables,286.54,0.2676707512419874,-12.71,2025,4,-0.044356808822502966
13235,2025-04-07,Sneha More,East,Furniture,Chairs,122.33,0.31409416672997575,-8.81,2025,4,-0.07201831112564376
13236,2025-04-13,Sneha More,East,Furniture,Bookcases,100.33,0.19345488588740778,5.76,2025,4,0.057410545200837236
13237,2025-04-03,Aditya Shah,South,Office Supplies,Art,60.53,0.4564426061338749,-0.2,2025,4,-0.0033041467041136628
13238,2025-04-19,Aditya Shah,South,Furniture,Tables,56.37,0.09470745410339913,1.08,2025,4,0.01915912719531666
13239,2025-04-02,Aditya Shah,South,Furniture,Tables,165.89,0.15338284848946354,5.69,2025,4,0.03429983724154561
13240,2025-04-02,Aditya Shah,South,Technology,Phones,189.3,0.2473034625127864,18.36,2025,4,0.09698890649762282
13241,2025-04-12,Aditya Shah,South,Furniture,Bookcases,199.11,0.12835043532563536,7.33,2025,4,0.03681382150570037
13242,2025-04-19,Aditya Shah,South,Technology,Machines,222.54,0.13647718737929937,40.39,2025,4,0.1814954614900692
13243,2025-04-06,Aditya Shah,South,Furniture,Tables,168.22,0.20313821123515827,5.87,2025,4,0.03489478064439425
13244,2025-04-26,Aditya Shah,South,Furniture,Bookcases,142.98,0.08508009370147204,11.42,2025,4,0.07987131067282138
13245,2025-04-13,Aditya Shah,South,Furniture,Tables,128.65,0.25909290313335515,4.58,2025,4,0.035600466381655656
13246,2025-04-25,Aditya Shah,South,Furniture,Chairs,78.06,0.3073525210680755,-5.6,2025,4,-0.07173968741993338
13247,2025-04-03,Aditya Shah,South,Technology,Machines,358.2,0.2410921789511607,7.3,2025,4,0.02037967615857063
13248,2025-04-13,Aditya Shah,South,Furniture,Tables,365.17,0.026874060283185026,44.72,2025,4,0.12246351014595941
13249,2025-04-14,Aditya Shah,South,Furniture,Tables,120.41,0.17339728339602045,9.33,2025,4,0.07748525869944357
13250,2025-04-25,Aditya Shah,South,Furniture,Bookcases,118.39,0.25763836012015867,-2.09,2025,4,-0.017653518033617702
13251,2025-04-22,Aditya Shah,South,Furniture,Bookcases,110.15,0.3741636565793364,-13.52,2025,4,-0.12274171584203358
13252,2025-04-18,Aditya Shah,South,Furniture,Tables,164.41,0.24847406445570716,0.68,2025,4,0.004136001459765222
13253,2025-04-07,Aditya Shah,South,Furniture,Bookcases,274.22,0.18371915764459856,5.04,2025,4,0.018379403398730943
13254,2025-04-13,Aditya Shah,South,Technology,Accessories,38.31,0.3799625964737928,1.44,2025,4,0.03758809710258418
13255,2025-04-22,Aditya Shah,South,Furniture,Tables,302.14,0.39664108690593336,-10.83,2025,4,-0.03584431058449725
13256,2025-04-11,Aditya Shah,South,Technology,Accessories,167.0,0.1028260979190374,27.14,2025,4,0.16251497005988025
13257,2025-04-04,Aditya Shah,South,Furniture,Chairs,125.22,0.20315798426537,7.11,2025,4,0.056780067081935795
13258,2025-04-04,Aditya Shah,South,Office Supplies,Storage,47.43,0.1677702044295639,11.6,2025,4,0.24457094665823317
13259,2025-04-19,Aditya Shah,South,Furniture,Bookcases,172.63,0.0598982815185943,20.66,2025,4,0.11967792388345015
13260,2025-04-07,Aditya Shah,South,Furniture,Bookcases,57.42,0.3711285917924572,-4.88,2025,4,-0.08498780912574015
13261,2025-04-02,Aditya Shah,South,Office Supplies,Paper,55.96,0.10545766183134499,9.96,2025,4,0.1779842744817727
13262,2025-04-01,Aditya Shah,South,Office Supplies,Storage,88.2,0.11047727963160071,23.33,2025,4,0.26451247165532876
13263,2025-04-13,Aditya Shah,South,Office Supplies,Storage,30.16,0.2610785779537502,6.33,2025,4,0.20988063660477455
13264,2025-04-21,Aditya Shah,South,Technology,Accessories,1556.57,0.06884437024447587,240.27,2025,4,0.1543586218416133
13265,2025-04-07,Neha Pawar,South,Technology,Machines,548.72,0.14767495016045978,79.15,2025,4,0.1442447878699519
13266,2025-04-25,Neha Pawar,South,Furniture,Tables,220.42,0.0581728993683923,28.12,2025,4,0.12757463025133836
13267,2025-04-19,Neha Pawar,South,Office Supplies,Art,42.72,0.12579755971827777,10.42,2025,4,0.24391385767790263
13268,2025-04-01,Neha Pawar,South,Office Supplies,Paper,28.34,0.01832318387442747,8.42,2025,4,0.29710656316160905
13269,2025-04-20,Neha Pawar,South,Office Supplies,Binders,57.89,0.5956187981009909,-3.09,2025,4,-0.053377094489549144
13270,2025-04-11,Neha Pawar,South,Technology,Phones,100.89,0.016609115783960144,18.42,2025,4,0.1825750817722272
13271,2025-04-05,Neha Pawar,South,Technology,Phones,60.4,0.13680912106278936,5.55,2025,4,0.09188741721854304
13272,2025-04-16,Neha Pawar,South,Technology,Machines,242.57,0.07126155917770717,17.09,2025,4,0.07045388959887867
13273,2025-04-11,Neha Pawar,South,Office Supplies,Storage,99.56,0.17784914424021156,13.57,2025,4,0.13629971876255526
13274,2025-04-13,Neha Pawar,South,Furniture,Bookcases,92.99,0.12581238978590067,0.68,2025,4,0.007312614259597807
13275,2025-04-10,Neha Pawar,South,Furniture,Bookcases,103.31,0.19688211996463506,4.31,2025,4,0.041719097860807276
13276,2025-04-16,Neha Pawar,South,Technology,Machines,184.15,0.17431967794077236,15.08,2025,4,0.08188976377952756
13277,2025-04-04,Neha Pawar,South,Office Supplies,Art,106.84,0.15715107054638766,14.76,2025,4,0.13815050542867838
13278,2025-04-04,Neha Pawar,South,Technology,Machines,164.63,0.41026715886305615,-8.18,2025,4,-0.04968717730668772
13279,2025-04-07,Neha Pawar,South,Office Supplies,Paper,82.25,0.18505901103244238,11.57,2025,4,0.14066869300911855
13280,2025-04-01,Neha Pawar,South,Technology,Machines,100.29,0.08450247274826839,9.86,2025,4,0.09831488682819821
13281,2025-04-02,Neha Pawar,South,Office Supplies,Art,82.3,0.2144306405109226,9.0,2025,4,0.10935601458080195
13282,2025-04-23,Neha Pawar,South,Office Supplies,Storage,61.89,0.13504919500813078,10.1,2025,4,0.16319276135078364
13283,2025-04-01,Neha Pawar,South,Technology,Accessories,443.48,0.17786557627408964,35.89,2025,4,0.08092811400739605
13284,2025-04-04,Neha Pawar,South,Office Supplies,Paper,59.47,0.12280723590863726,11.15,2025,4,0.18748949049941147
13285,2025-04-08,Kunal Mehta,North,Office Supplies,Binders,41.25,0.25127835986856556,3.72,2025,4,0.09018181818181818
13286,2025-04-18,Kunal Mehta,North,Furniture,Tables,119.09,0.29017459635673193,-1.23,2025,4,-0.010328323116970357
13287,2025-04-23,Kunal Mehta,North,Furniture,Bookcases,326.17,0.1280013733439146,30.25,2025,4,0.09274304810374957
13288,2025-04-01,Kunal Mehta,North,Technology,Machines,97.78,0.5338907343881408,-14.66,2025,4,-0.14992841071793822
13289,2025-04-08,Kunal Mehta,North,Furniture,Tables,136.64,0.25198880029394577,-4.07,2025,4,-0.029786299765807968
13290,2025-04-10,Kunal Mehta,North,Office Supplies,Binders,80.4,0.12334198591950733,14.68,2025,4,0.1825870646766169
13291,2025-04-14,Kunal Mehta,North,Furniture,Tables,106.95,0.14730776820761032,-1.21,2025,4,-0.01131369798971482
13292,2025-04-12,Kunal Mehta,North,Technology,Phones,782.33,0.28745789819293666,-5.97,2025,4,-0.007631050835325246
13293,2025-04-15,Kunal Mehta,North,Furniture,Bookcases,137.58,0.3692400660419441,-5.08,2025,4,-0.03692397150748655
13294,2025-04-20,Kunal Mehta,North,Office Supplies,Storage,42.1,0.450539007191794,-6.58,2025,4,-0.15629453681710215
13295,2025-04-26,Kunal Mehta,North,Technology,Phones,701.81,0.15739720634053567,80.99,2025,4,0.1154016044228495
13296,2025-04-24,Kunal Mehta,North,Furniture,Chairs,65.8,0.31044036180804285,0.94,2025,4,0.014285714285714285
13297,2025-04-27,Kunal Mehta,North,Technology,Accessories,248.23,0.2824716249734621,-0.48,2025,4,-0.00193369052894493
13298,2025-04-20,Kunal Mehta,North,Furniture,Tables,240.05,0.1191736365841528,6.36,2025,4,0.026494480316600708
13299,2025-04-14,Priya Nair,North,Office Supplies,Paper,329.17,0.3674080643851406,6.38,2025,4,0.019382082206762463
13300,2025-04-17,Priya Nair,North,Office Supplies,Art,76.17,0.30707605918786285,6.56,2025,4,0.08612314559537874
13301,2025-04-16,Priya Nair,North,Technology,Accessories,143.41,0.3689566738781902,-2.22,2025,4,-0.015480092043790533
13302,2025-04-18,Priya Nair,North,Technology,Phones,341.04,0.25678883047769185,5.2,2025,4,0.015247478301665493
13303,2025-04-19,Priya Nair,North,Office Supplies,Binders,167.04,0.23285417886383503,20.93,2025,4,0.12529932950191572
13304,2025-04-05,Priya Nair,North,Furniture,Chairs,52.93,0.49684065456275717,-7.06,2025,4,-0.13338371433969393
13305,2025-04-19,Priya Nair,North,Office Supplies,Paper,88.3,0.27021315219360154,12.44,2025,4,0.14088335220838052
13306,2025-04-03,Priya Nair,North,Technology,Accessories,312.41,0.19671417461374863,-0.03,2025,4,-9.602765596491789e-05
13307,2025-04-27,Priya Nair,North,Furniture,Tables,99.3,0.08475632989755214,10.86,2025,4,0.10936555891238671
13308,2025-04-14,Priya Nair,North,Furniture,Tables,127.02,0.18612653507481916,2.71,2025,4,0.021335222799559125
13309,2025-04-09,Priya Nair,North,Office Supplies,Paper,133.31,0.21612185904310158,5.69,2025,4,0.04268246943215063
13310,2025-04-08,Priya Nair,North,Technology,Machines,166.34,0.23498240526583208,2.2,2025,4,0.013225922808705062
13311,2025-04-25,Priya Nair,North,Furniture,Chairs,128.32,0.05727086286114487,18.6,2025,4,0.1449501246882793
13312,2025-04-14,Priya Nair,North,Technology,Machines,164.43,0.23850982913417992,12.76,2025,4,0.07760141093474426
13313,2025-04-02,Rahul Jadhav,West,Furniture,Bookcases,116.29,0.21813094575732062,-0.12,2025,4,-0.0010319030011178949
13314,2025-04-26,Rahul Jadhav,West,Technology,Machines,133.08,0.06190883026700413,24.63,2025,4,0.18507664562669068
13315,2025-04-03,Rahul Jadhav,West,Technology,Phones,165.43,0.24545624082539094,-2.23,2025,4,-0.013480021761470107
13316,2025-04-22,Rahul Jadhav,West,Technology,Phones,170.09,0.32130798077702394,2.43,2025,4,0.014286554177200306
13317,2025-04-21,Rahul Jadhav,West,Office Supplies,Binders,49.59,0.30213522815825183,7.71,2025,4,0.15547489413188142
13318,2025-04-03,Rahul Jadhav,West,Technology,Machines,110.83,0.10671758666346201,5.33,2025,4,0.04809167192998286
13319,2025-04-23,Rahul Jadhav,West,Furniture,Chairs,233.86,0.24413323246711258,9.39,2025,4,0.04015222782861541
13320,2025-04-16,Rahul Jadhav,West,Office Supplies,Art,120.06,0.06894530863106753,18.07,2025,4,0.15050807929368648
13321,2025-04-06,Rahul Jadhav,West,Office Supplies,Paper,64.77,0.14243866746286704,11.07,2025,4,0.17091245947197778
13322,2025-04-05,Rahul Jadhav,West,Office Supplies,Art,174.3,0.13812460183054792,27.16,2025,4,0.15582329317269075
13323,2025-04-19,Rahul Jadhav,West,Office Supplies,Paper,120.79,0.02317237120844786,21.38,2025,4,0.17700140740127493
13324,2025-04-26,Rahul Jadhav,West,Technology,Phones,252.18,0.13149489018714497,18.42,2025,4,0.073043064477754
13325,2025-04-12,Rahul Jadhav,West,Furniture,Bookcases,120.54,0.5660787103581947,-18.98,2025,4,-0.15745810519329684
13326,2025-04-19,Rahul Jadhav,West,Furniture,Chairs,169.12,0.03549418735627431,11.99,2025,4,0.07089640491958372
13327,2025-04-19,Rahul Jadhav,West,Technology,Accessories,107.87,0.4167662341301338,-4.15,2025,4,-0.03847223509780291
13328,2025-04-05,Rahul Jadhav,West,Technology,Accessories,162.0,0.1552147150238035,11.24,2025,4,0.06938271604938272
13329,2025-04-06,Rahul Jadhav,West,Technology,Accessories,126.05,0.08638549248777402,22.75,2025,4,0.18048393494644982
13330,2025-04-21,Rahul Jadhav,West,Office Supplies,Binders,72.38,0.15752902262011076,13.3,2025,4,0.183752417794971
13331,2025-04-04,Rahul Jadhav,West,Furniture,Tables,258.8,0.16096731671040412,-6.08,2025,4,-0.02349304482225657
13332,2025-04-09,Rahul Jadhav,West,Furniture,Bookcases,380.21,0.18160644268306075,-6.38,2025,4,-0.01678020041555982
13333,2025-04-22,Rahul Jadhav,West,Furniture,Chairs,122.18,0.12327158198445164,2.97,2025,4,0.024308397446390573
13334,2025-04-16,Rahul Jadhav,West,Office Supplies,Storage,102.22,0.22814886847548024,15.68,2025,4,0.1533946390138916
13335,2025-04-24,Meera Singh,Central,Furniture,Bookcases,144.85,0.2736951153046547,-3.89,2025,4,-0.0268553676216776
13336,2025-04-08,Meera Singh,Central,Furniture,Bookcases,155.89,0.06386874531465271,23.49,2025,4,0.15068317403297196
13337,2025-04-20,Meera Singh,Central,Furniture,Bookcases,120.78,0.3741695374593452,-15.94,2025,4,-0.13197549263123032
13338,2025-04-06,Meera Singh,Central,Technology,Phones,136.74,0.07438723249592968,9.17,2025,4,0.06706157671493344
13339,2025-04-06,Meera Singh,Central,Office Supplies,Paper,96.17,0.1152858993250767,12.63,2025,4,0.13132993657065614
13340,2025-04-03,Meera Singh,Central,Office Supplies,Paper,31.98,0.16165829399795395,5.08,2025,4,0.15884928080050031
13341,2025-04-26,Meera Singh,Central,Office Supplies,Binders,89.32,0.36282970816551624,-2.53,2025,4,-0.02832512315270936
13342,2025-04-24,Meera Singh,Central,Office Supplies,Binders,103.71,0.0482245976036521,23.82,2025,4,0.2296789123517501
13343,2025-04-18,Meera Singh,Central,Technology,Accessories,151.03,0.03453302646262361,24.41,2025,4,0.16162351850625703
13344,2025-04-05,Meera Singh,Central,Office Supplies,Paper,95.15,0.07152431445519564,13.87,2025,4,0.14576983709931685
13345,2025-04-02,Meera Singh,Central,Furniture,Bookcases,81.01,0.06221508122787299,3.36,2025,4,0.04147636094309344
13346,2025-04-17,Meera Singh,Central,Technology,Phones,210.13,0.07607049681717082,19.84,2025,4,0.09441774139818208
13347,2025-04-05,Meera Singh,Central,Furniture,Chairs,294.32,0.16940589389446153,13.36,2025,4,0.045392769774395214
13348,2025-04-07,Meera Singh,Central,Technology,Accessories,179.09,0.14456488158223346,22.5,2025,4,0.1256351555084036
13349,2025-05-21,Aarav Sharma,West,Furniture,Tables,134.77,0.4108987944008447,-19.46,2025,5,-0.14439415300140981
13350,2025-05-07,Aarav Sharma,West,Technology,Machines,244.01,0.05804232868258406,41.55,2025,5,0.1702799065612065
13351,2025-05-05,Aarav Sharma,West,Furniture,Bookcases,391.8,0.15300734419338471,5.39,2025,5,0.013757018887187339
13352,2025-05-18,Aarav Sharma,West,Furniture,Tables,147.51,0.12699239449756777,11.43,2025,5,0.07748627211714461
13353,2025-05-22,Aarav Sharma,West,Furniture,Chairs,68.72,0.44510934130078006,-8.96,2025,5,-0.13038416763678698
13354,2025-05-17,Aarav Sharma,West,Furniture,Tables,213.6,0.04778649332166085,32.83,2025,5,0.15369850187265918
13355,2025-05-02,Aarav Sharma,West,Office Supplies,Binders,99.89,0.07516885259038478,16.38,2025,5,0.16398037841625787
13356,2025-05-14,Aarav Sharma,West,Office Supplies,Binders,47.71,0.14412253885611237,12.72,2025,5,0.2666107734227625
13357,2025-05-26,Aarav Sharma,West,Technology,Machines,131.97,0.5383135028163608,-18.02,2025,5,-0.13654618473895583
13358,2025-05-17,Aarav Sharma,West,Furniture,Bookcases,75.51,0.014564725272634062,5.43,2025,5,0.07191100516487882
13359,2025-05-04,Aarav Sharma,West,Technology,Accessories,160.9,0.2908842365283054,14.93,2025,5,0.0927905531385954
13360,2025-05-20,Aarav Sharma,West,Furniture,Tables,254.08,0.12559551019568738,19.17,2025,5,0.07544867758186398
13361,2025-05-09,Aarav Sharma,West,Office Supplies,Storage,98.42,0.09059384950884587,21.27,2025,5,0.21611461085145295
13362,2025-05-06,Aarav Sharma,West,Office Supplies,Paper,25.73,0.17982834325302993,3.42,2025,5,0.1329187718616401
13363,2025-05-15,Aarav Sharma,West,Office Supplies,Binders,70.82,0.036653424792286594,17.79,2025,5,0.25120022592488
13364,2025-05-03,Ananya Patil,West,Furniture,Tables,197.44,0.22460116901013666,1.27,2025,5,0.006432333873581848
13365,2025-05-17,Ananya Patil,West,Technology,Phones,224.95,0.10021934826874708,22.67,2025,5,0.10077795065570128
13366,2025-05-18,Ananya Patil,West,Furniture,Chairs,119.51,0.1882853705316682,-0.29,2025,5,-0.0024265751819931383
13367,2025-05-22,Ananya Patil,West,Office Supplies,Binders,78.61,0.09221574054811048,18.42,2025,5,0.23432133316371964
13368,2025-05-24,Ananya Patil,West,Technology,Accessories,94.27,0.03230914376820323,15.31,2025,5,0.1624058555213748
13369,2025-05-15,Ananya Patil,West,Office Supplies,Binders,37.16,0.25215310789099316,6.3,2025,5,0.16953713670613563
13370,2025-05-25,Ananya Patil,West,Technology,Accessories,233.36,0.03790898399242762,32.2,2025,5,0.13798423037367158
13371,2025-05-03,Ananya Patil,West,Technology,Phones,315.34,0.05689256289177575,59.3,2025,5,0.18805099257943808
13372,2025-05-09,Ananya Patil,West,Technology,Accessories,213.62,0.1667142905373734,7.03,2025,5,0.032908903660705924
13373,2025-05-10,Ananya Patil,West,Technology,Machines,298.4,0.2019894314537514,18.8,2025,5,0.06300268096514745
13374,2025-05-22,Ananya Patil,West,Furniture,Tables,110.77,0.06805500396801845,6.18,2025,5,0.05579127922722759
13375,2025-05-10,Ananya Patil,West,Office Supplies,Art,61.99,0.4341118969041135,2.2,2025,5,0.03548959509598323
13376,2025-05-08,Ananya Patil,West,Technology,Accessories,102.33,0.3205853940103623,2.52,2025,5,0.024626209322779244
13377,2025-05-06,Rohan Deshmukh,Central,Furniture,Tables,211.54,0.02970311037733479,34.04,2025,5,0.1609151933440484
13378,2025-05-13,Rohan Deshmukh,Central,Technology,Phones,102.38,0.30204780369302003,-2.83,2025,5,-0.027642117601093967
13379,2025-05-18,Rohan Deshmukh,Central,Furniture,Bookcases,220.03,0.35240976221944265,-21.18,2025,5,-0.09625960096350497
13380,2025-05-15,Rohan Deshmukh,Central,Technology,Phones,385.35,0.04407653001058616,68.29,2025,5,0.17721551835993254
13381,2025-05-24,Rohan Deshmukh,Central,Furniture,Tables,333.97,0.043403035986996116,21.61,2025,5,0.06470641075545706
13382,2025-05-06,Rohan Deshmukh,Central,Office Supplies,Storage,92.16,0.1746760199781975,6.34,2025,5,0.06879340277777778
13383,2025-05-14,Rohan Deshmukh,Central,Furniture,Tables,76.13,0.27383129029723746,0.27,2025,5,0.0035465650860370423
13384,2025-05-05,Rohan Deshmukh,Central,Technology,Machines,91.27,0.04749550967718578,6.79,2025,5,0.07439465322669005
13385,2025-05-08,Rohan Deshmukh,Central,Office Supplies,Art,36.64,0.12683209946038362,9.77,2025,5,0.26664847161572053
13386,2025-05-19,Rohan Deshmukh,Central,Technology,Accessories,144.62,0.20303906937723898,16.9,2025,5,0.11685797261789516
13387,2025-05-02,Rohan Deshmukh,Central,Technology,Accessories,101.09,0.25916517780869086,4.27,2025,5,0.042239588485507955
13388,2025-05-21,Rohan Deshmukh,Central,Technology,Accessories,167.02,0.25803992678294635,13.56,2025,5,0.08118788169081546
13389,2025-05-14,Rohan Deshmukh,Central,Office Supplies,Storage,44.32,0.2522766362605486,-0.95,2025,5,-0.021435018050541516
13390,2025-05-15,Rohan Deshmukh,Central,Furniture,Bookcases,107.26,0.4663896208571617,-13.63,2025,5,-0.12707439865746784
13391,2025-05-19,Rohan Deshmukh,Central,Technology,Machines,139.05,0.11435607056499977,24.83,2025,5,0.17856886012225814
13392,2025-05-10,Rohan Deshmukh,Central,Technology,Machines,287.05,0.17666254855074098,30.08,2025,5,0.10479010625326597
13393,2025-05-19,Rohan Deshmukh,Central,Office Supplies,Art,176.97,0.13578856227171177,37.57,2025,5,0.21229586935638808
13394,2025-05-11,Rohan Deshmukh,Central,Technology,Accessories,128.8,0.2693826301177541,-4.35,2025,5,-0.03377329192546583
13395,2025-05-20,Rohan Deshmukh,Central,Technology,Accessories,110.32,0.2709665860966564,7.01,2025,5,0.06354242204496012
13396,2025-05-22,Rohan Deshmukh,Central,Technology,Accessories,164.02,0.2926673167087188,8.87,2025,5,0.0540787708815998
13397,2025-05-04,Rohan Deshmukh,Central,Office Supplies,Art,25.92,0.04199415867380917,2.15,2025,5,0.08294753086419752
13398,2025-05-03,Rohan Deshmukh,Central,Furniture,Chairs,236.49,0.06467538244842251,22.57,2025,5,0.0954374392151888
13399,2025-05-14,Rohan Deshmukh,Central,Technology,Phones,98.39,0.65,-18.24,2025,5,-0.18538469356641935
13400,2025-05-26,Rohan Deshmukh,Central,Furniture,Bookcases,460.69,0.2252095042606254,-7.28,2025,5,-0.015802383381449566
13401,2025-05-26,Rohan Deshmukh,Central,Technology,Accessories,253.65,0.3528636110840611,-19.58,2025,5,-0.07719298245614034
13402,2025-05-07,Isha Kulkarni,Central,Furniture,Tables,141.59,0.2746388404594482,-9.54,2025,5,-0.06737763966381806
13403,2025-05-22,Isha Kulkarni,Central,Furniture,Tables,304.64,0.22267383429333093,-7.87,2025,5,-0.025833771008403363
13404,2025-05-22,Isha Kulkarni,Central,Technology,Machines,148.72,0.2619378458964302,10.74,2025,5,0.07221624529316838
13405,2025-05-16,Isha Kulkarni,Central,Technology,Phones,337.71,0.4152622072929648,-19.05,2025,5,-0.05640934529626011
13406,2025-05-04,Isha Kulkarni,Central,Furniture,Bookcases,117.39,0.2949723842527553,-8.95,2025,5,-0.07624158786949484
13407,2025-05-26,Isha Kulkarni,Central,Office Supplies,Art,59.46,0.08416290047819618,6.16,2025,5,0.1035990581903801
13408,2025-05-18,Isha Kulkarni,Central,Office Supplies,Binders,64.41,0.16918462462138076,2.94,2025,5,0.04564508616674429
13409,2025-05-17,Isha Kulkarni,Central,Office Supplies,Storage,126.11,0.41721705964030015,-8.38,2025,5,-0.06644992466893983
13410,2025-05-14,Isha Kulkarni,Central,Furniture,Tables,71.64,0.14218010241071236,4.83,2025,5,0.06742043551088778
13411,2025-05-04,Isha Kulkarni,Central,Technology,Phones,91.37,0.11751930529309158,13.51,2025,5,0.14786034803546022
13412,2025-05-08,Isha Kulkarni,Central,Furniture,Chairs,123.3,0.4029721696020607,-14.45,2025,5,-0.11719383617193836
13413,2025-05-10,Isha Kulkarni,Central,Furniture,Tables,255.05,0.11021041305306364,21.45,2025,5,0.08410115663595373
13414,2025-05-24,Isha Kulkarni,Central,Office Supplies,Binders,48.05,0.07061092583535707,7.93,2025,5,0.16503642039542143
13415,2025-05-18,Isha Kulkarni,Central,Technology,Phones,57.67,0.35835794809266286,-3.09,2025,5,-0.05358071787757933
13416,2025-05-25,Vikram Joshi,East,Office Supplies,Art,142.63,0.21414020140448842,1.88,2025,5,0.013180957722779219
13417,2025-05-11,Vikram Joshi,East,Technology,Accessories,119.31,0.26891647773801053,1.7,2025,5,0.014248596094208364
13418,2025-05-03,Vikram Joshi,East,Office Supplies,Paper,81.71,0.2210807057198239,10.91,2025,5,0.13352098886305228
13419,2025-05-10,Vikram Joshi,East,Office Supplies,Art,33.35,0.5177798767324432,-4.19,2025,5,-0.12563718140929536
13420,2025-05-15,Vikram Joshi,East,Furniture,Chairs,96.68,0.0686215536568512,8.06,2025,5,0.08336781133636739
13421,2025-05-16,Vikram Joshi,East,Office Supplies,Binders,51.38,0.3730321716164141,-1.16,2025,5,-0.022576878162709223
13422,2025-05-08,Vikram Joshi,East,Furniture,Tables,190.48,0.38421732620845245,-18.45,2025,5,-0.09686056278874422
13423,2025-05-06,Vikram Joshi,East,Office Supplies,Binders,22.29,0.23149483930213316,2.94,2025,5,0.13189771197846567
13424,2025-05-10,Vikram Joshi,East,Technology,Machines,30.04,0.018410036700954882,8.53,2025,5,0.2839547270306258
13425,2025-05-11,Vikram Joshi,East,Technology,Accessories,273.98,0.03867830359621793,38.23,2025,5,0.13953573253522153
13426,2025-05-22,Vikram Joshi,East,Technology,Machines,281.17,0.10118078482144685,36.11,2025,5,0.12842764164028878
13427,2025-05-05,Vikram Joshi,East,Technology,Machines,95.34,0.03425850909854891,7.89,2025,5,0.08275645059786028
13428,2025-05-11,Vikram Joshi,East,Office Supplies,Binders,71.32,0.2581143786554802,5.24,2025,5,0.07347167694896244
13429,2025-05-27,Vikram Joshi,East,Furniture,Bookcases,114.14,0.14303641999481848,0.86,2025,5,0.007534606623444892
13430,2025-05-03,Vikram Joshi,East,Technology,Phones,385.97,0.06961673946956716,59.78,2025,5,0.15488250382154053
13431,2025-05-14,Vikram Joshi,East,Office Supplies,Art,87.49,0.10815645038174292,12.53,2025,5,0.14321636758486683
13432,2025-05-06,Vikram Joshi,East,Furniture,Tables,129.99,0.21263656515503304,3.63,2025,5,0.02792522501730902
13433,2025-05-06,Vikram Joshi,East,Technology,Accessories,190.75,0.2971740637531033,-1.76,2025,5,-0.009226736566186108
13434,2025-05-02,Vikram Joshi,East,Office Supplies,Art,55.39,0.12898225621733914,3.62,2025,5,0.06535475717638563
13435,2025-05-14,Vikram Joshi,East,Furniture,Bookcases,67.62,0.261400046806663,1.22,2025,5,0.018041999408459033
13436,2025-05-07,Sneha More,East,Office Supplies,Binders,49.67,0.22150056959966832,10.75,2025,5,0.2164284276223072
13437,2025-05-10,Sneha More,East,Office Supplies,Binders,91.63,0.26217258086447504,8.1,2025,5,0.08839899596202118
13438,2025-05-06,Sneha More,East,Furniture,Chairs,174.38,0.2987305329121187,4.48,2025,5,0.025691019612340868
13439,2025-05-20,Sneha More,East,Technology,Phones,99.79,0.023957230508253935,15.62,2025,5,0.15652871029161236
13440,2025-05-11,Sneha More,East,Office Supplies,Paper,58.55,0.3277878182156364,-2.15,2025,5,-0.036720751494449186
13441,2025-05-24,Sneha More,East,Technology,Phones,129.28,0.29236485266290546,6.09,2025,5,0.047107054455445545
13442,2025-05-19,Sneha More,East,Furniture,Bookcases,71.81,0.046204821617992005,4.31,2025,5,0.06001949589193705
13443,2025-05-17,Sneha More,East,Office Supplies,Art,38.84,0.43772968979102067,-0.48,2025,5,-0.012358393408856846
13444,2025-05-13,Sneha More,East,Technology,Accessories,290.84,0.20088982747216255,11.16,2025,5,0.038371613258148814
13445,2025-05-25,Sneha More,East,Office Supplies,Storage,30.39,0.3215521316788119,-2.29,2025,5,-0.07535373478117802
13446,2025-05-09,Sneha More,East,Technology,Machines,67.08,0.2190076106588466,2.21,2025,5,0.03294573643410853
13447,2025-05-08,Sneha More,East,Technology,Machines,308.85,0.08081961842134532,64.57,2025,5,0.20906588959041603
13448,2025-05-23,Sneha More,East,Technology,Accessories,199.79,0.4490557989964274,-17.59,2025,5,-0.08804244456679514
13449,2025-05-04,Sneha More,East,Office Supplies,Art,83.7,0.10334450569967342,18.4,2025,5,0.2198327359617682
13450,2025-05-06,Sneha More,East,Technology,Machines,376.99,0.002121154404627768,65.36,2025,5,0.17337329902649937
13451,2025-05-01,Aditya Shah,South,Technology,Machines,285.34,0.3558224746912125,2.76,2025,5,0.009672671199271045
13452,2025-05-18,Aditya Shah,South,Furniture,Tables,90.71,0.34368599837938507,-5.36,2025,5,-0.05908940579869916
13453,2025-05-08,Aditya Shah,South,Technology,Machines,484.72,0.4199618821971314,-35.04,2025,5,-0.07228915662650602
13454,2025-05-11,Aditya Shah,South,Office Supplies,Storage,41.87,0.01973075008035231,6.34,2025,5,0.15142106520181514
13455,2025-05-10,Aditya Shah,South,Office Supplies,Storage,67.57,0.10950600174807992,6.75,2025,5,0.09989640372946575
13456,2025-05-03,Aditya Shah,South,Furniture,Tables,307.45,0.4094667064044834,-41.55,2025,5,-0.13514392584160026
13457,2025-05-01,Aditya Shah,South,Office Supplies,Binders,61.97,0.08709658201682036,9.31,2025,5,0.15023398418589642
13458,2025-05-21,Aditya Shah,South,Office Supplies,Paper,71.51,0.18642925221571496,11.38,2025,5,0.1591385820165012
13459,2025-05-02,Aditya Shah,South,Technology,Accessories,149.53,0.42878298585333147,-10.2,2025,5,-0.06821373637397177
13460,2025-05-25,Aditya Shah,South,Technology,Phones,121.93,0.4553301823578425,-12.8,2025,5,-0.10497826621832199
13461,2025-05-12,Aditya Shah,South,Technology,Phones,129.11,0.1791148506434247,6.82,2025,5,0.05282317403764232
13462,2025-05-27,Aditya Shah,South,Technology,Accessories,314.15,0.2955513647127708,6.52,2025,5,0.02075441667992997
13463,2025-05-05,Aditya Shah,South,Office Supplies,Art,63.94,0.227489903862983,10.3,2025,5,0.16108852048795747
13464,2025-05-26,Aditya Shah,South,Office Supplies,Paper,32.44,0.41207504815928403,4.28,2025,5,0.13193588162762024
13465,2025-05-14,Aditya Shah,South,Office Supplies,Binders,45.73,0.10721395847917019,0.99,2025,5,0.02164880822217363
13466,2025-05-01,Aditya Shah,South,Technology,Accessories,117.32,0.3029415433293337,10.11,2025,5,0.0861745652915104
13467,2025-05-20,Aditya Shah,South,Office Supplies,Storage,43.41,0.15336470472582747,5.52,2025,5,0.1271596406357982
13468,2025-05-14,Aditya Shah,South,Technology,Machines,76.23,0.2870495808276919,10.39,2025,5,0.1362980453889545
13469,2025-05-06,Aditya Shah,South,Furniture,Chairs,155.36,0.020937809836869565,8.8,2025,5,0.05664263645726056
13470,2025-05-25,Aditya Shah,South,Furniture,Chairs,85.55,0.23058515906231883,6.33,2025,5,0.07399181765049678
13471,2025-05-22,Aditya Shah,South,Furniture,Bookcases,204.58,0.2676853147510109,7.41,2025,5,0.03622054941832046
13472,2025-05-08,Aditya Shah,South,Technology,Machines,215.73,0.2595101908356021,5.51,2025,5,0.025541185741436056
13473,2025-05-06,Aditya Shah,South,Office Supplies,Art,39.51,0.20453147275147243,6.74,2025,5,0.17058972412047585
13474,2025-05-02,Aditya Shah,South,Office Supplies,Storage,21.41,0.24627276744218707,3.14,2025,5,0.1466604390471742
13475,2025-05-24,Aditya Shah,South,Technology,Machines,280.86,0.20971521050187517,29.84,2025,5,0.10624510432243822
13476,2025-05-22,Aditya Shah,South,Technology,Phones,234.31,0.1955711262158141,30.82,2025,5,0.1315351457470872
13477,2025-05-02,Neha Pawar,South,Technology,Machines,226.04,0.10262198429543438,27.36,2025,5,0.12104052380109716
13478,2025-05-09,Neha Pawar,South,Technology,Accessories,201.95,0.19129888471998865,15.82,2025,5,0.0783362218370884
13479,2025-05-10,Neha Pawar,South,Office Supplies,Paper,98.82,0.0384567934438045,17.25,2025,5,0.1745598057073467
13480,2025-05-05,Neha Pawar,South,Office Supplies,Binders,160.23,0.07337000297025147,12.53,2025,5,0.0782000873743993
13481,2025-05-10,Neha Pawar,South,Office Supplies,Storage,90.54,0.22445316301588317,3.04,2025,5,0.03357631985862602
13482,2025-05-11,Neha Pawar,South,Furniture,Tables,226.45,0.28473838856875816,-2.65,2025,5,-0.011702362552439833
13483,2025-05-26,Neha Pawar,South,Technology,Accessories,291.66,0.11568009092948423,18.62,2025,5,0.06384145923335391
13484,2025-05-07,Neha Pawar,South,Technology,Accessories,187.13,0.09368953661996636,34.56,2025,5,0.18468444396943304
13485,2025-05-22,Neha Pawar,South,Furniture,Chairs,338.07,0.1253565950422831,10.48,2025,5,0.03099949714556157
13486,2025-05-19,Neha Pawar,South,Office Supplies,Art,17.74,0.19089284574324775,1.84,2025,5,0.10372040586245773
13487,2025-05-22,Neha Pawar,South,Office Supplies,Art,82.76,0.04985209843500107,10.64,2025,5,0.12856452392460124
13488,2025-05-03,Neha Pawar,South,Furniture,Chairs,76.2,0.18140092202181402,-8.92,2025,5,-0.11706036745406824
13489,2025-05-11,Neha Pawar,South,Technology,Machines,905.36,0.263417760128021,117.04,2025,5,0.12927454272333658
13490,2025-05-14,Neha Pawar,South,Office Supplies,Storage,154.2,0.43551834753543694,-2.69,2025,5,-0.017444876783398185
13491,2025-05-13,Neha Pawar,South,Furniture,Bookcases,90.89,0.18265228489185276,-0.48,2025,5,-0.005281109032896908
13492,2025-05-14,Neha Pawar,South,Furniture,Tables,69.95,0.29324585386733626,0.85,2025,5,0.012151536812008576
13493,2025-05-17,Neha Pawar,South,Office Supplies,Art,74.29,0.5972138666581519,-7.48,2025,5,-0.10068649885583524
13494,2025-05-03,Neha Pawar,South,Furniture,Chairs,104.21,0.022371531150902905,12.59,2025,5,0.12081374148354285
13495,2025-05-03,Neha Pawar,South,Technology,Phones,56.85,0.21310561342745438,0.67,2025,5,0.011785400175901496
13496,2025-05-18,Neha Pawar,South,Technology,Accessories,181.84,0.042646022428892906,27.84,2025,5,0.15310162780466344
13497,2025-05-09,Kunal Mehta,North,Office Supplies,Paper,38.08,0.17430301173954632,5.0,2025,5,0.13130252100840337
13498,2025-05-15,Kunal Mehta,North,Technology,Phones,191.67,0.4404172938661293,-8.29,2025,5,-0.043251421714404964
13499,2025-05-22,Kunal Mehta,North,Technology,Machines,182.0,0.029939983626541142,32.99,2025,5,0.18126373626373626
13500,2025-05-10,Kunal Mehta,North,Furniture,Bookcases,126.74,0.13423493486938173,3.05,2025,5,0.024065014991320813
13501,2025-05-24,Kunal Mehta,North,Office Supplies,Binders,65.89,0.15986098777268737,2.23,2025,5,0.033844285931097284
13502,2025-05-18,Kunal Mehta,North,Technology,Phones,151.17,0.16544637828244182,6.29,2025,5,0.04160878481180129
13503,2025-05-01,Kunal Mehta,North,Furniture,Bookcases,587.85,0.5819872778018649,-80.0,2025,5,-0.1360891383856426
13504,2025-05-25,Kunal Mehta,North,Technology,Accessories,113.76,0.27585649292808234,4.36,2025,5,0.038326300984528834
13505,2025-05-20,Kunal Mehta,North,Office Supplies,Storage,154.45,0.4892040297142551,2.93,2025,5,0.018970540628034965
13506,2025-05-25,Kunal Mehta,North,Furniture,Bookcases,127.91,0.25808834588125545,-13.77,2025,5,-0.10765381909154874
13507,2025-05-21,Kunal Mehta,North,Technology,Phones,481.66,0.03543518432008834,92.01,2025,5,0.1910268654237429
13508,2025-05-09,Kunal Mehta,North,Office Supplies,Art,138.49,0.3617501075103666,14.11,2025,5,0.10188461260740847
13509,2025-05-17,Kunal Mehta,North,Technology,Accessories,258.21,0.22095537828328368,15.65,2025,5,0.06060958134851478
13510,2025-05-10,Kunal Mehta,North,Office Supplies,Binders,21.3,0.3922561262950311,-1.03,2025,5,-0.04835680751173709
13511,2025-05-08,Kunal Mehta,North,Technology,Machines,121.01,0.14874020335071253,6.58,2025,5,0.05437567143211305
13512,2025-05-25,Kunal Mehta,North,Technology,Phones,528.15,0.15640903231226932,8.37,2025,5,0.01584777051973871
13513,2025-05-03,Kunal Mehta,North,Technology,Machines,153.43,0.0854489628897688,15.25,2025,5,0.09939386039236134
13514,2025-05-08,Kunal Mehta,North,Furniture,Bookcases,179.99,0.2560700440360475,6.54,2025,5,0.036335351963998
13515,2025-05-08,Kunal Mehta,North,Technology,Machines,187.07,0.39935053202114273,-10.08,2025,5,-0.053883572994066396
13516,2025-05-11,Kunal Mehta,North,Furniture,Tables,66.72,0.16657284397011826,-5.05,2025,5,-0.075689448441247
13517,2025-05-18,Kunal Mehta,North,Office Supplies,Binders,103.96,0.26295690484175543,13.17,2025,5,0.1266833397460562
13518,2025-05-26,Kunal Mehta,North,Technology,Machines,103.83,0.3164790586642432,-1.97,2025,5,-0.018973321775979966
13519,2025-05-22,Priya Nair,North,Office Supplies,Paper,70.85,0.06021151812874306,17.77,2025,5,0.2508115737473536
13520,2025-05-22,Priya Nair,North,Office Supplies,Binders,97.78,0.23003452244477463,7.32,2025,5,0.07486193495602372
13521,2025-05-03,Priya Nair,North,Technology,Phones,81.47,0.21252025245666095,10.29,2025,5,0.12630416104087394
13522,2025-05-04,Priya Nair,North,Technology,Machines,93.11,0.3880736920128143,-8.74,2025,5,-0.09386746858554398
13523,2025-05-10,Priya Nair,North,Office Supplies,Binders,29.07,0.39276345003241003,-4.34,2025,5,-0.14929480564155487
13524,2025-05-04,Priya Nair,North,Furniture,Chairs,46.9,0.15485783602603545,1.13,2025,5,0.024093816631130062
13525,2025-05-11,Priya Nair,North,Office Supplies,Paper,66.18,0.08968367166761157,26.74,2025,5,0.4040495618011483
13526,2025-05-27,Priya Nair,North,Office Supplies,Paper,34.6,0.5915968835590355,-2.86,2025,5,-0.08265895953757224
13527,2025-05-20,Priya Nair,North,Furniture,Tables,103.45,0.27488122282958866,-4.29,2025,5,-0.04146930884485259
13528,2025-05-18,Priya Nair,North,Furniture,Tables,233.48,0.19786470408749443,-8.21,2025,5,-0.035163611444235056
13529,2025-05-18,Priya Nair,North,Office Supplies,Art,37.64,0.2632373722817479,1.73,2025,5,0.04596174282678002
13530,2025-05-22,Priya Nair,North,Office Supplies,Storage,76.21,0.015410568809980691,14.97,2025,5,0.19643091457813938
13531,2025-05-07,Priya Nair,North,Office Supplies,Storage,118.91,0.3103560363651825,9.38,2025,5,0.07888318896644522
13532,2025-05-16,Priya Nair,North,Office Supplies,Binders,21.31,0.2394138360088793,-3.35,2025,5,-0.15720319099014549
13533,2025-05-23,Rahul Jadhav,West,Furniture,Chairs,360.24,0.1556818133068866,11.48,2025,5,0.031867643793026874
13534,2025-05-07,Rahul Jadhav,West,Technology,Phones,187.8,0.17557014992145772,19.94,2025,5,0.10617678381256657
13535,2025-05-21,Rahul Jadhav,West,Technology,Accessories,155.53,0.07459066923485123,20.85,2025,5,0.1340577380569665
13536,2025-05-08,Rahul Jadhav,West,Office Supplies,Art,46.76,0.08486005799293328,7.48,2025,5,0.15996578272027376
13537,2025-05-12,Rahul Jadhav,West,Office Supplies,Paper,79.54,0.07347287630380955,14.7,2025,5,0.18481267286899672
13538,2025-05-04,Rahul Jadhav,West,Technology,Machines,154.54,0.2843050679849389,11.17,2025,5,0.0722790216125275
13539,2025-05-03,Rahul Jadhav,West,Furniture,Tables,76.42,0.12533606762307498,2.99,2025,5,0.03912588327662916
13540,2025-05-09,Rahul Jadhav,West,Technology,Machines,631.91,0.3874852032338613,-10.91,2025,5,-0.017265116867908405
13541,2025-05-16,Rahul Jadhav,West,Office Supplies,Binders,81.12,0.2895320616938779,-0.08,2025,5,-0.0009861932938856016
13542,2025-05-12,Rahul Jadhav,West,Office Supplies,Art,71.09,0.2917699511649195,-1.2,2025,5,-0.016880011253340835
13543,2025-05-01,Rahul Jadhav,West,Furniture,Tables,132.71,0.26567286701183707,4.61,2025,5,0.034737397332529577
13544,2025-05-26,Rahul Jadhav,West,Technology,Phones,107.77,0.1514226548923629,6.4,2025,5,0.05938572886703165
13545,2025-05-24,Meera Singh,Central,Technology,Phones,231.16,0.40216712213551203,-0.46,2025,5,-0.0019899636615331373
13546,2025-05-15,Meera Singh,Central,Technology,Accessories,53.77,0.12242252073327274,6.67,2025,5,0.12404686628231355
13547,2025-05-04,Meera Singh,Central,Technology,Accessories,92.75,0.14323219037754772,2.92,2025,5,0.03148247978436658
13548,2025-05-16,Meera Singh,Central,Technology,Accessories,169.35,0.10161356332819863,16.7,2025,5,0.09861234130498966
13549,2025-05-09,Meera Singh,Central,Furniture,Chairs,184.42,0.33246662401028404,-19.2,2025,5,-0.10411018327730182
13550,2025-05-16,Meera Singh,Central,Furniture,Tables,118.55,0.3189404715181332,-5.37,2025,5,-0.04529734289329397
13551,2025-05-20,Meera Singh,Central,Office Supplies,Art,48.36,0.28781826945479705,1.35,2025,5,0.027915632754342435
13552,2025-05-23,Meera Singh,Central,Technology,Machines,211.55,0.08779038385036815,19.76,2025,5,0.09340581422831482
13553,2025-05-23,Meera Singh,Central,Office Supplies,Art,111.48,0.11180142203780268,19.68,2025,5,0.1765339074273412
13554,2025-05-05,Meera Singh,Central,Office Supplies,Storage,120.28,0.02884292393186891,25.02,2025,5,0.2080146325241104
13555,2025-05-04,Meera Singh,Central,Technology,Machines,155.82,0.13586986002335408,18.71,2025,5,0.12007444487228855
13556,2025-05-21,Meera Singh,Central,Office Supplies,Binders,64.28,0.40420371944961253,-6.08,2025,5,-0.09458618543870566
13557,2025-05-14,Meera Singh,Central,Technology,Accessories,101.5,0.3391224750798506,-1.04,2025,5,-0.010246305418719213
13558,2025-05-25,Meera Singh,Central,Furniture,Bookcases,520.73,0.27684442003928295,3.01,2025,5,0.005780346820809248
13559,2025-05-25,Meera Singh,Central,Furniture,Tables,191.22,0.31691576654101405,-17.42,2025,5,-0.09109925739985358
13560,2025-06-07,Aarav Sharma,West,Office Supplies,Art,54.24,0.20255195565460574,3.18,2025,6,0.0586283185840708
13561,2025-06-03,Aarav Sharma,West,Furniture,Chairs,226.71,0.1326517930626615,22.86,2025,6,0.10083366415244144
13562,2025-06-22,Aarav Sharma,West,Furniture,Chairs,87.99,0.43580365982587466,-8.51,2025,6,-0.09671553585634732
13563,2025-06-08,Aarav Sharma,West,Office Supplies,Paper,61.04,0.1298839927801478,6.86,2025,6,0.11238532110091744
13564,2025-06-22,Aarav Sharma,West,Technology,Machines,244.05,0.34172298210861896,3.97,2025,6,0.016267158369186643
13565,2025-06-04,Aarav Sharma,West,Technology,Phones,158.32,0.44110222588922166,-11.65,2025,6,-0.07358514401212735
13566,2025-06-12,Aarav Sharma,West,Furniture,Bookcases,172.55,0.2018784421851417,-1.41,2025,6,-0.008171544479860909
13567,2025-06-16,Aarav Sharma,West,Technology,Machines,254.62,0.1419326808941624,41.58,2025,6,0.16330217579137538
13568,2025-06-17,Aarav Sharma,West,Technology,Phones,140.26,0.0913026144662842,22.73,2025,6,0.1620561813774419
13569,2025-06-14,Aarav Sharma,West,Office Supplies,Art,76.12,0.0657940765530768,15.61,2025,6,0.20507094062007356
13570,2025-06-05,Aarav Sharma,West,Office Supplies,Paper,21.4,0.13346598044188396,6.52,2025,6,0.30467289719626167
13571,2025-06-17,Aarav Sharma,West,Furniture,Tables,120.38,0.1323868877599608,7.96,2025,6,0.06612394085396245
13572,2025-06-03,Aarav Sharma,West,Technology,Phones,141.44,0.35347728601006817,-7.28,2025,6,-0.05147058823529412
13573,2025-06-10,Aarav Sharma,West,Office Supplies,Paper,48.67,0.16662643730512522,10.28,2025,6,0.21121840969796588
13574,2025-06-05,Aarav Sharma,West,Furniture,Chairs,115.52,0.22400541661532714,-10.46,2025,6,-0.09054709141274239
13575,2025-06-24,Aarav Sharma,West,Furniture,Bookcases,94.62,0.23954940942151148,-5.97,2025,6,-0.06309448319594166
13576,2025-06-09,Aarav Sharma,West,Furniture,Tables,82.23,0.24906900874746848,-0.42,2025,6,-0.005107624954396205
13577,2025-06-16,Aarav Sharma,West,Technology,Accessories,177.05,0.05765007911233398,40.24,2025,6,0.22728042925727196
13578,2025-06-19,Aarav Sharma,West,Technology,Phones,34.32,0.08294638719078355,6.93,2025,6,0.2019230769230769
13579,2025-06-10,Aarav Sharma,West,Furniture,Chairs,422.34,0.13755815561538454,4.58,2025,6,0.010844343419993371
13580,2025-06-05,Aarav Sharma,West,Technology,Machines,171.63,0.15224872220165292,15.83,2025,6,0.09223329254792285
13581,2025-06-19,Aarav Sharma,West,Furniture,Bookcases,288.52,0.2152131177359032,3.41,2025,6,0.011818938028559546
13582,2025-06-03,Aarav Sharma,West,Technology,Machines,410.12,0.18848873174450267,11.08,2025,6,0.027016482980591047
13583,2025-06-05,Aarav Sharma,West,Technology,Phones,148.82,0.29636000759704956,-1.67,2025,6,-0.011221609998656094
13584,2025-06-22,Ananya Patil,West,Technology,Phones,142.58,0.016485590286642426,23.56,2025,6,0.1652405666993968
13585,2025-06-03,Ananya Patil,West,Office Supplies,Storage,53.87,0.11380942663413898,13.88,2025,6,0.2576573231854465
13586,2025-06-20,Ananya Patil,West,Technology,Phones,676.01,0.24776991389555386,21.88,2025,6,0.032366385112646265
13587,2025-06-13,Ananya Patil,West,Office Supplies,Binders,68.26,0.07659695585059557,10.62,2025,6,0.1555815997656021
13588,2025-06-04,Ananya Patil,West,Office Supplies,Storage,64.58,0.30113625734187993,0.77,2025,6,0.011923196035924436
13589,2025-06-23,Ananya Patil,West,Furniture,Chairs,155.06,0.3474784013237034,-23.2,2025,6,-0.14961950212820843
13590,2025-06-10,Ananya Patil,West,Technology,Accessories,177.75,0.17612906132128733,15.72,2025,6,0.08843881856540085
13591,2025-06-08,Ananya Patil,West,Office Supplies,Art,53.76,0.47427750793277557,-4.2,2025,6,-0.078125
13592,2025-06-01,Ananya Patil,West,Furniture,Bookcases,162.88,0.1578028933351038,6.65,2025,6,0.04082760314341847
13593,2025-06-05,Ananya Patil,West,Office Supplies,Binders,100.23,0.22731930322494404,10.68,2025,6,0.10655492367554624
13594,2025-06-17,Ananya Patil,West,Office Supplies,Storage,39.04,0.03762818844709345,6.61,2025,6,0.16931352459016394
13595,2025-06-03,Ananya Patil,West,Furniture,Tables,124.24,0.25810163406255215,-7.91,2025,6,-0.06366709594333549
13596,2025-06-20,Ananya Patil,West,Office Supplies,Binders,57.28,0.13547067096074605,2.62,2025,6,0.045740223463687155
13597,2025-06-07,Ananya Patil,West,Furniture,Bookcases,205.28,0.0786511403818141,25.89,2025,6,0.12612042088854247
13598,2025-06-19,Ananya Patil,West,Technology,Machines,228.71,0.07715162741039171,37.93,2025,6,0.1658432075554195
13599,2025-06-05,Ananya Patil,West,Furniture,Chairs,85.27,0.3601917242698545,-17.07,2025,6,-0.2001876392635159
13600,2025-06-02,Ananya Patil,West,Furniture,Bookcases,149.73,0.09123731218609592,8.65,2025,6,0.057770653843585124
13601,2025-06-08,Ananya Patil,West,Technology,Machines,144.92,0.10077700149389161,11.42,2025,6,0.07880209770908088
13602,2025-06-18,Ananya Patil,West,Furniture,Chairs,81.91,0.09728052143866484,6.93,2025,6,0.08460505432792088
13603,2025-06-19,Ananya Patil,West,Technology,Machines,211.96,0.037740930337329975,16.11,2025,6,0.07600490658614832
13604,2025-06-22,Ananya Patil,West,Furniture,Tables,86.58,0.23846495601459006,0.25,2025,6,0.0028875028875028877
13605,2025-06-21,Ananya Patil,West,Furniture,Bookcases,649.87,0.4246048636429385,-80.0,2025,6,-0.1231015433856002
13606,2025-06-02,Rohan Deshmukh,Central,Technology,Machines,199.56,0.2912384381480487,3.86,2025,6,0.01934255361795951
13607,2025-06-20,Rohan Deshmukh,Central,Furniture,Tables,221.27,0.4119411690943211,-37.11,2025,6,-0.16771365300311836
13608,2025-06-04,Rohan Deshmukh,Central,Office Supplies,Art,54.55,0.24823440522269305,7.1,2025,6,0.1301558203483043
13609,2025-06-21,Rohan Deshmukh,Central,Office Supplies,Binders,56.5,0.04031952068984758,13.82,2025,6,0.24460176991150442
13610,2025-06-04,Rohan Deshmukh,Central,Technology,Phones,257.71,0.25847995719981187,4.55,2025,6,0.017655504248962013
13611,2025-06-24,Rohan Deshmukh,Central,Office Supplies,Binders,44.2,0.15961725711929356,1.31,2025,6,0.029638009049773754
13612,2025-06-06,Rohan Deshmukh,Central,Technology,Accessories,338.95,0.49111133202017027,-36.37,2025,6,-0.10730196194128927
13613,2025-06-08,Rohan Deshmukh,Central,Office Supplies,Storage,24.1,0.39499923946192417,0.87,2025,6,0.03609958506224066
13614,2025-06-22,Rohan Deshmukh,Central,Office Supplies,Art,118.0,0.5032458546853867,-18.1,2025,6,-0.1533898305084746
13615,2025-06-02,Rohan Deshmukh,Central,Office Supplies,Art,30.07,0.09376448397504569,7.37,2025,6,0.24509477884935152
13616,2025-06-22,Rohan Deshmukh,Central,Furniture,Bookcases,148.63,0.5581808567858694,-48.04,2025,6,-0.32321873107717153
13617,2025-06-27,Rohan Deshmukh,Central,Office Supplies,Storage,84.07,0.14719229455397229,13.87,2025,6,0.16498156298322827
13618,2025-06-25,Rohan Deshmukh,Central,Office Supplies,Art,136.34,0.06538248357770919,29.34,2025,6,0.21519730086548333
13619,2025-06-10,Rohan Deshmukh,Central,Technology,Accessories,163.73,0.2331774436971037,12.67,2025,6,0.07738349722103463
13620,2025-06-10,Rohan Deshmukh,Central,Furniture,Bookcases,146.27,0.13046235957531513,16.82,2025,6,0.11499282149449647
13621,2025-06-19,Rohan Deshmukh,Central,Technology,Machines,157.17,0.16180207512557537,15.4,2025,6,0.09798307565056946
13622,2025-06-25,Rohan Deshmukh,Central,Furniture,Tables,62.03,0.5327772807106071,-4.96,2025,6,-0.07996130904401096
13623,2025-06-04,Rohan Deshmukh,Central,Technology,Machines,384.96,0.21475177770535803,15.86,2025,6,0.04119908561928512
13624,2025-06-26,Rohan Deshmukh,Central,Technology,Accessories,110.29,0.029202771589539975,30.86,2025,6,0.2798077794904343
13625,2025-06-24,Rohan Deshmukh,Central,Furniture,Tables,122.31,0.03425421536732947,13.41,2025,6,0.10963944076526858
13626,2025-06-17,Isha Kulkarni,Central,Office Supplies,Art,24.06,0.316312161621635,-4.3,2025,6,-0.17871986699916875
13627,2025-06-10,Isha Kulkarni,Central,Technology,Phones,282.8,0.0755276354955938,44.92,2025,6,0.15884016973125883
13628,2025-06-04,Isha Kulkarni,Central,Furniture,Tables,212.13,0.07967730549186339,24.54,2025,6,0.11568377881487767
13629,2025-06-09,Isha Kulkarni,Central,Office Supplies,Storage,83.7,0.18296911635019933,10.73,2025,6,0.12819593787335723
13630,2025-06-20,Isha Kulkarni,Central,Office Supplies,Art,102.19,0.2493029171873706,13.32,2025,6,0.13034543497406792
13631,2025-06-24,Isha Kulkarni,Central,Technology,Phones,136.69,0.11910388025138363,11.67,2025,6,0.08537566756895164
13632,2025-06-16,Isha Kulkarni,Central,Technology,Accessories,422.48,0.34943662283921034,-20.91,2025,6,-0.049493467146373794
13633,2025-06-13,Isha Kulkarni,Central,Technology,Accessories,142.14,0.20034098657350854,10.6,2025,6,0.074574363303785
13634,2025-06-05,Isha Kulkarni,Central,Furniture,Bookcases,174.49,0.14124192566496524,2.19,2025,6,0.012550862513611094
13635,2025-06-10,Isha Kulkarni,Central,Furniture,Chairs,101.08,0.23088337471036344,-3.93,2025,6,-0.0388800949742778
13636,2025-06-09,Isha Kulkarni,Central,Technology,Machines,92.86,0.1610875463319123,7.37,2025,6,0.0793667887141934
13637,2025-06-06,Isha Kulkarni,Central,Technology,Phones,191.89,0.17207738188899588,8.36,2025,6,0.04356662671322112
13638,2025-06-13,Isha Kulkarni,Central,Office Supplies,Storage,124.53,0.20427461390781534,12.78,2025,6,0.10262587328354612
13639,2025-06-27,Vikram Joshi,East,Technology,Machines,164.92,0.2308773252370389,7.19,2025,6,0.04359689546446763
13640,2025-06-20,Vikram Joshi,East,Technology,Machines,101.0,0.301944718199053,0.04,2025,6,0.00039603960396039607
13641,2025-06-03,Vikram Joshi,East,Furniture,Tables,200.43,0.2830867612637366,-24.74,2025,6,-0.12343461557651049
13642,2025-06-05,Vikram Joshi,East,Furniture,Chairs,118.18,0.21569231607725953,1.05,2025,6,0.008884752073108817
13643,2025-06-06,Vikram Joshi,East,Furniture,Tables,111.23,0.31584393388145027,-4.69,2025,6,-0.04216488357457521
13644,2025-06-12,Vikram Joshi,East,Technology,Machines,169.75,0.10052142275738157,40.39,2025,6,0.2379381443298969
13645,2025-06-22,Vikram Joshi,East,Office Supplies,Binders,78.55,0.025274650945223288,23.6,2025,6,0.3004455760661999
13646,2025-06-16,Vikram Joshi,East,Furniture,Bookcases,96.23,0.35473103281388374,-0.02,2025,6,-0.0002078353943676608
13647,2025-06-22,Vikram Joshi,East,Furniture,Tables,81.35,0.17104278570451178,9.11,2025,6,0.11198524892440073
13648,2025-06-01,Vikram Joshi,East,Furniture,Chairs,138.86,0.03745230497759081,17.28,2025,6,0.12444188391185367
13649,2025-06-05,Vikram Joshi,East,Office Supplies,Storage,140.89,0.12256419389535672,22.18,2025,6,0.15742778053800838
13650,2025-06-25,Vikram Joshi,East,Technology,Accessories,175.78,0.5704572071982493,-19.74,2025,6,-0.1122994652406417
13651,2025-06-26,Vikram Joshi,East,Office Supplies,Storage,73.66,0.024931326844415055,16.19,2025,6,0.21979364648384472
13652,2025-06-15,Vikram Joshi,East,Technology,Machines,444.88,0.19322127760571203,10.07,2025,6,0.022635317388958822
13653,2025-06-19,Vikram Joshi,East,Technology,Machines,194.35,0.2340277885390425,8.13,2025,6,0.04183174684846926
13654,2025-06-25,Vikram Joshi,East,Technology,Accessories,191.24,0.06764358169765368,35.36,2025,6,0.18489855678728298
13655,2025-06-26,Vikram Joshi,East,Furniture,Tables,318.16,0.22380919917810113,5.02,2025,6,0.0157782247925572
13656,2025-06-07,Vikram Joshi,East,Technology,Accessories,211.8,0.08413209321113649,48.68,2025,6,0.22983947119924455
13657,2025-06-17,Vikram Joshi,East,Technology,Machines,231.72,0.2258583995834947,9.61,2025,6,0.04147246677023994
13658,2025-06-23,Vikram Joshi,East,Technology,Accessories,36.78,0.2965781794235332,0.86,2025,6,0.02338227297444263
13659,2025-06-04,Vikram Joshi,East,Furniture,Tables,227.96,0.5027971964363743,-29.86,2025,6,-0.13098789261273908
13660,2025-06-14,Sneha More,East,Technology,Phones,260.58,0.41623638095981086,-5.88,2025,6,-0.022565047202394658
13661,2025-06-22,Sneha More,East,Technology,Phones,218.26,0.1844286633405436,11.12,2025,6,0.0509484101530285
13662,2025-06-18,Sneha More,East,Furniture,Chairs,245.08,0.1616550010038896,14.7,2025,6,0.059980414558511504
13663,2025-06-05,Sneha More,East,Office Supplies,Paper,73.17,0.11616797459531715,8.03,2025,6,0.1097444307776411
13664,2025-06-03,Sneha More,East,Technology,Phones,347.04,0.31534744048214425,0.54,2025,6,0.0015560165975103736
13665,2025-06-15,Sneha More,East,Office Supplies,Art,65.0,0.2082520299428204,1.17,2025,6,0.018
13666,2025-06-22,Sneha More,East,Technology,Phones,313.28,0.2850728884389254,7.15,2025,6,0.022823033707865172
13667,2025-06-01,Sneha More,East,Furniture,Chairs,662.47,0.1927089956462881,24.01,2025,6,0.03624315063323622
13668,2025-06-02,Sneha More,East,Technology,Phones,153.74,0.16160227764640248,23.18,2025,6,0.1507740340835176
13669,2025-06-23,Sneha More,East,Furniture,Bookcases,98.68,0.37410870956807196,-12.7,2025,6,-0.12869882448317793
13670,2025-06-26,Sneha More,East,Technology,Accessories,129.57,0.3267592576096764,-3.35,2025,6,-0.02585475032800803
13671,2025-06-07,Sneha More,East,Technology,Accessories,101.76,0.4109139056966493,-5.7,2025,6,-0.05601415094339623
13672,2025-06-15,Sneha More,East,Office Supplies,Paper,66.63,0.14526037254704152,8.49,2025,6,0.12742008104457453
13673,2025-06-03,Sneha More,East,Furniture,Chairs,56.98,0.2005854027619483,5.07,2025,6,0.08897858897858898
13674,2025-06-17,Sneha More,East,Furniture,Bookcases,186.94,0.38976000446227177,-15.87,2025,6,-0.08489354873221354
13675,2025-06-06,Sneha More,East,Office Supplies,Paper,72.75,0.2033867680316313,8.27,2025,6,0.11367697594501718
13676,2025-06-21,Sneha More,East,Technology,Machines,488.07,0.24200613007874305,20.58,2025,6,0.04216608273403405
13677,2025-06-10,Sneha More,East,Office Supplies,Paper,54.68,0.1273845922861595,8.35,2025,6,0.15270665691294805
13678,2025-06-26,Sneha More,East,Furniture,Chairs,193.68,0.2574823222836395,-0.54,2025,6,-0.0027881040892193307
13679,2025-06-11,Sneha More,East,Technology,Accessories,130.0,0.32555372456832543,-6.37,2025,6,-0.049
13680,2025-06-21,Aditya Shah,South,Technology,Accessories,120.71,0.03551830780072853,19.1,2025,6,0.1582304697208185
13681,2025-06-08,Aditya Shah,South,Technology,Machines,317.62,0.06278383587062761,63.54,2025,6,0.20005037466154524
13682,2025-06-25,Aditya Shah,South,Furniture,Bookcases,99.5,0.23241362724058162,2.4,2025,6,0.024120603015075376
13683,2025-06-12,Aditya Shah,South,Office Supplies,Art,75.28,0.2615152337971726,12.56,2025,6,0.16684378320935175
13684,2025-06-13,Aditya Shah,South,Technology,Machines,289.3,0.17632937668610218,12.14,2025,6,0.04196335983408227
13685,2025-06-17,Aditya Shah,South,Furniture,Tables,163.5,0.09606666982242255,9.93,2025,6,0.06073394495412844
13686,2025-06-04,Aditya Shah,South,Technology,Machines,82.39,0.18907957725925587,2.57,2025,6,0.031193105959461096
13687,2025-06-21,Aditya Shah,South,Technology,Accessories,146.22,0.2084592520097566,15.08,2025,6,0.10313226644781835
13688,2025-06-25,Aditya Shah,South,Office Supplies,Paper,38.28,0.1437827111273086,4.91,2025,6,0.12826541274817138
13689,2025-06-13,Aditya Shah,South,Office Supplies,Paper,89.23,0.1636646568912944,15.12,2025,6,0.16944973663566062
13690,2025-06-17,Aditya Shah,South,Furniture,Tables,257.36,0.3613637199113315,-5.66,2025,6,-0.02199253963319863
13691,2025-06-27,Aditya Shah,South,Technology,Machines,263.13,0.16486874824700004,28.33,2025,6,0.10766541253372858
13692,2025-06-09,Aditya Shah,South,Office Supplies,Binders,66.62,0.011368265437930314,10.34,2025,6,0.15520864605223655
13693,2025-06-14,Aditya Shah,South,Technology,Phones,239.6,0.12629795672285146,27.56,2025,6,0.11502504173622705
13694,2025-06-27,Aditya Shah,South,Office Supplies,Binders,28.6,0.11697780839532204,4.06,2025,6,0.14195804195804193
13695,2025-06-25,Aditya Shah,South,Furniture,Bookcases,179.49,0.10104746618867289,15.19,2025,6,0.08462867012089809
13696,2025-06-25,Aditya Shah,South,Office Supplies,Art,76.06,0.3932646137636178,8.35,2025,6,0.10978175124901393
13697,2025-06-02,Aditya Shah,South,Technology,Phones,147.5,0.1386931755978403,15.49,2025,6,0.10501694915254238
13698,2025-06-14,Aditya Shah,South,Technology,Machines,128.47,0.026322707031291966,21.62,2025,6,0.1682883163384448
13699,2025-06-17,Aditya Shah,South,Office Supplies,Art,29.63,0.34815177818149057,1.08,2025,6,0.03644954438069525
13700,2025-06-09,Aditya Shah,South,Technology,Machines,715.48,0.3835834104894285,-14.93,2025,6,-0.020867110191759377
13701,2025-06-17,Aditya Shah,South,Furniture,Chairs,240.81,0.1510735304940787,2.59,2025,6,0.010755367302022341
13702,2025-06-21,Aditya Shah,South,Technology,Phones,378.93,0.36809553940235773,-28.21,2025,6,-0.07444646768532447
13703,2025-06-12,Aditya Shah,South,Office Supplies,Storage,54.89,0.33981633205275485,4.53,2025,6,0.08252869375113865
13704,2025-06-15,Neha Pawar,South,Technology,Phones,234.15,0.128882012585272,23.0,2025,6,0.09822763185991885
13705,2025-06-14,Neha Pawar,South,Office Supplies,Storage,115.96,0.2979778413326516,0.39,2025,6,0.0033632286995515697
13706,2025-06-06,Neha Pawar,South,Furniture,Chairs,212.44,0.2719697077193592,-6.1,2025,6,-0.02871398983242327
13707,2025-06-17,Neha Pawar,South,Technology,Machines,229.11,0.2602778543175683,-1.36,2025,6,-0.005936013268735542
13708,2025-06-10,Neha Pawar,South,Office Supplies,Paper,75.02,0.3525315741513619,2.53,2025,6,0.03372434017595308
13709,2025-06-05,Neha Pawar,South,Technology,Machines,110.37,0.34973108787870055,-4.9,2025,6,-0.04439612213463804
13710,2025-06-13,Neha Pawar,South,Office Supplies,Paper,46.99,0.1518555683565516,7.99,2025,6,0.17003617791019365
13711,2025-06-14,Neha Pawar,South,Technology,Machines,402.22,0.09116021658910047,48.09,2025,6,0.11956143404107206
13712,2025-06-21,Neha Pawar,South,Furniture,Tables,260.32,0.34638961461556655,-11.66,2025,6,-0.04479102642901045
13713,2025-06-21,Neha Pawar,South,Office Supplies,Art,63.35,0.19601250123352384,6.4,2025,6,0.10102604577742699
13714,2025-06-16,Neha Pawar,South,Office Supplies,Paper,66.0,0.16720842671458358,7.09,2025,6,0.10742424242424242
13715,2025-06-10,Neha Pawar,South,Office Supplies,Art,222.87,0.0918890275095707,28.16,2025,6,0.1263516848386952
13716,2025-06-10,Neha Pawar,South,Technology,Accessories,452.98,0.10845510221783866,64.09,2025,6,0.14148527528809218
13717,2025-06-11,Neha Pawar,South,Furniture,Bookcases,281.13,0.2446538565781162,-6.58,2025,6,-0.023405541920108134
13718,2025-06-17,Neha Pawar,South,Furniture,Bookcases,54.05,0.22284457692283982,1.25,2025,6,0.023126734505087884
13719,2025-06-07,Kunal Mehta,North,Furniture,Chairs,156.82,0.16926959563401334,5.26,2025,6,0.033541640096926416
13720,2025-06-16,Kunal Mehta,North,Furniture,Tables,111.09,0.16108828885720777,7.38,2025,6,0.06643262219821766
13721,2025-06-15,Kunal Mehta,North,Office Supplies,Binders,28.22,0.16459710723842413,5.37,2025,6,0.19029057406094968
13722,2025-06-03,Kunal Mehta,North,Office Supplies,Binders,34.52,0.2050155278452389,7.8,2025,6,0.22595596755504052
13723,2025-06-09,Kunal Mehta,North,Furniture,Bookcases,192.73,0.04400669528773346,17.87,2025,6,0.09272038603227314
13724,2025-06-26,Kunal Mehta,North,Office Supplies,Storage,68.64,0.21450213657565056,6.39,2025,6,0.09309440559440559
13725,2025-06-21,Kunal Mehta,North,Technology,Accessories,44.3,0.17343594836605164,8.25,2025,6,0.18623024830699775
13726,2025-06-06,Kunal Mehta,North,Office Supplies,Binders,43.79,0.15099310201949143,7.76,2025,6,0.17720940854076273
13727,2025-06-20,Kunal Mehta,North,Technology,Accessories,83.44,0.012012852628763592,19.32,2025,6,0.23154362416107382
13728,2025-06-09,Kunal Mehta,North,Technology,Machines,213.61,0.3846373389998262,-6.55,2025,6,-0.030663358457001074
13729,2025-06-02,Kunal Mehta,North,Technology,Accessories,120.91,0.15092227761881963,5.36,2025,6,0.044330493755686054
13730,2025-06-23,Kunal Mehta,North,Furniture,Chairs,53.16,0.48345567839840675,-1.44,2025,6,-0.02708803611738149
13731,2025-06-14,Kunal Mehta,North,Office Supplies,Storage,84.89,0.42594272322678195,-0.99,2025,6,-0.01166215101896572
13732,2025-06-22,Kunal Mehta,North,Office Supplies,Storage,56.7,0.2626847103858215,5.1,2025,6,0.08994708994708994
13733,2025-06-18,Priya Nair,North,Office Supplies,Storage,91.74,0.05776022437976438,17.88,2025,6,0.1948986265533028
13734,2025-06-18,Priya Nair,North,Furniture,Bookcases,136.26,0.16854390708923692,2.73,2025,6,0.020035226772346985
13735,2025-06-02,Priya Nair,North,Furniture,Tables,188.32,0.42785032568479703,-21.03,2025,6,-0.11167162276975362
13736,2025-06-03,Priya Nair,North,Office Supplies,Art,60.69,0.47312333723979094,2.35,2025,6,0.0387213709013017
13737,2025-06-06,Priya Nair,North,Technology,Phones,76.72,0.19327901102857487,7.21,2025,6,0.09397810218978102
13738,2025-06-27,Priya Nair,North,Technology,Accessories,311.08,0.061108565607357286,33.36,2025,6,0.10723929535810724
13739,2025-06-20,Priya Nair,North,Furniture,Tables,132.49,0.012340980142767214,11.68,2025,6,0.08815759679975846
13740,2025-06-19,Priya Nair,North,Technology,Accessories,789.95,0.37771566569222476,-55.22,2025,6,-0.06990315842774858
13741,2025-06-27,Priya Nair,North,Furniture,Bookcases,334.08,0.5052289721161146,-51.27,2025,6,-0.15346623563218392
13742,2025-06-17,Priya Nair,North,Technology,Phones,291.64,0.0661430822944248,3.8,2025,6,0.013029762721163077
13743,2025-06-25,Priya Nair,North,Furniture,Tables,306.74,0.2984514163741622,-13.63,2025,6,-0.04443502640672883
13744,2025-06-17,Priya Nair,North,Technology,Accessories,32.1,0.5474372038994055,-0.72,2025,6,-0.022429906542056073
13745,2025-06-06,Priya Nair,North,Furniture,Tables,191.98,0.22701626597588576,-11.82,2025,6,-0.06156891342848214
13746,2025-06-17,Priya Nair,North,Technology,Accessories,36.92,0.11197211140066125,8.47,2025,6,0.22941495124593717
13747,2025-06-22,Priya Nair,North,Office Supplies,Paper,61.78,0.10874663371840382,11.64,2025,6,0.18841048883133701
13748,2025-06-09,Rahul Jadhav,West,Office Supplies,Storage,155.2,0.13799035580305186,26.1,2025,6,0.16817010309278352
13749,2025-06-01,Rahul Jadhav,West,Furniture,Chairs,131.61,0.09305725392792004,8.45,2025,6,0.06420484765595318
13750,2025-06-02,Rahul Jadhav,West,Technology,Machines,98.24,0.13914169811063698,12.46,2025,6,0.12683224755700329
13751,2025-06-19,Rahul Jadhav,West,Furniture,Bookcases,248.67,0.15928567871971014,6.77,2025,6,0.027224836128202035
13752,2025-06-19,Rahul Jadhav,West,Technology,Machines,213.61,0.1641448935469738,16.37,2025,6,0.07663498899864239
13753,2025-06-07,Rahul Jadhav,West,Furniture,Chairs,75.07,0.15335775276143127,4.38,2025,6,0.05834554415878514
13754,2025-06-02,Rahul Jadhav,West,Office Supplies,Binders,39.49,0.30994869906503847,1.41,2025,6,0.035705241833375534
13755,2025-06-26,Rahul Jadhav,West,Technology,Accessories,250.58,0.0569162024190569,41.14,2025,6,0.16417910447761194
13756,2025-06-08,Rahul Jadhav,West,Technology,Accessories,612.96,0.04099657817514988,94.0,2025,6,0.15335421560950144
13757,2025-06-13,Rahul Jadhav,West,Technology,Phones,170.03,0.198518919265041,14.05,2025,6,0.08263247662177263
13758,2025-06-20,Rahul Jadhav,West,Office Supplies,Storage,260.77,0.41378115612545324,-3.26,2025,6,-0.012501438048855314
13759,2025-06-18,Rahul Jadhav,West,Furniture,Bookcases,40.58,0.4292540401285296,-5.82,2025,6,-0.14342040413997045
13760,2025-06-12,Rahul Jadhav,West,Office Supplies,Storage,92.09,0.20250552346029022,11.96,2025,6,0.1298729503746335
13761,2025-06-01,Rahul Jadhav,West,Office Supplies,Binders,36.62,0.09355644189969735,6.17,2025,6,0.16848716548334244
13762,2025-06-19,Rahul Jadhav,West,Furniture,Chairs,333.67,0.16952222899798217,30.33,2025,6,0.09089819282524648
13763,2025-06-21,Rahul Jadhav,West,Furniture,Chairs,138.33,0.19229792893436087,-0.51,2025,6,-0.003686835827369334
13764,2025-06-16,Meera Singh,Central,Technology,Accessories,244.72,0.15184062881954766,20.17,2025,6,0.0824207257273619
13765,2025-06-21,Meera Singh,Central,Furniture,Tables,115.39,0.1244306438468415,4.61,2025,6,0.039951468931449866
13766,2025-06-04,Meera Singh,Central,Furniture,Bookcases,183.2,0.04790030035034203,4.87,2025,6,0.02658296943231441
13767,2025-06-07,Meera Singh,Central,Technology,Phones,98.14,0.11116983322252187,1.59,2025,6,0.016201345017322195
13768,2025-06-05,Meera Singh,Central,Office Supplies,Binders,37.64,0.15369453447656503,2.52,2025,6,0.0669500531349628
13769,2025-06-17,Meera Singh,Central,Technology,Machines,154.99,0.4514739434414457,-11.69,2025,6,-0.07542422091747854
13770,2025-06-06,Meera Singh,Central,Technology,Accessories,147.52,0.22629556692499717,11.19,2025,6,0.07585412147505421
13771,2025-06-15,Meera Singh,Central,Technology,Accessories,137.66,0.2619704389512269,-2.03,2025,6,-0.014746476826964986
13772,2025-06-14,Meera Singh,Central,Technology,Machines,292.21,0.1376220057031604,32.41,2025,6,0.11091338420998596
13773,2025-06-16,Meera Singh,Central,Furniture,Tables,121.44,0.04342625776383002,7.51,2025,6,0.061841238471673256
13774,2025-06-13,Meera Singh,Central,Technology,Machines,404.69,0.2019312486173289,34.78,2025,6,0.08594232622501174
13775,2025-06-19,Meera Singh,Central,Technology,Phones,54.85,0.07237883940174679,6.58,2025,6,0.11996353691886964
13776,2025-06-24,Meera Singh,Central,Furniture,Chairs,164.05,0.15596448326343249,-5.57,2025,6,-0.03395306309052118
13777,2025-06-10,Meera Singh,Central,Office Supplies,Art,49.25,0.07385915867095907,5.58,2025,6,0.1132994923857868
13778,2025-06-02,Meera Singh,Central,Furniture,Chairs,155.74,0.10330051740576515,16.64,2025,6,0.10684474123539232
13779,2025-06-05,Meera Singh,Central,Furniture,Bookcases,376.69,0.009096997067916685,39.4,2025,6,0.10459529055722211
13780,2025-07-08,Aarav Sharma,West,Furniture,Chairs,38.97,0.1656857556074844,3.3,2025,7,0.08468052347959969
13781,2025-07-21,Aarav Sharma,West,Office Supplies,Binders,91.42,0.21913482627260072,9.16,2025,7,0.10019689345876176
13782,2025-07-24,Aarav Sharma,West,Office Supplies,Art,52.22,0.3904027937892014,3.91,2025,7,0.07487552661815397
13783,2025-07-06,Aarav Sharma,West,Technology,Machines,111.46,0.3204599633018176,-4.77,2025,7,-0.04279562174771218
13784,2025-07-01,Aarav Sharma,West,Technology,Accessories,324.78,0.3174315994254093,-9.87,2025,7,-0.03038980232772954
13785,2025-07-14,Aarav Sharma,West,Furniture,Bookcases,118.12,0.11617718481177908,11.73,2025,7,0.09930579072130037
13786,2025-07-06,Aarav Sharma,West,Technology,Phones,175.92,0.2003850742301002,11.4,2025,7,0.06480218281036836
13787,2025-07-08,Aarav Sharma,West,Furniture,Bookcases,174.27,0.12436031950525193,18.39,2025,7,0.10552590807367877
13788,2025-07-12,Aarav Sharma,West,Office Supplies,Storage,63.95,0.041005381211316486,18.32,2025,7,0.2864738076622361
13789,2025-07-06,Aarav Sharma,West,Furniture,Tables,122.07,0.5141109664363233,-27.36,2025,7,-0.2241336937822561
13790,2025-07-14,Aarav Sharma,West,Furniture,Tables,268.24,0.2826706125427534,-7.01,2025,7,-0.026133313450641214
13791,2025-07-06,Aarav Sharma,West,Office Supplies,Paper,85.66,0.2736986180210805,4.21,2025,7,0.04914779360261499
13792,2025-07-09,Aarav Sharma,West,Office Supplies,Storage,48.81,0.06608907554078203,11.51,2025,7,0.23581233353820938
13793,2025-07-01,Ananya Patil,West,Technology,Phones,33.14,0.061414838335473704,5.39,2025,7,0.16264333132166564
13794,2025-07-08,Ananya Patil,West,Technology,Accessories,396.74,0.12873697022508476,32.86,2025,7,0.082825023945153
13795,2025-07-03,Ananya Patil,West,Furniture,Tables,201.64,0.33790769369265156,-17.32,2025,7,-0.08589565562388415
13796,2025-07-09,Ananya Patil,West,Furniture,Tables,103.89,0.2222938278727821,-5.46,2025,7,-0.05255558764077389
13797,2025-07-03,Ananya Patil,West,Technology,Machines,182.25,0.32501213516577576,1.83,2025,7,0.010041152263374487
13798,2025-07-09,Ananya Patil,West,Office Supplies,Storage,111.96,0.24865131728331885,15.75,2025,7,0.14067524115755628
13799,2025-07-12,Ananya Patil,West,Furniture,Chairs,53.86,0.08458510966033743,1.35,2025,7,0.025064983290011143
13800,2025-07-22,Ananya Patil,West,Technology,Phones,130.7,0.08349245892789056,9.14,2025,7,0.06993114001530223
13801,2025-07-19,Ananya Patil,West,Furniture,Tables,102.27,0.2545216348143991,1.79,2025,7,0.017502688960594506
13802,2025-07-16,Ananya Patil,West,Furniture,Bookcases,353.0,0.24946162997099555,-7.96,2025,7,-0.022549575070821528
13803,2025-07-12,Ananya Patil,West,Furniture,Bookcases,113.55,0.1633000939418281,7.43,2025,7,0.06543372963452224
13804,2025-07-12,Ananya Patil,West,Furniture,Bookcases,238.45,0.21960484828406007,-9.1,2025,7,-0.03816313692598029
13805,2025-07-19,Rohan Deshmukh,Central,Technology,Machines,249.3,0.17891634895840683,33.68,2025,7,0.13509827517047732
13806,2025-07-04,Rohan Deshmukh,Central,Furniture,Bookcases,213.93,0.24702793350987232,0.42,2025,7,0.0019632590099565275
13807,2025-07-20,Rohan Deshmukh,Central,Technology,Machines,142.64,0.42097486875276197,4.11,2025,7,0.02881379697139653
13808,2025-07-12,Rohan Deshmukh,Central,Technology,Machines,163.39,0.12993401149636621,24.97,2025,7,0.1528245302650101
13809,2025-07-26,Rohan Deshmukh,Central,Office Supplies,Art,94.98,0.06689246634001365,17.32,2025,7,0.18235417982733207
13810,2025-07-04,Rohan Deshmukh,Central,Furniture,Chairs,96.95,0.011977180922253895,11.82,2025,7,0.12191851469829809
13811,2025-07-19,Rohan Deshmukh,Central,Furniture,Bookcases,603.98,0.30926914478816137,-31.6,2025,7,-0.05231961323222623
13812,2025-07-18,Rohan Deshmukh,Central,Office Supplies,Paper,124.66,0.24433741322346497,12.07,2025,7,0.09682335953794322
13813,2025-07-23,Rohan Deshmukh,Central,Furniture,Bookcases,102.04,0.37780000796472296,-7.81,2025,7,-0.07653861230889847
13814,2025-07-18,Rohan Deshmukh,Central,Technology,Accessories,344.43,0.0995786504121952,65.95,2025,7,0.191475771564614
13815,2025-07-23,Rohan Deshmukh,Central,Technology,Machines,111.62,0.39107179832759126,-9.7,2025,7,-0.08690198889087976
13816,2025-07-17,Rohan Deshmukh,Central,Technology,Phones,145.63,0.5451589314314441,-29.33,2025,7,-0.20140081027260867
13817,2025-07-16,Rohan Deshmukh,Central,Office Supplies,Paper,150.35,0.06124576704350541,28.43,2025,7,0.18909211839042236
13818,2025-07-08,Isha Kulkarni,Central,Office Supplies,Storage,86.32,0.38978735615912424,5.57,2025,7,0.06452734012974978
13819,2025-07-18,Isha Kulkarni,Central,Furniture,Chairs,111.08,0.2824994303772435,-3.47,2025,7,-0.031238746849117757
13820,2025-07-27,Isha Kulkarni,Central,Furniture,Bookcases,228.0,0.07982262329201575,2.31,2025,7,0.010131578947368422
13821,2025-07-13,Isha Kulkarni,Central,Technology,Phones,113.03,0.2565725406195638,6.72,2025,7,0.05945324250199062
13822,2025-07-17,Isha Kulkarni,Central,Technology,Accessories,304.96,0.28232261170730083,7.56,2025,7,0.024790136411332635
13823,2025-07-04,Isha Kulkarni,Central,Furniture,Chairs,126.6,0.10776344460424635,12.32,2025,7,0.09731437598736177
13824,2025-07-14,Isha Kulkarni,Central,Furniture,Chairs,100.94,0.0713297170580355,11.35,2025,7,0.11244303546661383
13825,2025-07-07,Isha Kulkarni,Central,Furniture,Chairs,90.09,0.2916269816989725,2.41,2025,7,0.026751026751026752
13826,2025-07-09,Isha Kulkarni,Central,Office Supplies,Storage,56.26,0.3540506160493305,-1.94,2025,7,-0.034482758620689655
13827,2025-07-12,Isha Kulkarni,Central,Technology,Accessories,158.4,0.24128111109897038,3.86,2025,7,0.024368686868686866
13828,2025-07-27,Isha Kulkarni,Central,Office Supplies,Paper,23.65,0.09577456305936072,9.59,2025,7,0.4054968287526427
13829,2025-07-02,Isha Kulkarni,Central,Technology,Machines,90.7,0.09952760351124927,13.7,2025,7,0.1510474090407938
13830,2025-07-24,Isha Kulkarni,Central,Technology,Accessories,120.35,0.02739322950173697,24.71,2025,7,0.20531782301620277
13831,2025-07-02,Isha Kulkarni,Central,Furniture,Bookcases,149.36,0.33632759299871556,-8.14,2025,7,-0.054499196572040706
13832,2025-07-07,Isha Kulkarni,Central,Furniture,Chairs,150.45,0.023746250709259682,11.49,2025,7,0.07637088733798605
13833,2025-07-10,Isha Kulkarni,Central,Technology,Phones,196.96,0.3753851314288788,-0.26,2025,7,-0.0013200649878147847
13834,2025-07-15,Isha Kulkarni,Central,Furniture,Chairs,292.05,0.13023474579978178,23.39,2025,7,0.08008902585173772
13835,2025-07-07,Vikram Joshi,East,Technology,Phones,277.53,0.1348571156423607,36.33,2025,7,0.13090476705221057
13836,2025-07-03,Vikram Joshi,East,Technology,Accessories,179.7,0.32989470951797656,-0.57,2025,7,-0.0031719532554257096
13837,2025-07-16,Vikram Joshi,East,Technology,Phones,154.93,0.3846780872216688,-15.4,2025,7,-0.09939972890983025
13838,2025-07-16,Vikram Joshi,East,Technology,Phones,150.23,0.020714749111243973,27.54,2025,7,0.18331891100312855
13839,2025-07-03,Vikram Joshi,East,Technology,Accessories,202.76,0.06318936812788044,33.18,2025,7,0.16364174393371475
13840,2025-07-24,Vikram Joshi,East,Furniture,Chairs,260.18,0.45848475334388694,-41.78,2025,7,-0.16058113613652086
13841,2025-07-06,Vikram Joshi,East,Office Supplies,Paper,50.2,0.036178014649646026,9.94,2025,7,0.19800796812749002
13842,2025-07-07,Vikram Joshi,East,Technology,Machines,352.47,0.4649320312685305,-44.42,2025,7,-0.12602490992141174
13843,2025-07-08,Vikram Joshi,East,Furniture,Chairs,249.18,0.3511832213931037,-12.3,2025,7,-0.04936190705514086
13844,2025-07-03,Vikram Joshi,East,Technology,Accessories,181.48,0.14415201024924215,20.19,2025,7,0.11125192858717216
13845,2025-07-02,Vikram Joshi,East,Technology,Accessories,164.39,0.09044728712279985,23.42,2025,7,0.14246608674493585
13846,2025-07-20,Vikram Joshi,East,Furniture,Tables,129.73,0.14271197694168705,-1.07,2025,7,-0.008247899483542744
13847,2025-07-05,Vikram Joshi,East,Furniture,Bookcases,115.31,0.354563119181187,-4.67,2025,7,-0.040499523024889426
13848,2025-07-18,Vikram Joshi,East,Office Supplies,Paper,37.97,0.28735653824057844,2.99,2025,7,0.07874637872004214
13849,2025-07-17,Vikram Joshi,East,Technology,Phones,97.21,0.5912505215259688,-17.22,2025,7,-0.1771422693138566
13850,2025-07-14,Vikram Joshi,East,Technology,Machines,104.36,0.1657011174099027,0.89,2025,7,0.008528171713300114
13851,2025-07-18,Vikram Joshi,East,Office Supplies,Art,48.56,0.24816593479232843,5.01,2025,7,0.10317133443163096
13852,2025-07-07,Vikram Joshi,East,Technology,Accessories,61.06,0.5824016716225319,-11.14,2025,7,-0.1824434981984933
13853,2025-07-04,Vikram Joshi,East,Office Supplies,Art,31.19,0.1742343957532559,2.29,2025,7,0.07342096825905739
13854,2025-07-07,Vikram Joshi,East,Furniture,Bookcases,77.27,0.05139221034302435,1.29,2025,7,0.016694706872007248
13855,2025-07-01,Sneha More,East,Technology,Phones,1053.4,0.12701484341732036,140.95,2025,7,0.13380482247958989
13856,2025-07-04,Sneha More,East,Technology,Machines,221.09,0.054958227993324185,41.42,2025,7,0.1873445203310869
13857,2025-07-02,Sneha More,East,Technology,Accessories,77.17,0.19205166785449582,7.48,2025,7,0.09692885836464948
13858,2025-07-23,Sneha More,East,Office Supplies,Storage,95.72,0.11234953252202319,14.19,2025,7,0.1482448809026327
13859,2025-07-27,Sneha More,East,Technology,Phones,50.96,0.0922465577698402,8.87,2025,7,0.17405808477237047
13860,2025-07-16,Sneha More,East,Office Supplies,Storage,41.15,0.06500737867825723,4.29,2025,7,0.10425273390036452
13861,2025-07-15,Sneha More,East,Furniture,Chairs,137.15,0.16811630352994747,-0.12,2025,7,-0.0008749544294567991
13862,2025-07-23,Sneha More,East,Furniture,Bookcases,85.24,0.09603841777736084,1.55,2025,7,0.018183951196621306
13863,2025-07-11,Sneha More,East,Office Supplies,Art,63.0,0.04093732010148726,11.64,2025,7,0.18476190476190477
13864,2025-07-11,Sneha More,East,Office Supplies,Binders,20.95,0.17490369618113777,1.47,2025,7,0.07016706443914081
13865,2025-07-18,Sneha More,East,Technology,Machines,188.78,0.11872640164047554,18.38,2025,7,0.09736200868736095
13866,2025-07-13,Sneha More,East,Technology,Phones,112.97,0.41108142703963435,-1.59,2025,7,-0.014074533061874835
13867,2025-07-08,Sneha More,East,Furniture,Chairs,206.25,0.162400863850048,-0.25,2025,7,-0.0012121212121212121
13868,2025-07-13,Sneha More,East,Technology,Phones,348.95,0.06715285306865232,59.65,2025,7,0.17094139561541769
13869,2025-07-11,Sneha More,East,Office Supplies,Art,45.86,0.14874097141386936,1.14,2025,7,0.024858264282599213
13870,2025-07-22,Sneha More,East,Technology,Machines,260.74,0.17350118132376174,21.09,2025,7,0.08088517296924139
13871,2025-07-18,Sneha More,East,Furniture,Chairs,150.77,0.29497574293622575,-9.78,2025,7,-0.06486701598461231
13872,2025-07-26,Sneha More,East,Technology,Accessories,174.07,0.14753725026952996,21.35,2025,7,0.12265180674441319
13873,2025-07-26,Sneha More,East,Technology,Accessories,91.22,0.30678726544821205,1.2,2025,7,0.0131550098662574
13874,2025-07-10,Sneha More,East,Technology,Accessories,191.53,0.2296885025010427,6.78,2025,7,0.03539915417950191
13875,2025-07-26,Sneha More,East,Technology,Phones,164.4,0.0755855207224831,15.5,2025,7,0.09428223844282238
13876,2025-07-12,Aditya Shah,South,Technology,Machines,310.02,0.11475145339916701,27.45,2025,7,0.08854267466615057
13877,2025-07-20,Aditya Shah,South,Furniture,Bookcases,364.18,0.17370182672899503,23.15,2025,7,0.06356746663737711
13878,2025-07-25,Aditya Shah,South,Furniture,Tables,108.89,0.1056079073053621,12.05,2025,7,0.11066213610065204
13879,2025-07-20,Aditya Shah,South,Furniture,Tables,109.68,0.3478635499082064,-2.24,2025,7,-0.020423048869438368
13880,2025-07-04,Aditya Shah,South,Technology,Accessories,211.98,0.07561461780994641,27.65,2025,7,0.13043683366355316
13881,2025-07-18,Aditya Shah,South,Office Supplies,Paper,33.55,0.19305896632587083,5.66,2025,7,0.1687034277198212
13882,2025-07-20,Aditya Shah,South,Office Supplies,Paper,44.72,0.20119053989577063,16.32,2025,7,0.36493738819320215
13883,2025-07-22,Aditya Shah,South,Office Supplies,Paper,39.0,0.11480076341010266,2.33,2025,7,0.059743589743589745
13884,2025-07-22,Aditya Shah,South,Technology,Machines,186.74,0.17690587452984816,28.08,2025,7,0.15036949769733318
13885,2025-07-25,Aditya Shah,South,Technology,Phones,292.64,0.41359157551710013,5.67,2025,7,0.01937534171678513
13886,2025-07-14,Aditya Shah,South,Furniture,Tables,173.19,0.22123399852336248,-7.87,2025,7,-0.045441422714937355
13887,2025-07-08,Aditya Shah,South,Furniture,Bookcases,52.13,0.2317752572226839,-4.76,2025,7,-0.09131018607327833
13888,2025-07-14,Aditya Shah,South,Office Supplies,Binders,23.52,0.250032408645249,2.49,2025,7,0.10586734693877552
13889,2025-07-20,Aditya Shah,South,Technology,Accessories,98.41,0.44589576365583455,-5.39,2025,7,-0.05477085662026217
13890,2025-07-27,Aditya Shah,South,Technology,Machines,276.6,0.030997991138120882,63.33,2025,7,0.22895878524945767
13891,2025-07-03,Aditya Shah,South,Office Supplies,Storage,64.77,0.20174319708580463,6.22,2025,7,0.09603211363285472
13892,2025-07-15,Aditya Shah,South,Office Supplies,Storage,67.6,0.33729879702104676,5.69,2025,7,0.08417159763313611
13893,2025-07-09,Aditya Shah,South,Furniture,Chairs,250.32,0.14038540868854543,25.69,2025,7,0.10262863534675616
13894,2025-07-02,Aditya Shah,South,Furniture,Chairs,130.55,0.19008251434392864,-2.05,2025,7,-0.01570279586365377
13895,2025-07-18,Aditya Shah,South,Technology,Accessories,534.85,0.13171209058426123,67.23,2025,7,0.1256987940544078
13896,2025-07-06,Aditya Shah,South,Technology,Phones,188.96,0.4187907084379116,-3.11,2025,7,-0.016458509737510583
13897,2025-07-15,Aditya Shah,South,Office Supplies,Art,69.38,0.65,-11.99,2025,7,-0.1728163735946959
13898,2025-07-14,Aditya Shah,South,Office Supplies,Binders,54.31,0.3446138758963303,-4.39,2025,7,-0.08083225925243968
13899,2025-07-17,Neha Pawar,South,Office Supplies,Storage,53.63,0.12519621182227245,13.67,2025,7,0.2548946485176207
13900,2025-07-17,Neha Pawar,South,Technology,Accessories,126.86,0.11532840964570107,14.68,2025,7,0.1157181144568816
13901,2025-07-12,Neha Pawar,South,Technology,Machines,85.07,0.14908156056964258,8.1,2025,7,0.09521570471376514
13902,2025-07-10,Neha Pawar,South,Office Supplies,Art,46.29,0.16092973377067904,5.41,2025,7,0.11687189457766256
13903,2025-07-19,Neha Pawar,South,Furniture,Tables,93.85,0.17096111124610713,2.83,2025,7,0.03015450186467768
13904,2025-07-05,Neha Pawar,South,Furniture,Chairs,97.15,0.27952953964277566,-2.22,2025,7,-0.02285126093669583
13905,2025-07-21,Neha Pawar,South,Technology,Accessories,705.52,0.1779106374307332,15.73,2025,7,0.022295611747363647
13906,2025-07-08,Neha Pawar,South,Office Supplies,Art,141.39,0.15896164786105538,24.12,2025,7,0.17059197963080844
13907,2025-07-20,Neha Pawar,South,Technology,Accessories,327.91,0.11763673733116412,67.28,2025,7,0.20517825012960872
13908,2025-07-26,Neha Pawar,South,Technology,Phones,128.86,0.13192351865892124,14.89,2025,7,0.11555176160173831
13909,2025-07-15,Neha Pawar,South,Furniture,Chairs,125.04,0.10320178202612297,9.39,2025,7,0.07509596928982726
13910,2025-07-08,Kunal Mehta,North,Furniture,Tables,106.61,0.4669574456570954,-14.87,2025,7,-0.13948034893537192
13911,2025-07-26,Kunal Mehta,North,Technology,Accessories,262.25,0.16639137837904822,37.26,2025,7,0.14207816968541467
13912,2025-07-21,Kunal Mehta,North,Office Supplies,Storage,54.88,0.45019381337086756,5.76,2025,7,0.10495626822157433
13913,2025-07-05,Kunal Mehta,North,Technology,Accessories,156.43,0.10782682623107581,36.26,2025,7,0.2317969698906859
13914,2025-07-11,Kunal Mehta,North,Technology,Machines,226.82,0.3979782778255971,-0.77,2025,7,-0.0033947623666343357
13915,2025-07-04,Kunal Mehta,North,Office Supplies,Art,51.7,0.07541358267002211,6.67,2025,7,0.1290135396518375
13916,2025-07-17,Kunal Mehta,North,Office Supplies,Binders,129.79,0.20956812449474074,13.79,2025,7,0.1062485553586563
13917,2025-07-14,Kunal Mehta,North,Technology,Machines,189.22,0.29193451702232265,-1.27,2025,7,-0.0067117640841348695
13918,2025-07-25,Kunal Mehta,North,Furniture,Bookcases,269.18,0.4595894176595756,-30.81,2025,7,-0.11445872650271194
13919,2025-07-26,Kunal Mehta,North,Furniture,Tables,137.81,0.0819527622576459,9.26,2025,7,0.06719396270227124
13920,2025-07-19,Kunal Mehta,North,Furniture,Bookcases,100.78,0.005143993697355796,17.0,2025,7,0.16868426275054574
13921,2025-07-16,Kunal Mehta,North,Furniture,Bookcases,340.9,0.23718037255156016,-24.57,2025,7,-0.07207392197125258
13922,2025-07-16,Kunal Mehta,North,Furniture,Bookcases,202.6,0.32717662701620703,-22.87,2025,7,-0.11288252714708787
13923,2025-07-27,Kunal Mehta,North,Technology,Phones,167.84,0.26007892751649364,1.26,2025,7,0.007507149666348903
13924,2025-07-07,Kunal Mehta,North,Technology,Accessories,88.56,0.18144266439490056,2.81,2025,7,0.03172990063233966
13925,2025-07-03,Kunal Mehta,North,Furniture,Tables,127.37,0.1519366665149661,1.53,2025,7,0.012012247782052288
13926,2025-07-23,Kunal Mehta,North,Furniture,Bookcases,123.01,0.3087237710015243,-3.84,2025,7,-0.031216974229737418
13927,2025-07-27,Kunal Mehta,North,Technology,Phones,25.04,0.13295922016173387,7.53,2025,7,0.3007188498402556
13928,2025-07-18,Kunal Mehta,North,Technology,Phones,157.21,0.08105612174777543,29.51,2025,7,0.1877107054258635
13929,2025-07-22,Kunal Mehta,North,Technology,Machines,117.65,0.17079866929972026,19.48,2025,7,0.16557586060348492
13930,2025-07-04,Kunal Mehta,North,Technology,Accessories,192.24,0.4358645315746318,-17.44,2025,7,-0.09071993341656263
13931,2025-07-14,Kunal Mehta,North,Office Supplies,Art,73.82,0.18053898054598674,4.78,2025,7,0.06475209970197779
13932,2025-07-03,Kunal Mehta,North,Furniture,Tables,95.77,0.17510471579757128,-2.55,2025,7,-0.026626292158295917
13933,2025-07-03,Priya Nair,North,Furniture,Bookcases,144.74,0.2767513643978845,-12.39,2025,7,-0.08560176868868316
13934,2025-07-06,Priya Nair,North,Office Supplies,Binders,74.49,0.4046215733453745,-6.88,2025,7,-0.09236139079071017
13935,2025-07-19,Priya Nair,North,Technology,Phones,609.42,0.05169353362136232,74.98,2025,7,0.12303501690131602
13936,2025-07-11,Priya Nair,North,Furniture,Chairs,266.26,0.32489946613572784,-26.7,2025,7,-0.10027792383384662
13937,2025-07-08,Priya Nair,North,Furniture,Tables,210.19,0.3178492018064888,-5.53,2025,7,-0.02630952947333365
13938,2025-07-20,Priya Nair,North,Office Supplies,Paper,80.98,0.05923726471943011,17.22,2025,7,0.2126450975549518
13939,2025-07-19,Priya Nair,North,Technology,Accessories,284.99,0.3415859926797761,-6.93,2025,7,-0.024316642689217165
13940,2025-07-03,Priya Nair,North,Office Supplies,Art,48.84,0.028395876221814945,13.05,2025,7,0.2671990171990172
13941,2025-07-17,Priya Nair,North,Furniture,Chairs,206.03,0.2721466597852557,-9.57,2025,7,-0.04644954618259477
13942,2025-07-15,Priya Nair,North,Furniture,Bookcases,122.54,0.4549139468288454,-25.21,2025,7,-0.20572874163538435
13943,2025-07-02,Priya Nair,North,Technology,Phones,73.64,0.2843512128884328,3.71,2025,7,0.05038022813688213
13944,2025-07-10,Priya Nair,North,Technology,Machines,213.76,0.19075432670734524,20.84,2025,7,0.09749251497005988
13945,2025-07-15,Priya Nair,North,Office Supplies,Art,27.2,0.40879385386033384,-0.61,2025,7,-0.022426470588235294
13946,2025-07-16,Rahul Jadhav,West,Furniture,Chairs,82.62,0.18784264235216855,2.19,2025,7,0.026506899055918662
13947,2025-07-19,Rahul Jadhav,West,Technology,Machines,194.37,0.36951031847970717,8.52,2025,7,0.04383392498842414
13948,2025-07-01,Rahul Jadhav,West,Technology,Accessories,127.36,0.2718485564055661,2.84,2025,7,0.02229899497487437
13949,2025-07-23,Rahul Jadhav,West,Furniture,Chairs,43.84,0.14149977959418233,4.04,2025,7,0.09215328467153285
13950,2025-07-11,Rahul Jadhav,West,Technology,Accessories,119.0,0.26534084581159295,6.58,2025,7,0.05529411764705883
13951,2025-07-17,Rahul Jadhav,West,Office Supplies,Binders,58.72,0.24298842812637206,2.39,2025,7,0.0407016348773842
13952,2025-07-11,Rahul Jadhav,West,Technology,Machines,127.44,0.20887137293915325,9.87,2025,7,0.07744821092278718
13953,2025-07-10,Rahul Jadhav,West,Furniture,Chairs,124.86,0.02427959949192598,13.82,2025,7,0.11068396604196701
13954,2025-07-13,Rahul Jadhav,West,Technology,Accessories,62.24,0.08236499302767322,8.25,2025,7,0.13255141388174807
13955,2025-07-25,Rahul Jadhav,West,Office Supplies,Storage,71.97,0.2751480391483893,11.31,2025,7,0.15714881200500208
13956,2025-07-22,Rahul Jadhav,West,Technology,Phones,483.84,0.029580675169374876,41.23,2025,7,0.08521412037037036
13957,2025-07-09,Rahul Jadhav,West,Office Supplies,Binders,52.03,0.4926143383681984,-0.59,2025,7,-0.011339611762444742
13958,2025-07-20,Meera Singh,Central,Office Supplies,Binders,45.97,0.34239369718232004,4.04,2025,7,0.08788340221883838
13959,2025-07-11,Meera Singh,Central,Furniture,Chairs,163.36,0.11496737145848498,7.2,2025,7,0.04407443682664055
13960,2025-07-11,Meera Singh,Central,Furniture,Bookcases,361.47,0.14849838783523353,4.38,2025,7,0.012117188148394057
13961,2025-07-15,Meera Singh,Central,Furniture,Tables,167.65,0.23787635971106377,-4.17,2025,7,-0.024873247837757233
13962,2025-07-02,Meera Singh,Central,Technology,Machines,188.67,0.4670840574976675,-1.02,2025,7,-0.005406264906980442
13963,2025-07-26,Meera Singh,Central,Technology,Phones,263.78,0.082600277213043,15.48,2025,7,0.058685268026385635
13964,2025-07-03,Meera Singh,Central,Technology,Accessories,177.72,0.4356456869528201,-1.85,2025,7,-0.0104096331307675
13965,2025-07-17,Meera Singh,Central,Technology,Machines,132.74,0.2587398908001672,-2.37,2025,7,-0.017854452312791924
13966,2025-07-14,Meera Singh,Central,Furniture,Bookcases,125.79,0.32847919822996824,-12.17,2025,7,-0.09674854916925034
13967,2025-07-25,Meera Singh,Central,Furniture,Bookcases,178.21,0.03607067320740217,25.4,2025,7,0.1425284776387408
13968,2025-07-19,Meera Singh,Central,Furniture,Bookcases,107.71,0.1337893612545757,8.7,2025,7,0.08077244452697056
13969,2025-07-26,Meera Singh,Central,Furniture,Bookcases,116.52,0.23446217140809772,1.9,2025,7,0.016306213525575007
13970,2025-07-15,Meera Singh,Central,Furniture,Tables,219.99,0.2547703124060707,-7.54,2025,7,-0.03427428519478158
13971,2025-07-17,Meera Singh,Central,Office Supplies,Art,69.77,0.19303889992046463,9.3,2025,7,0.13329511251254123
13972,2025-08-15,Aarav Sharma,West,Furniture,Tables,91.69,0.07141302285028572,9.56,2025,8,0.10426436906969136
13973,2025-08-03,Aarav Sharma,West,Technology,Accessories,303.12,0.08940630920835997,51.27,2025,8,0.16914093428345212
13974,2025-08-05,Aarav Sharma,West,Furniture,Chairs,289.27,0.1503762552849723,14.35,2025,8,0.04960763300722509
13975,2025-08-03,Aarav Sharma,West,Furniture,Bookcases,115.52,0.1383250319506046,6.9,2025,8,0.05972991689750693
13976,2025-08-13,Aarav Sharma,West,Office Supplies,Binders,74.82,0.4958121335965726,-6.71,2025,8,-0.0896819032344293
13977,2025-08-25,Aarav Sharma,West,Office Supplies,Binders,82.03,0.10687192930834204,9.11,2025,8,0.11105693039132024
13978,2025-08-05,Aarav Sharma,West,Furniture,Bookcases,294.3,0.08298820820486577,22.51,2025,8,0.0764865783214407
13979,2025-08-06,Aarav Sharma,West,Technology,Machines,109.13,0.02655272749079917,26.7,2025,8,0.24466232933198936
13980,2025-08-08,Aarav Sharma,West,Office Supplies,Binders,71.75,0.2191315266828579,10.96,2025,8,0.15275261324041814
13981,2025-08-18,Aarav Sharma,West,Office Supplies,Art,69.63,0.009150608016939068,16.62,2025,8,0.2386902197328738
13982,2025-08-24,Aarav Sharma,West,Office Supplies,Binders,68.56,0.02500205729356829,12.38,2025,8,0.18057176196032673
13983,2025-08-19,Aarav Sharma,West,Technology,Machines,218.77,0.10421959363096298,19.89,2025,8,0.09091740183754628
13984,2025-08-02,Ananya Patil,West,Technology,Accessories,242.0,0.20689841174731655,21.87,2025,8,0.09037190082644629
13985,2025-08-03,Ananya Patil,West,Technology,Machines,275.3,0.21477322943027088,12.5,2025,8,0.04540501271340356
13986,2025-08-13,Ananya Patil,West,Furniture,Bookcases,93.95,0.1856580330936165,6.58,2025,8,0.07003725385843533
13987,2025-08-05,Ananya Patil,West,Office Supplies,Paper,45.42,0.15031938385421847,9.22,2025,8,0.20299427564949363
13988,2025-08-03,Ananya Patil,West,Office Supplies,Binders,102.82,0.24587444198076838,13.03,2025,8,0.1267263178369967
13989,2025-08-27,Ananya Patil,West,Furniture,Chairs,86.92,0.3972649959800304,-9.64,2025,8,-0.11090658076392085
13990,2025-08-24,Ananya Patil,West,Technology,Phones,108.2,0.43172362662366676,3.27,2025,8,0.03022181146025878
13991,2025-08-04,Ananya Patil,West,Furniture,Chairs,104.84,0.2918257439300639,-1.75,2025,8,-0.016692102251049216
13992,2025-08-21,Ananya Patil,West,Technology,Accessories,60.38,0.1765676728942117,11.87,2025,8,0.19658827426300096
13993,2025-08-22,Ananya Patil,West,Furniture,Chairs,217.31,0.12256106147859332,7.41,2025,8,0.03409875293359717
13994,2025-08-11,Ananya Patil,West,Technology,Accessories,1358.16,0.35230166239889865,-40.07,2025,8,-0.02950315132237733
13995,2025-08-27,Ananya Patil,West,Technology,Accessories,127.14,0.18279104318691922,7.9,2025,8,0.06213622778039956
13996,2025-08-19,Ananya Patil,West,Office Supplies,Art,88.08,0.3242378344985211,9.83,2025,8,0.1116030881017257
13997,2025-08-08,Rohan Deshmukh,Central,Office Supplies,Art,42.56,0.2528698688702918,3.99,2025,8,0.09375
13998,2025-08-23,Rohan Deshmukh,Central,Office Supplies,Art,25.83,0.3926590766559456,6.06,2025,8,0.2346109175377468
13999,2025-08-17,Rohan Deshmukh,Central,Technology,Machines,303.03,0.2841492850590408,11.33,2025,8,0.03738903738903739
14000,2025-08-23,Rohan Deshmukh,Central,Office Supplies,Storage,59.08,0.14585482310938136,12.45,2025,8,0.21073121191604605
14001,2025-08-25,Rohan Deshmukh,Central,Furniture,Chairs,64.17,0.10461269116269839,9.63,2025,8,0.15007012622720897
14002,2025-08-13,Rohan Deshmukh,Central,Furniture,Tables,143.9,0.1333857728464168,8.07,2025,8,0.05608061153578874
14003,2025-08-25,Rohan Deshmukh,Central,Office Supplies,Storage,92.43,0.1087476450825414,12.06,2025,8,0.13047711781888996
14004,2025-08-17,Rohan Deshmukh,Central,Furniture,Chairs,45.91,0.09757739813060844,1.21,2025,8,0.026355913744282294
14005,2025-08-17,Rohan Deshmukh,Central,Office Supplies,Storage,219.99,0.0728511016529058,46.82,2025,8,0.2128278558116278
14006,2025-08-05,Rohan Deshmukh,Central,Technology,Machines,72.29,0.0907507219399616,16.12,2025,8,0.22299073177479595
14007,2025-08-23,Rohan Deshmukh,Central,Furniture,Tables,128.56,0.0805655277523404,9.74,2025,8,0.07576228998133168
14008,2025-08-23,Rohan Deshmukh,Central,Technology,Accessories,71.43,0.2856087722439091,6.63,2025,8,0.09281814363712725
14009,2025-08-18,Isha Kulkarni,Central,Technology,Phones,94.35,0.494836976202756,-9.76,2025,8,-0.10344462109167991
14010,2025-08-06,Isha Kulkarni,Central,Office Supplies,Art,74.89,0.4413607698537287,6.55,2025,8,0.08746161036186406
14011,2025-08-21,Isha Kulkarni,Central,Furniture,Bookcases,92.29,0.05174267852814935,10.0,2025,8,0.10835410120273052
14012,2025-08-16,Isha Kulkarni,Central,Technology,Phones,624.89,0.02743705274643201,111.78,2025,8,0.17887948278897087
14013,2025-08-16,Isha Kulkarni,Central,Technology,Phones,93.44,0.22672861294146257,10.22,2025,8,0.10937500000000001
14014,2025-08-24,Isha Kulkarni,Central,Technology,Accessories,430.26,0.10530939766789596,29.03,2025,8,0.06747083159020127
14015,2025-08-10,Isha Kulkarni,Central,Furniture,Chairs,165.76,0.3450888062252552,-7.71,2025,8,-0.04651303088803089
14016,2025-08-22,Isha Kulkarni,Central,Technology,Phones,245.98,0.05474633118773781,34.52,2025,8,0.1403366127327425
14017,2025-08-15,Isha Kulkarni,Central,Furniture,Bookcases,374.84,0.08826253647449221,15.74,2025,8,0.041991249599829264
14018,2025-08-06,Isha Kulkarni,Central,Office Supplies,Binders,42.31,0.12375224251963403,6.71,2025,8,0.15859134956275112
14019,2025-08-12,Isha Kulkarni,Central,Technology,Machines,227.45,0.1287146106695209,15.57,2025,8,0.06845460540778193
14020,2025-08-16,Isha Kulkarni,Central,Furniture,Chairs,84.58,0.15380036352506307,7.67,2025,8,0.09068337668479547
14021,2025-08-13,Isha Kulkarni,Central,Furniture,Tables,60.74,0.21243744018587915,3.2,2025,8,0.052683569311820874
14022,2025-08-04,Isha Kulkarni,Central,Technology,Machines,155.08,0.12762658568522114,22.24,2025,8,0.14340985297910755
14023,2025-08-01,Isha Kulkarni,Central,Technology,Machines,327.67,0.3100624250819895,11.85,2025,8,0.03616443372905667
14024,2025-08-23,Isha Kulkarni,Central,Furniture,Tables,220.64,0.2089506872161633,6.25,2025,8,0.02832668600435098
14025,2025-08-21,Isha Kulkarni,Central,Furniture,Tables,138.57,0.04468915281843751,22.96,2025,8,0.16569242981886412
14026,2025-08-05,Isha Kulkarni,Central,Technology,Phones,425.13,0.07583589310450584,45.53,2025,8,0.1070966527885588
14027,2025-08-10,Vikram Joshi,East,Furniture,Chairs,71.82,0.32591631001006377,-4.34,2025,8,-0.06042884990253412
14028,2025-08-20,Vikram Joshi,East,Technology,Phones,248.35,0.4557144919825219,-26.55,2025,8,-0.10690557680692571
14029,2025-08-05,Vikram Joshi,East,Technology,Accessories,111.57,0.49118210324203937,-15.54,2025,8,-0.13928475396611992
14030,2025-08-07,Vikram Joshi,East,Technology,Machines,316.58,0.4089893483882746,-17.92,2025,8,-0.056604965569524296
14031,2025-08-01,Vikram Joshi,East,Office Supplies,Paper,88.48,0.06759842504946062,16.72,2025,8,0.18896925858951175
14032,2025-08-04,Vikram Joshi,East,Furniture,Tables,49.98,0.07561617705464117,-2.12,2025,8,-0.042416966786714694
14033,2025-08-07,Vikram Joshi,East,Furniture,Bookcases,355.08,0.08869887903687693,35.31,2025,8,0.09944237918215615
14034,2025-08-24,Vikram Joshi,East,Furniture,Bookcases,134.04,0.3307992687559348,-3.02,2025,8,-0.02253058788421367
14035,2025-08-21,Vikram Joshi,East,Office Supplies,Art,85.49,0.24061064026896054,11.09,2025,8,0.12972277459351972
14036,2025-08-14,Vikram Joshi,East,Office Supplies,Binders,35.04,0.112902798439451,4.82,2025,8,0.1375570776255708
14037,2025-08-02,Vikram Joshi,East,Technology,Machines,445.45,0.2948666310492638,7.3,2025,8,0.01638792232573802
14038,2025-08-20,Vikram Joshi,East,Furniture,Tables,324.59,0.3074384190464018,-23.1,2025,8,-0.07116670260944577
14039,2025-08-05,Vikram Joshi,East,Technology,Accessories,146.3,0.09894489623318134,7.43,2025,8,0.05078605604921394
14040,2025-08-17,Vikram Joshi,East,Office Supplies,Paper,108.98,0.22398794365938315,9.57,2025,8,0.08781427784914664
14041,2025-08-01,Vikram Joshi,East,Technology,Accessories,168.38,0.20151501545906053,22.87,2025,8,0.13582373203468345
14042,2025-08-20,Sneha More,East,Office Supplies,Paper,109.91,0.35245088759525206,1.54,2025,8,0.01401146392502957
14043,2025-08-14,Sneha More,East,Office Supplies,Binders,66.52,0.2666192654681839,-3.26,2025,8,-0.049007817197835236
14044,2025-08-23,Sneha More,East,Office Supplies,Paper,56.41,0.10316045444051507,6.96,2025,8,0.1233823790108137
14045,2025-08-20,Sneha More,East,Furniture,Tables,60.43,0.41526321410260775,-5.71,2025,8,-0.094489491974185
14046,2025-08-12,Sneha More,East,Technology,Machines,249.34,0.11738729519408142,26.52,2025,8,0.10636079249217935
14047,2025-08-24,Sneha More,East,Technology,Machines,462.26,0.10442160566199529,52.7,2025,8,0.11400510535196644
14048,2025-08-25,Sneha More,East,Furniture,Chairs,142.91,0.43617831561404796,-14.15,2025,8,-0.09901336505492968
14049,2025-08-08,Sneha More,East,Furniture,Tables,148.57,0.26384061196819414,-3.75,2025,8,-0.025240627313724173
14050,2025-08-21,Sneha More,East,Furniture,Chairs,155.51,0.049822059360838965,7.55,2025,8,0.048549932480226356
14051,2025-08-15,Sneha More,East,Office Supplies,Art,46.6,0.06645148644761942,5.89,2025,8,0.12639484978540771
14052,2025-08-11,Sneha More,East,Technology,Phones,268.13,0.269049090646478,12.47,2025,8,0.04650729123932421
14053,2025-08-13,Sneha More,East,Technology,Accessories,80.67,0.3413392928823911,-1.0,2025,8,-0.012396181975951407
14054,2025-08-02,Sneha More,East,Furniture,Chairs,112.32,0.11499286037609885,8.58,2025,8,0.0763888888888889
14055,2025-08-16,Sneha More,East,Furniture,Chairs,145.49,0.2178716484860797,-8.61,2025,8,-0.059179325039521606
14056,2025-08-08,Sneha More,East,Furniture,Tables,87.87,0.13029546067094808,1.56,2025,8,0.017753499487879822
14057,2025-08-25,Aditya Shah,South,Furniture,Chairs,124.26,0.13325896353053962,8.42,2025,8,0.06776114598422661
14058,2025-08-09,Aditya Shah,South,Technology,Accessories,405.97,0.39714884031572306,-29.04,2025,8,-0.0715323792398453
14059,2025-08-13,Aditya Shah,South,Office Supplies,Paper,62.89,0.14195155839170492,9.8,2025,8,0.15582763555414217
14060,2025-08-16,Aditya Shah,South,Furniture,Tables,152.68,0.09541140226220378,7.16,2025,8,0.04689546764474718
14061,2025-08-03,Aditya Shah,South,Furniture,Tables,224.9,0.1214339725226251,0.06,2025,8,0.00026678523788350376
14062,2025-08-11,Aditya Shah,South,Office Supplies,Storage,46.2,0.31720171487389137,-8.27,2025,8,-0.17900432900432897
14063,2025-08-23,Aditya Shah,South,Furniture,Tables,372.58,0.012632754390854725,64.4,2025,8,0.1728487841537388
14064,2025-08-08,Aditya Shah,South,Furniture,Chairs,61.1,0.1466007024974743,2.56,2025,8,0.04189852700490999
14065,2025-08-08,Aditya Shah,South,Office Supplies,Art,106.39,0.13632863461669312,20.04,2025,8,0.1883635680045117
14066,2025-08-03,Aditya Shah,South,Technology,Accessories,153.08,0.2741498485695739,-0.65,2025,8,-0.00424614580611445
14067,2025-08-23,Aditya Shah,South,Furniture,Tables,199.66,0.019747541682877776,38.6,2025,8,0.19332865871982371
14068,2025-08-08,Aditya Shah,South,Furniture,Chairs,88.66,0.3911703406361873,-10.34,2025,8,-0.11662531017369727
14069,2025-08-22,Neha Pawar,South,Office Supplies,Storage,63.89,0.05537382474237854,9.26,2025,8,0.14493660979809048
14070,2025-08-06,Neha Pawar,South,Furniture,Tables,84.55,0.0361740163273554,15.01,2025,8,0.17752808988764046
14071,2025-08-23,Neha Pawar,South,Technology,Machines,279.56,0.08887772540327224,51.8,2025,8,0.18529117184146515
14072,2025-08-14,Neha Pawar,South,Furniture,Tables,192.72,0.20280014209197367,-3.66,2025,8,-0.018991282689912826
14073,2025-08-23,Neha Pawar,South,Technology,Phones,176.92,0.17513889063603538,18.85,2025,8,0.10654533122315173
14074,2025-08-11,Neha Pawar,South,Technology,Accessories,83.11,0.1908348596126987,6.42,2025,8,0.07724702201901094
14075,2025-08-06,Neha Pawar,South,Office Supplies,Binders,136.57,0.1864758177355542,13.01,2025,8,0.09526250274584462
14076,2025-08-21,Neha Pawar,South,Furniture,Tables,822.73,0.06132273767441694,-10.44,2025,8,-0.012689460697920337
14077,2025-08-09,Neha Pawar,South,Furniture,Bookcases,155.96,0.19405174819675666,8.73,2025,8,0.055975891254167735
14078,2025-08-22,Neha Pawar,South,Technology,Phones,107.51,0.31356121842622814,-3.59,2025,8,-0.03339224258208538
14079,2025-08-27,Neha Pawar,South,Technology,Phones,82.84,0.08441952305125648,21.13,2025,8,0.25507001448575567
14080,2025-08-27,Neha Pawar,South,Technology,Machines,127.06,0.24164154876223531,13.11,2025,8,0.10317960018888714
14081,2025-08-23,Neha Pawar,South,Office Supplies,Storage,43.51,0.06093030185034099,6.03,2025,8,0.1385888301539876
14082,2025-08-25,Neha Pawar,South,Furniture,Bookcases,196.95,0.03919626495209206,6.01,2025,8,0.030515359228230517
14083,2025-08-19,Neha Pawar,South,Technology,Phones,247.33,0.3087467325887351,-2.91,2025,8,-0.011765657219099989
14084,2025-08-12,Neha Pawar,South,Furniture,Bookcases,109.53,0.20604266242726565,-7.18,2025,8,-0.06555281657993244
14085,2025-08-22,Neha Pawar,South,Furniture,Bookcases,570.73,0.17594029061481142,38.15,2025,8,0.06684421705535017
14086,2025-08-22,Neha Pawar,South,Technology,Phones,393.27,0.29784664568611463,-23.62,2025,8,-0.060060518219035276
14087,2025-08-27,Neha Pawar,South,Office Supplies,Storage,129.2,0.1910000937386169,15.81,2025,8,0.1223684210526316
14088,2025-08-20,Kunal Mehta,North,Furniture,Tables,68.13,0.5517399909788515,-23.0,2025,8,-0.33758990165859387
14089,2025-08-11,Kunal Mehta,North,Technology,Machines,153.01,0.07563733843114391,19.38,2025,8,0.12665838834063134
14090,2025-08-23,Kunal Mehta,North,Furniture,Chairs,60.42,0.26676315134689454,5.17,2025,8,0.08556769281694802
14091,2025-08-02,Kunal Mehta,North,Office Supplies,Binders,43.65,0.10944540640418073,12.4,2025,8,0.284077892325315
14092,2025-08-25,Kunal Mehta,North,Furniture,Tables,181.54,0.21503710298274642,12.48,2025,8,0.06874518012559216
14093,2025-08-23,Kunal Mehta,North,Furniture,Bookcases,206.69,0.08428550081527157,29.77,2025,8,0.1440321254051962
14094,2025-08-05,Kunal Mehta,North,Furniture,Bookcases,158.34,0.14029941740557017,9.87,2025,8,0.0623342175066313
14095,2025-08-03,Kunal Mehta,North,Office Supplies,Paper,112.15,0.09565390267954696,19.86,2025,8,0.1770842621489077
14096,2025-08-20,Kunal Mehta,North,Office Supplies,Binders,59.59,0.11660834775670513,14.65,2025,8,0.2458466185601611
14097,2025-08-14,Kunal Mehta,North,Office Supplies,Storage,62.44,0.20244608526324004,10.24,2025,8,0.16399743754003845
14098,2025-08-15,Kunal Mehta,North,Office Supplies,Art,49.81,0.06391075141200875,10.17,2025,8,0.20417586829953824
14099,2025-08-04,Kunal Mehta,North,Furniture,Chairs,171.34,0.15292388303455975,12.21,2025,8,0.07126181860627992
14100,2025-08-08,Kunal Mehta,North,Furniture,Chairs,170.27,0.23398532604481168,-3.61,2025,8,-0.021201620954953895
14101,2025-08-01,Kunal Mehta,North,Office Supplies,Art,115.24,0.45954049891038,-4.93,2025,8,-0.04278028462339466
14102,2025-08-15,Kunal Mehta,North,Technology,Accessories,271.13,0.6115260166323292,-41.61,2025,8,-0.153468815697267
14103,2025-08-16,Kunal Mehta,North,Office Supplies,Paper,78.38,0.4572457597538185,0.64,2025,8,0.008165348303138557
14104,2025-08-26,Kunal Mehta,North,Technology,Machines,64.31,0.3670241075295511,0.33,2025,8,0.005131394806406469
14105,2025-08-13,Kunal Mehta,North,Office Supplies,Art,145.87,0.28194850744536804,-4.85,2025,8,-0.03324878316309042
14106,2025-08-11,Kunal Mehta,North,Technology,Accessories,191.03,0.06734761409737845,25.88,2025,8,0.13547610322985917
14107,2025-08-09,Priya Nair,North,Office Supplies,Art,68.83,0.2209139163367131,4.23,2025,8,0.06145576056951911
14108,2025-08-27,Priya Nair,North,Furniture,Chairs,181.83,0.3853340510366158,-18.3,2025,8,-0.10064345817521861
14109,2025-08-15,Priya Nair,North,Technology,Accessories,92.6,0.02337622695379414,15.65,2025,8,0.1690064794816415
14110,2025-08-15,Priya Nair,North,Technology,Machines,392.14,0.13604583476180457,33.07,2025,8,0.08433212628143011
14111,2025-08-04,Priya Nair,North,Technology,Machines,163.98,0.1874569730971586,8.24,2025,8,0.05025003049152336
14112,2025-08-18,Priya Nair,North,Office Supplies,Binders,41.59,0.0994752302108071,8.36,2025,8,0.20100985813897568
14113,2025-08-13,Priya Nair,North,Technology,Machines,619.88,0.12943549803556167,55.74,2025,8,0.089920629799316
14114,2025-08-09,Priya Nair,North,Furniture,Bookcases,266.35,0.156218067984121,9.86,2025,8,0.03701896001501783
14115,2025-08-07,Priya Nair,North,Office Supplies,Paper,79.36,0.1343001192684053,18.19,2025,8,0.22920866935483872
14116,2025-08-22,Priya Nair,North,Furniture,Chairs,242.85,0.2505493361710482,-10.18,2025,8,-0.04191887996705786
14117,2025-08-16,Priya Nair,North,Furniture,Tables,185.27,0.269622128143817,-8.08,2025,8,-0.04361202569223296
14118,2025-08-16,Priya Nair,North,Technology,Phones,167.07,0.12493812974180912,24.45,2025,8,0.1463458430597953
14119,2025-08-02,Priya Nair,North,Furniture,Chairs,189.78,0.11283329349485648,8.67,2025,8,0.045684476762567185
14120,2025-08-03,Rahul Jadhav,West,Office Supplies,Storage,57.47,0.23750764560569637,4.22,2025,8,0.07342961545153993
14121,2025-08-03,Rahul Jadhav,West,Furniture,Chairs,135.26,0.25902930407514363,-8.77,2025,8,-0.06483808960520479
14122,2025-08-22,Rahul Jadhav,West,Technology,Machines,202.28,0.20581724102688215,28.37,2025,8,0.14025113703776942
14123,2025-08-24,Rahul Jadhav,West,Office Supplies,Paper,75.26,0.20889565665289322,6.19,2025,8,0.08224820621844273
14124,2025-08-12,Rahul Jadhav,West,Furniture,Tables,423.07,0.40101919999696783,-37.24,2025,8,-0.08802325856241285
14125,2025-08-23,Rahul Jadhav,West,Technology,Machines,180.23,0.5307663002739987,-18.67,2025,8,-0.1035898574044277
14126,2025-08-05,Rahul Jadhav,West,Technology,Phones,164.98,0.2555038082792838,13.6,2025,8,0.08243423445266093
14127,2025-08-25,Rahul Jadhav,West,Technology,Phones,306.19,0.23439023719601387,16.01,2025,8,0.05228779515986806
14128,2025-08-15,Rahul Jadhav,West,Office Supplies,Binders,58.62,0.22149045746872953,9.06,2025,8,0.15455475946775846
14129,2025-08-09,Rahul Jadhav,West,Office Supplies,Storage,133.76,0.3946705645166573,-4.79,2025,8,-0.0358104066985646
14130,2025-08-09,Meera Singh,Central,Office Supplies,Paper,151.02,0.5638398061943676,-9.08,2025,8,-0.060124486822937355
14131,2025-08-15,Meera Singh,Central,Furniture,Tables,163.74,0.09742987193934037,15.04,2025,8,0.09185293758397459
14132,2025-08-21,Meera Singh,Central,Technology,Machines,300.88,0.06192666730587606,30.01,2025,8,0.09974076043605425
14133,2025-08-02,Meera Singh,Central,Technology,Machines,158.47,0.08217297775574241,14.02,2025,8,0.08847100397551587
14134,2025-08-18,Meera Singh,Central,Office Supplies,Art,83.78,0.5998814051839246,-3.76,2025,8,-0.04487944616853664
14135,2025-08-21,Meera Singh,Central,Technology,Machines,728.74,0.09631247154329843,108.09,2025,8,0.148324505310536
14136,2025-08-10,Meera Singh,Central,Technology,Machines,287.39,0.2839301480466662,9.52,2025,8,0.03312571766588956
14137,2025-08-22,Meera Singh,Central,Office Supplies,Art,96.07,0.28723277957950716,4.37,2025,8,0.045487665244092854
14138,2025-08-12,Meera Singh,Central,Technology,Phones,693.99,0.1774476208717028,62.54,2025,8,0.09011657228490323
14139,2025-08-16,Meera Singh,Central,Furniture,Tables,177.84,0.14928891685940582,8.05,2025,8,0.045265407107512375
14140,2025-08-27,Meera Singh,Central,Technology,Machines,293.4,0.1998854185483735,13.15,2025,8,0.044819359236537154
14141,2025-09-07,Aarav Sharma,West,Technology,Phones,184.99,0.40914012178197057,-13.47,2025,9,-0.07281474674306719
14142,2025-09-13,Aarav Sharma,West,Technology,Phones,290.46,0.06711133506007323,27.52,2025,9,0.09474626454589273
14143,2025-09-05,Aarav Sharma,West,Technology,Machines,204.56,0.03665971415922276,41.92,2025,9,0.20492764958936255
14144,2025-09-17,Aarav Sharma,West,Technology,Accessories,118.07,0.1976943327649168,-0.15,2025,9,-0.001270432794105192
14145,2025-09-18,Aarav Sharma,West,Office Supplies,Paper,90.91,0.18070500266658587,7.96,2025,9,0.08755912440875592
14146,2025-09-27,Aarav Sharma,West,Technology,Accessories,242.16,0.37637672465037897,-10.91,2025,9,-0.045052857614800136
14147,2025-09-08,Aarav Sharma,West,Technology,Machines,35.92,0.3748885048145552,0.98,2025,9,0.02728285077951002
14148,2025-09-21,Aarav Sharma,West,Furniture,Bookcases,75.29,0.4417178691735494,-13.54,2025,9,-0.17983795988843138
14149,2025-09-16,Aarav Sharma,West,Furniture,Tables,96.44,0.3243712528516547,-5.9,2025,9,-0.061177934467026136
14150,2025-09-15,Aarav Sharma,West,Furniture,Chairs,139.41,0.054706906839304,11.96,2025,9,0.08579011548669394
14151,2025-09-08,Aarav Sharma,West,Furniture,Tables,206.96,0.5552388757123042,-53.29,2025,9,-0.25748936992655586
14152,2025-09-11,Aarav Sharma,West,Furniture,Chairs,170.85,0.11964164264786759,15.55,2025,9,0.0910155106818847
14153,2025-09-11,Aarav Sharma,West,Office Supplies,Art,29.38,0.3204087862362406,-3.02,2025,9,-0.10279101429543908
14154,2025-09-10,Aarav Sharma,West,Office Supplies,Paper,120.89,0.1587824577445613,15.2,2025,9,0.12573413847299197
14155,2025-09-24,Aarav Sharma,West,Technology,Phones,77.81,0.1502216814033093,11.56,2025,9,0.14856702223364607
14156,2025-09-24,Aarav Sharma,West,Office Supplies,Paper,48.96,0.2849245042290026,2.3,2025,9,0.04697712418300653
14157,2025-09-16,Aarav Sharma,West,Technology,Accessories,275.59,0.07169084227573516,34.04,2025,9,0.12351681846220836
14158,2025-09-27,Aarav Sharma,West,Furniture,Tables,78.2,0.08390631862156188,7.92,2025,9,0.10127877237851662
14159,2025-09-24,Aarav Sharma,West,Technology,Phones,232.79,0.10109873003591384,43.31,2025,9,0.1860475106319
14160,2025-09-06,Ananya Patil,West,Furniture,Chairs,113.76,0.2420859324453076,-2.73,2025,9,-0.023997890295358648
14161,2025-09-21,Ananya Patil,West,Technology,Accessories,225.74,0.010854559484182173,40.75,2025,9,0.18051740940905467
14162,2025-09-22,Ananya Patil,West,Technology,Phones,258.42,0.40067950549965065,-27.21,2025,9,-0.10529370791734385
14163,2025-09-25,Ananya Patil,West,Furniture,Bookcases,46.99,0.11020179620102151,8.0,2025,9,0.17024898914662692
14164,2025-09-04,Ananya Patil,West,Technology,Accessories,65.37,0.4433408943830872,-3.24,2025,9,-0.04956402019274897
14165,2025-09-25,Ananya Patil,West,Furniture,Chairs,235.95,0.08651040208574821,5.23,2025,9,0.022165713074803986
14166,2025-09-14,Ananya Patil,West,Office Supplies,Binders,55.39,0.012519648409149582,13.18,2025,9,0.2379490882830836
14167,2025-09-01,Ananya Patil,West,Technology,Accessories,223.8,0.32061950072979417,17.53,2025,9,0.07832886505808757
14168,2025-09-24,Ananya Patil,West,Technology,Phones,244.27,0.16977896014403399,23.42,2025,9,0.09587751258852908
14169,2025-09-07,Ananya Patil,West,Furniture,Tables,293.21,0.008586664658387873,32.19,2025,9,0.10978479588008594
14170,2025-09-13,Ananya Patil,West,Office Supplies,Binders,76.38,0.23471317656112772,4.72,2025,9,0.061796281749148994
14171,2025-09-25,Ananya Patil,West,Furniture,Tables,93.75,0.09903887326608332,3.37,2025,9,0.03594666666666667
14172,2025-09-25,Ananya Patil,West,Furniture,Tables,202.47,0.296729842598457,1.25,2025,9,0.0061737541364152715
14173,2025-09-09,Ananya Patil,West,Technology,Machines,139.27,0.06034758630682687,21.21,2025,9,0.152294104975946
14174,2025-09-13,Ananya Patil,West,Furniture,Chairs,110.95,0.1238774569370311,10.28,2025,9,0.09265434880576835
14175,2025-09-26,Ananya Patil,West,Office Supplies,Paper,59.7,0.10157465123926074,9.97,2025,9,0.16700167504187605
14176,2025-09-11,Ananya Patil,West,Office Supplies,Art,74.93,0.06312753010251511,14.18,2025,9,0.18924329374082474
14177,2025-09-19,Rohan Deshmukh,Central,Furniture,Chairs,211.2,0.09597979404760226,26.44,2025,9,0.12518939393939396
14178,2025-09-16,Rohan Deshmukh,Central,Furniture,Bookcases,273.07,0.27109314156949504,3.25,2025,9,0.011901710184201853
14179,2025-09-24,Rohan Deshmukh,Central,Office Supplies,Storage,87.74,0.43940750740469964,-6.01,2025,9,-0.06849783451105539
14180,2025-09-19,Rohan Deshmukh,Central,Office Supplies,Art,79.64,0.2150197469533215,5.6,2025,9,0.07031642390758412
14181,2025-09-27,Rohan Deshmukh,Central,Furniture,Tables,132.05,0.36486332129668964,-0.4,2025,9,-0.003029155622870125
14182,2025-09-12,Rohan Deshmukh,Central,Furniture,Chairs,130.22,0.24236506755521953,-1.71,2025,9,-0.013131623406542774
14183,2025-09-15,Rohan Deshmukh,Central,Furniture,Tables,221.15,0.12542649638947484,12.48,2025,9,0.05643228577888311
14184,2025-09-09,Rohan Deshmukh,Central,Furniture,Tables,150.62,0.059400661327069074,14.87,2025,9,0.0987252688885938
14185,2025-09-24,Rohan Deshmukh,Central,Office Supplies,Storage,41.21,0.65,-2.84,2025,9,-0.06891531181752002
14186,2025-09-17,Rohan Deshmukh,Central,Technology,Accessories,101.38,0.031496083514296586,14.17,2025,9,0.1397711580193332
14187,2025-09-01,Rohan Deshmukh,Central,Office Supplies,Paper,73.91,0.1197192645046241,7.07,2025,9,0.09565687998917603
14188,2025-09-09,Rohan Deshmukh,Central,Office Supplies,Binders,47.81,0.11186199202099065,5.95,2025,9,0.12445095168374817
14189,2025-09-12,Rohan Deshmukh,Central,Technology,Phones,233.62,0.16274908812961056,11.99,2025,9,0.05132266073110179
14190,2025-09-24,Rohan Deshmukh,Central,Furniture,Chairs,200.57,0.15455418156559705,7.49,2025,9,0.03734357082315402
14191,2025-09-23,Rohan Deshmukh,Central,Furniture,Tables,317.26,0.3207472345981814,-32.2,2025,9,-0.10149404274096957
14192,2025-09-20,Rohan Deshmukh,Central,Furniture,Chairs,153.74,0.09178532043921417,10.71,2025,9,0.06966306751658645
14193,2025-09-09,Rohan Deshmukh,Central,Furniture,Bookcases,95.26,0.3921743559360142,-13.93,2025,9,-0.1462313667856393
14194,2025-09-27,Isha Kulkarni,Central,Technology,Machines,52.04,0.1415411228463204,1.36,2025,9,0.026133743274404306
14195,2025-09-18,Isha Kulkarni,Central,Office Supplies,Storage,83.68,0.15160788321096327,10.52,2025,9,0.125717017208413
14196,2025-09-10,Isha Kulkarni,Central,Office Supplies,Paper,68.47,0.26927125453710915,3.17,2025,9,0.046297648605228565
14197,2025-09-10,Isha Kulkarni,Central,Technology,Phones,452.01,0.14411923573871235,35.62,2025,9,0.07880356629278112
14198,2025-09-21,Isha Kulkarni,Central,Furniture,Tables,139.22,0.17588776856727983,1.07,2025,9,0.007685677345209022
14199,2025-09-25,Isha Kulkarni,Central,Furniture,Chairs,115.81,0.25598984212748543,4.07,2025,9,0.03514376996805112
14200,2025-09-19,Isha Kulkarni,Central,Technology,Machines,100.87,0.29304324425109746,-4.48,2025,9,-0.04441360166551007
14201,2025-09-21,Isha Kulkarni,Central,Furniture,Tables,206.12,0.14392824936740573,-0.79,2025,9,-0.0038327188045798564
14202,2025-09-13,Isha Kulkarni,Central,Technology,Machines,118.28,0.17667187972825962,10.77,2025,9,0.09105512343591478
14203,2025-09-07,Isha Kulkarni,Central,Technology,Phones,240.35,0.03786739734340607,47.12,2025,9,0.19604743083003953
14204,2025-09-04,Isha Kulkarni,Central,Furniture,Bookcases,47.48,0.2687138353406729,-0.82,2025,9,-0.017270429654591406
14205,2025-09-20,Isha Kulkarni,Central,Furniture,Tables,109.84,0.22870091715916274,2.01,2025,9,0.018299344501092496
14206,2025-09-25,Isha Kulkarni,Central,Technology,Accessories,61.44,0.18145022649229214,3.52,2025,9,0.05729166666666667
14207,2025-09-09,Isha Kulkarni,Central,Office Supplies,Art,97.83,0.47982836603013856,-4.65,2025,9,-0.047531432076050296
14208,2025-09-12,Isha Kulkarni,Central,Technology,Machines,224.8,0.07814928012793268,19.88,2025,9,0.0884341637010676
14209,2025-09-27,Isha Kulkarni,Central,Technology,Machines,466.43,0.36814165623200057,7.87,2025,9,0.01687284265591836
14210,2025-09-06,Vikram Joshi,East,Office Supplies,Storage,66.2,0.07671627237178033,10.63,2025,9,0.16057401812688823
14211,2025-09-09,Vikram Joshi,East,Technology,Phones,67.03,0.19635614765908097,6.14,2025,9,0.09160077577204236
14212,2025-09-10,Vikram Joshi,East,Technology,Machines,131.63,0.030200764267700495,31.49,2025,9,0.2392311783028185
14213,2025-09-07,Vikram Joshi,East,Technology,Machines,320.64,0.22109575060417427,0.73,2025,9,0.002276696606786427
14214,2025-09-14,Vikram Joshi,East,Technology,Machines,360.68,0.10419726953648602,70.31,2025,9,0.19493734057890652
14215,2025-09-17,Vikram Joshi,East,Technology,Accessories,99.75,0.31079282961906496,-2.71,2025,9,-0.027167919799498747
14216,2025-09-13,Vikram Joshi,East,Office Supplies,Binders,57.55,0.060690497869578745,14.39,2025,9,0.2500434404865335
14217,2025-09-05,Vikram Joshi,East,Furniture,Chairs,198.66,0.022585691531560998,20.08,2025,9,0.10107721735628712
14218,2025-09-07,Vikram Joshi,East,Technology,Machines,134.87,0.5563600832053449,-24.45,2025,9,-0.1812856825090828
14219,2025-09-19,Vikram Joshi,East,Furniture,Bookcases,61.39,0.10523994199068418,3.76,2025,9,0.06124776022153445
14220,2025-09-20,Vikram Joshi,East,Office Supplies,Binders,59.88,0.27343820442641015,-0.16,2025,9,-0.002672010688042752
14221,2025-09-04,Vikram Joshi,East,Furniture,Tables,184.08,0.1313488985600687,4.76,2025,9,0.025858322468491957
14222,2025-09-01,Vikram Joshi,East,Furniture,Chairs,161.38,0.09519773322790163,14.25,2025,9,0.08830090469698848
14223,2025-09-07,Vikram Joshi,East,Technology,Phones,162.88,0.40740363878585395,-8.38,2025,9,-0.05144891944990177
14224,2025-09-07,Sneha More,East,Technology,Phones,278.04,0.20351677238431498,42.96,2025,9,0.15451014242555028
14225,2025-09-25,Sneha More,East,Technology,Machines,324.03,0.0025434672906892203,58.16,2025,9,0.1794895534364102
14226,2025-09-22,Sneha More,East,Technology,Accessories,73.77,0.19449814291217227,5.67,2025,9,0.07686051240341603
14227,2025-09-21,Sneha More,East,Furniture,Bookcases,234.59,0.3108849688617559,-8.44,2025,9,-0.03597766315699731
14228,2025-09-04,Sneha More,East,Furniture,Bookcases,289.23,0.13504227777766073,13.34,2025,9,0.046122463091657157
14229,2025-09-11,Sneha More,East,Technology,Phones,177.49,0.12789958237345997,10.89,2025,9,0.061355569327849455
14230,2025-09-09,Sneha More,East,Office Supplies,Storage,114.47,0.13012577191654745,19.1,2025,9,0.1668559447890277
14231,2025-09-16,Sneha More,East,Technology,Phones,121.09,0.06440933474084819,13.51,2025,9,0.11156990668098109
14232,2025-09-03,Sneha More,East,Furniture,Tables,98.7,0.65,-28.81,2025,9,-0.2918946301925025
14233,2025-09-02,Sneha More,East,Furniture,Chairs,445.56,0.24541843429885915,13.64,2025,9,0.030613160965975404
14234,2025-09-11,Aditya Shah,South,Furniture,Tables,94.84,0.04693674532590925,8.38,2025,9,0.08835934204976803
14235,2025-09-15,Aditya Shah,South,Technology,Phones,120.18,0.11482077557764775,27.0,2025,9,0.22466300549176235
14236,2025-09-18,Aditya Shah,South,Office Supplies,Paper,153.53,0.09587052626936683,19.65,2025,9,0.1279880153715886
14237,2025-09-03,Aditya Shah,South,Furniture,Tables,99.29,0.2291884322057504,1.68,2025,9,0.0169201329439017
14238,2025-09-26,Aditya Shah,South,Technology,Machines,175.12,0.3499362434596642,-0.35,2025,9,-0.001998629511192325
14239,2025-09-01,Aditya Shah,South,Office Supplies,Paper,76.59,0.24290023114667078,12.47,2025,9,0.16281498890194543
14240,2025-09-20,Aditya Shah,South,Office Supplies,Paper,85.32,0.14284730808064947,13.36,2025,9,0.156586966713549
14241,2025-09-19,Aditya Shah,South,Furniture,Chairs,252.76,0.14711342367723354,8.08,2025,9,0.03196708339927204
14242,2025-09-06,Aditya Shah,South,Technology,Accessories,135.82,0.22774319826061265,9.16,2025,9,0.06744220291562363
14243,2025-09-25,Aditya Shah,South,Furniture,Chairs,474.44,0.20111407346200136,11.85,2025,9,0.024976814771098556
14244,2025-09-20,Aditya Shah,South,Office Supplies,Binders,57.9,0.10692658786493046,12.47,2025,9,0.2153713298791019
14245,2025-09-22,Aditya Shah,South,Technology,Phones,223.51,0.44308295951551796,-14.08,2025,9,-0.06299494429779429
14246,2025-09-03,Aditya Shah,South,Technology,Accessories,151.42,0.2577013877012634,19.55,2025,9,0.12911108175934488
14247,2025-09-24,Aditya Shah,South,Office Supplies,Paper,61.24,0.10186648182871183,8.62,2025,9,0.14075767472240364
14248,2025-09-23,Aditya Shah,South,Furniture,Tables,116.01,0.2391911019310936,-0.58,2025,9,-0.0049995690026721825
14249,2025-09-21,Aditya Shah,South,Office Supplies,Binders,71.28,0.1983728312167275,6.23,2025,9,0.08740179573512907
14250,2025-09-20,Aditya Shah,South,Furniture,Tables,189.59,0.42331734276439087,-20.13,2025,9,-0.10617648610158763
14251,2025-09-27,Aditya Shah,South,Office Supplies,Binders,45.13,0.20420733535553312,6.55,2025,9,0.14513627298914247
14252,2025-09-06,Aditya Shah,South,Technology,Phones,134.34,0.12671614626744915,17.32,2025,9,0.12892660413875243
14253,2025-09-25,Neha Pawar,South,Technology,Machines,440.52,0.057137738692184185,69.11,2025,9,0.15688277490238808
14254,2025-09-17,Neha Pawar,South,Office Supplies,Paper,46.92,0.22651806533637103,8.11,2025,9,0.172847399829497
14255,2025-09-20,Neha Pawar,South,Office Supplies,Paper,59.37,0.06279780029515632,6.32,2025,9,0.10645106956375275
14256,2025-09-15,Neha Pawar,South,Furniture,Bookcases,120.08,0.34698446442121467,-5.04,2025,9,-0.04197201865423052
14257,2025-09-06,Neha Pawar,South,Office Supplies,Storage,28.45,0.06615478188173456,4.21,2025,9,0.14797891036906854
14258,2025-09-05,Neha Pawar,South,Technology,Phones,187.68,0.10669132100538303,22.67,2025,9,0.12079070758738278
14259,2025-09-15,Neha Pawar,South,Office Supplies,Paper,55.4,0.2940799899108917,5.29,2025,9,0.09548736462093863
14260,2025-09-01,Neha Pawar,South,Technology,Machines,125.39,0.30003743737190625,2.46,2025,9,0.019618789377143314
14261,2025-09-06,Neha Pawar,South,Furniture,Bookcases,95.12,0.28067271628787704,1.33,2025,9,0.013982338099243062
14262,2025-09-06,Neha Pawar,South,Technology,Phones,286.93,0.07338066010772842,21.81,2025,9,0.07601157076638901
14263,2025-09-17,Neha Pawar,South,Technology,Accessories,105.11,0.09117258243852402,23.72,2025,9,0.22566834744553324
14264,2025-09-02,Neha Pawar,South,Furniture,Chairs,106.92,0.015560980582275771,9.36,2025,9,0.08754208754208753
14265,2025-09-22,Neha Pawar,South,Office Supplies,Art,73.63,0.09723190698866363,15.34,2025,9,0.20833899225859026
14266,2025-09-17,Neha Pawar,South,Technology,Accessories,172.78,0.5955220012545869,-26.94,2025,9,-0.15592082416946407
14267,2025-09-25,Neha Pawar,South,Technology,Phones,122.48,0.31271134202620493,-3.97,2025,9,-0.03241345525800131
14268,2025-09-18,Neha Pawar,South,Technology,Accessories,100.36,0.010599861351244723,15.8,2025,9,0.15743324033479475
14269,2025-09-02,Kunal Mehta,North,Technology,Accessories,155.03,0.33234508935930535,3.32,2025,9,0.0214152099593627
14270,2025-09-23,Kunal Mehta,North,Furniture,Chairs,102.08,0.08740504776113418,4.08,2025,9,0.039968652037617555
14271,2025-09-10,Kunal Mehta,North,Office Supplies,Paper,171.49,0.42725607331917625,0.3,2025,9,0.0017493731412910373
14272,2025-09-10,Kunal Mehta,North,Technology,Phones,40.96,0.11710750761457416,5.61,2025,9,0.136962890625
14273,2025-09-24,Kunal Mehta,North,Office Supplies,Storage,97.06,0.3232140116985693,-1.94,2025,9,-0.019987636513496804
14274,2025-09-14,Kunal Mehta,North,Office Supplies,Storage,62.85,0.268381784131303,7.95,2025,9,0.12649164677804295
14275,2025-09-03,Kunal Mehta,North,Furniture,Bookcases,88.18,0.20485436751123326,-1.05,2025,9,-0.01190746200952597
14276,2025-09-17,Kunal Mehta,North,Technology,Machines,239.58,0.5115981164390145,-16.17,2025,9,-0.0674931129476584
14277,2025-09-04,Kunal Mehta,North,Furniture,Tables,90.67,0.11541463898887486,3.81,2025,9,0.04202051395169295
14278,2025-09-08,Kunal Mehta,North,Furniture,Chairs,147.0,0.07487154849792983,3.09,2025,9,0.021020408163265305
14279,2025-09-09,Kunal Mehta,North,Technology,Phones,226.68,0.19208691291955002,18.81,2025,9,0.08298041291688724
14280,2025-09-12,Kunal Mehta,North,Furniture,Bookcases,148.64,0.2852242039575815,-2.88,2025,9,-0.0193756727664155
14281,2025-09-15,Kunal Mehta,North,Furniture,Tables,157.53,0.07949359987311919,17.5,2025,9,0.11108995112042151
14282,2025-09-11,Kunal Mehta,North,Furniture,Bookcases,197.58,0.3212700699042089,-13.55,2025,9,-0.068579815770827
14283,2025-09-02,Kunal Mehta,North,Furniture,Tables,153.93,0.3757716830065254,-19.16,2025,9,-0.12447216267134412
14284,2025-09-09,Priya Nair,North,Technology,Machines,265.4,0.14186130098134497,17.28,2025,9,0.06510926902788246
14285,2025-09-05,Priya Nair,North,Office Supplies,Art,34.7,0.40921070848775726,0.13,2025,9,0.0037463976945244955
14286,2025-09-11,Priya Nair,North,Technology,Accessories,463.7,0.03602225316825789,73.5,2025,9,0.1585076558119474
14287,2025-09-06,Priya Nair,North,Furniture,Chairs,105.95,0.5108650935192083,-25.42,2025,9,-0.2399244926852289
14288,2025-09-03,Priya Nair,North,Technology,Accessories,135.05,0.1390048819939834,17.53,2025,9,0.12980377637911883
14289,2025-09-12,Priya Nair,North,Office Supplies,Paper,72.35,0.299039054055114,8.23,2025,9,0.11375259156876297
14290,2025-09-24,Priya Nair,North,Technology,Phones,316.76,0.18607383587067006,16.72,2025,9,0.052784442480111125
14291,2025-09-07,Priya Nair,North,Furniture,Tables,167.09,0.4246973307385494,-22.12,2025,9,-0.13238374528697108
14292,2025-09-02,Priya Nair,North,Furniture,Tables,85.27,0.42797671917407076,-12.88,2025,9,-0.15104960713029203
14293,2025-09-26,Priya Nair,North,Furniture,Chairs,82.13,0.3766842044041432,-14.18,2025,9,-0.17265311092170949
14294,2025-09-08,Priya Nair,North,Furniture,Bookcases,64.05,0.09331388869372842,4.24,2025,9,0.06619828259172522
14295,2025-09-08,Priya Nair,North,Technology,Machines,301.97,0.1741340056367761,35.09,2025,9,0.11620359638374674
14296,2025-09-19,Priya Nair,North,Furniture,Bookcases,152.46,0.5949374624305257,-26.52,2025,9,-0.17394726485635575
14297,2025-09-10,Priya Nair,North,Furniture,Tables,158.45,0.3198297031749525,-12.55,2025,9,-0.07920479646576208
14298,2025-09-12,Priya Nair,North,Technology,Phones,61.94,0.432537376583767,-5.75,2025,9,-0.09283177268324184
14299,2025-09-07,Priya Nair,North,Furniture,Bookcases,108.21,0.40483129620544595,-19.71,2025,9,-0.18214582755752706
14300,2025-09-13,Priya Nair,North,Office Supplies,Storage,90.34,0.345660698466722,-3.85,2025,9,-0.04261678104936905
14301,2025-09-16,Priya Nair,North,Furniture,Bookcases,340.27,0.30613619760498895,0.59,2025,9,0.001733917183413172
14302,2025-09-05,Priya Nair,North,Furniture,Tables,124.21,0.1691427521328177,10.42,2025,9,0.08389018597536431
14303,2025-09-21,Priya Nair,North,Furniture,Tables,144.36,0.2701861215960016,-0.98,2025,9,-0.006788584095317261
14304,2025-09-05,Priya Nair,North,Technology,Accessories,113.43,0.1375713412080068,11.34,2025,9,0.0999735519703782
14305,2025-09-07,Rahul Jadhav,West,Office Supplies,Paper,62.4,0.1910076514117333,9.83,2025,9,0.15753205128205128
14306,2025-09-17,Rahul Jadhav,West,Technology,Accessories,127.22,0.30515570218708704,-4.56,2025,9,-0.03584342084577896
14307,2025-09-03,Rahul Jadhav,West,Technology,Phones,227.32,0.07343299069547274,42.14,2025,9,0.18537744149216964
14308,2025-09-09,Rahul Jadhav,West,Office Supplies,Binders,47.83,0.0975788097908739,6.08,2025,9,0.12711687225590634
14309,2025-09-03,Rahul Jadhav,West,Furniture,Bookcases,139.58,0.03076504975356346,15.21,2025,9,0.10896976644218369
14310,2025-09-15,Rahul Jadhav,West,Furniture,Bookcases,84.81,0.009717157114268238,3.52,2025,9,0.041504539559014265
14311,2025-09-13,Rahul Jadhav,West,Technology,Accessories,94.87,0.11805347933190564,9.9,2025,9,0.10435332560345736
14312,2025-09-06,Rahul Jadhav,West,Technology,Phones,171.5,0.07536464818254131,31.08,2025,9,0.18122448979591835
14313,2025-09-22,Rahul Jadhav,West,Office Supplies,Paper,61.01,0.3252656833048145,2.37,2025,9,0.038846090804786106
14314,2025-09-24,Rahul Jadhav,West,Furniture,Tables,90.66,0.25785313121238224,-7.13,2025,9,-0.07864548863887051
14315,2025-09-10,Rahul Jadhav,West,Office Supplies,Storage,111.24,0.1090854344620317,10.32,2025,9,0.09277238403451997
14316,2025-09-04,Meera Singh,Central,Technology,Machines,1005.99,0.054384592409233885,198.74,2025,9,0.19755663575184645
14317,2025-09-07,Meera Singh,Central,Technology,Phones,202.83,0.03410172402577689,25.56,2025,9,0.12601686141103385
14318,2025-09-14,Meera Singh,Central,Technology,Accessories,395.12,0.2843760813729081,7.86,2025,9,0.019892690828102855
14319,2025-09-09,Meera Singh,Central,Office Supplies,Paper,109.52,0.18384658180042301,13.46,2025,9,0.12289992695398103
14320,2025-09-12,Meera Singh,Central,Office Supplies,Art,37.93,0.23150552561130966,5.18,2025,9,0.1365673609280253
14321,2025-09-20,Meera Singh,Central,Office Supplies,Paper,90.14,0.1614174112064192,8.18,2025,9,0.090747725759929
14322,2025-09-22,Meera Singh,Central,Technology,Accessories,59.99,0.11369390144290667,1.59,2025,9,0.026504417402900483
14323,2025-09-17,Meera Singh,Central,Furniture,Chairs,335.56,0.40647372824550887,-26.48,2025,9,-0.07891286208129694
14324,2025-09-23,Meera Singh,Central,Office Supplies,Paper,155.98,0.25088212666047177,6.62,2025,9,0.0424413386331581
14325,2025-09-02,Meera Singh,Central,Technology,Machines,506.26,0.39264723211618513,-13.92,2025,9,-0.02749575317030775
14326,2025-09-19,Meera Singh,Central,Technology,Phones,101.59,0.17054283102771498,8.02,2025,9,0.07894477802933358
14327,2025-09-20,Meera Singh,Central,Technology,Accessories,175.77,0.1781009616728816,16.49,2025,9,0.09381578198782499
14328,2025-09-23,Meera Singh,Central,Office Supplies,Art,106.0,0.014279304475893598,14.64,2025,9,0.13811320754716983
14329,2025-10-15,Aarav Sharma,West,Office Supplies,Storage,59.77,0.4795698369815007,-2.1,2025,10,-0.03513468295131337
14330,2025-10-13,Aarav Sharma,West,Technology,Accessories,289.69,0.36880781979997845,1.72,2025,10,0.005937381338672374
14331,2025-10-05,Aarav Sharma,West,Office Supplies,Binders,48.9,0.19063669105415063,11.88,2025,10,0.24294478527607363
14332,2025-10-26,Aarav Sharma,West,Office Supplies,Art,46.91,0.10582036219316877,5.7,2025,10,0.1215092730761032
14333,2025-10-11,Aarav Sharma,West,Technology,Phones,129.67,0.5340038412082374,-21.22,2025,10,-0.16364617876147144
14334,2025-10-18,Aarav Sharma,West,Technology,Accessories,703.78,0.23578022366308127,-6.76,2025,10,-0.009605274375515076
14335,2025-10-22,Aarav Sharma,West,Furniture,Tables,122.53,0.2107954749255629,-2.94,2025,10,-0.02399412388802742
14336,2025-10-06,Aarav Sharma,West,Technology,Phones,82.82,0.5004328165819769,-6.73,2025,10,-0.08126056508089835
14337,2025-10-04,Aarav Sharma,West,Technology,Accessories,221.48,0.19265642142992448,20.62,2025,10,0.09310095719703812
14338,2025-10-20,Aarav Sharma,West,Technology,Machines,275.74,0.18504418160670766,28.12,2025,10,0.10198012620584608
14339,2025-10-22,Aarav Sharma,West,Technology,Phones,259.13,0.1686717183340477,31.28,2025,10,0.12071161193223479
14340,2025-10-01,Aarav Sharma,West,Technology,Machines,60.06,0.17001647645894816,6.09,2025,10,0.10139860139860139
14341,2025-10-10,Aarav Sharma,West,Office Supplies,Paper,66.6,0.17831845525327317,12.91,2025,10,0.19384384384384387
14342,2025-10-15,Aarav Sharma,West,Technology,Accessories,76.72,0.09791310000067456,10.48,2025,10,0.13660062565172054
14343,2025-10-02,Aarav Sharma,West,Technology,Accessories,79.2,0.013897471102067042,17.34,2025,10,0.21893939393939393
14344,2025-10-24,Aarav Sharma,West,Technology,Machines,155.46,0.0782305566056097,27.48,2025,10,0.1767657275183327
14345,2025-10-20,Aarav Sharma,West,Technology,Phones,156.23,0.06622089778092467,26.74,2025,10,0.17115790821225116
14346,2025-10-23,Aarav Sharma,West,Office Supplies,Art,71.8,0.061271623746683594,6.16,2025,10,0.08579387186629527
14347,2025-10-13,Aarav Sharma,West,Technology,Accessories,142.48,0.06826975645867105,13.49,2025,10,0.09467995508141494
14348,2025-10-17,Aarav Sharma,West,Office Supplies,Storage,58.8,0.1155214561656254,8.31,2025,10,0.1413265306122449
14349,2025-10-15,Ananya Patil,West,Office Supplies,Storage,49.64,0.2187732859606715,2.89,2025,10,0.058219178082191785
14350,2025-10-03,Ananya Patil,West,Furniture,Chairs,49.35,0.292729993634404,-3.77,2025,10,-0.07639311043566363
14351,2025-10-22,Ananya Patil,West,Technology,Phones,149.94,0.18496962311173762,12.29,2025,10,0.08196611978124582
14352,2025-10-14,Ananya Patil,West,Furniture,Tables,85.53,0.4609165296407983,-14.68,2025,10,-0.17163568338594645
14353,2025-10-06,Ananya Patil,West,Technology,Machines,72.43,0.11259848960231963,7.54,2025,10,0.10410051083805053
14354,2025-10-22,Ananya Patil,West,Furniture,Chairs,189.32,0.2137542995553985,-6.21,2025,10,-0.03280160574688359
14355,2025-10-05,Ananya Patil,West,Office Supplies,Storage,56.6,0.18678531461473188,4.35,2025,10,0.07685512367491165
14356,2025-10-25,Ananya Patil,West,Furniture,Tables,341.52,0.25683983066908933,12.75,2025,10,0.03733309908643711
14357,2025-10-19,Ananya Patil,West,Office Supplies,Art,50.07,0.2870629275798324,3.49,2025,10,0.06970241661673657
14358,2025-10-03,Ananya Patil,West,Technology,Phones,216.11,0.03949036703485542,37.84,2025,10,0.17509601591781965
14359,2025-10-08,Ananya Patil,West,Furniture,Bookcases,134.78,0.46553507474963834,-16.95,2025,10,-0.12576049859029528
14360,2025-10-16,Ananya Patil,West,Technology,Phones,273.92,0.27148866802733035,28.34,2025,10,0.1034608644859813
14361,2025-10-02,Ananya Patil,West,Technology,Accessories,440.55,0.20048727586576848,37.83,2025,10,0.08586993530813755
14362,2025-10-22,Ananya Patil,West,Office Supplies,Paper,97.04,0.1810451194665925,13.97,2025,10,0.14396125309150865
14363,2025-10-25,Ananya Patil,West,Furniture,Chairs,271.55,0.16013867649498564,3.45,2025,10,0.01270484257042902
14364,2025-10-14,Ananya Patil,West,Technology,Machines,921.57,0.12312686858994021,86.41,2025,10,0.09376390290482545
14365,2025-10-16,Ananya Patil,West,Furniture,Tables,320.71,0.16524486898015647,-27.55,2025,10,-0.08590315238065543
14366,2025-10-23,Ananya Patil,West,Office Supplies,Art,46.84,0.10028263903876747,2.56,2025,10,0.05465414175918019
14367,2025-10-01,Ananya Patil,West,Furniture,Chairs,105.65,0.27925981253440374,-7.21,2025,10,-0.06824420255560813
14368,2025-10-25,Rohan Deshmukh,Central,Technology,Machines,168.77,0.4186514662621272,-21.07,2025,10,-0.12484446287847366
14369,2025-10-11,Rohan Deshmukh,Central,Furniture,Chairs,146.81,0.3387545916486258,-11.78,2025,10,-0.08023976568353654
14370,2025-10-15,Rohan Deshmukh,Central,Furniture,Tables,78.74,0.03512042782568867,10.73,2025,10,0.1362712725425451
14371,2025-10-01,Rohan Deshmukh,Central,Furniture,Chairs,135.87,0.1435641521345354,6.71,2025,10,0.0493854419665857
14372,2025-10-27,Rohan Deshmukh,Central,Office Supplies,Storage,67.28,0.03386744275221192,10.76,2025,10,0.15992865636147444
14373,2025-10-19,Rohan Deshmukh,Central,Technology,Accessories,112.45,0.09727037561351794,9.0,2025,10,0.08003557136505113
14374,2025-10-15,Rohan Deshmukh,Central,Furniture,Tables,161.05,0.12300188882407553,16.59,2025,10,0.10301148711580253
14375,2025-10-24,Rohan Deshmukh,Central,Furniture,Chairs,145.56,0.2963408600655865,0.4,2025,10,0.0027480076944215444
14376,2025-10-07,Rohan Deshmukh,Central,Office Supplies,Paper,99.37,0.1773735645163499,17.34,2025,10,0.17449934587903793
14377,2025-10-25,Rohan Deshmukh,Central,Technology,Phones,183.7,0.14624652164124693,19.89,2025,10,0.10827436037016876
14378,2025-10-16,Rohan Deshmukh,Central,Office Supplies,Art,44.61,0.3876205721257287,3.58,2025,10,0.0802510647836808
14379,2025-10-22,Rohan Deshmukh,Central,Technology,Phones,531.24,0.06745022204859812,67.83,2025,10,0.1276824034334764
14380,2025-10-13,Rohan Deshmukh,Central,Technology,Phones,98.85,0.39685941427571986,-10.52,2025,10,-0.10642387455741022
14381,2025-10-25,Rohan Deshmukh,Central,Technology,Phones,365.57,0.19990572547763455,46.62,2025,10,0.12752687583773284
14382,2025-10-11,Rohan Deshmukh,Central,Furniture,Bookcases,184.2,0.03966442610892193,21.71,2025,10,0.11786102062975028
14383,2025-10-15,Isha Kulkarni,Central,Technology,Accessories,65.57,0.1508380028254901,10.38,2025,10,0.15830410248589297
14384,2025-10-15,Isha Kulkarni,Central,Furniture,Bookcases,188.42,0.42534174933439,-3.69,2025,10,-0.01958390828999045
14385,2025-10-09,Isha Kulkarni,Central,Technology,Accessories,85.34,0.2801707018848731,1.73,2025,10,0.020271853761424888
14386,2025-10-06,Isha Kulkarni,Central,Technology,Machines,321.21,0.05677164906305128,39.47,2025,10,0.12287911335263535
14387,2025-10-24,Isha Kulkarni,Central,Technology,Phones,180.86,0.3916409592001663,3.25,2025,10,0.017969700320690035
14388,2025-10-26,Isha Kulkarni,Central,Technology,Accessories,469.74,0.06607430925590906,87.93,2025,10,0.18718865755524333
14389,2025-10-25,Isha Kulkarni,Central,Office Supplies,Paper,96.93,0.19060449368890003,9.36,2025,10,0.09656453110492107
14390,2025-10-13,Isha Kulkarni,Central,Furniture,Tables,106.66,0.22425627253644848,-6.89,2025,10,-0.06459778736171011
14391,2025-10-13,Isha Kulkarni,Central,Office Supplies,Binders,34.22,0.21263655743906723,1.52,2025,10,0.04441846873173583
14392,2025-10-17,Isha Kulkarni,Central,Furniture,Tables,95.75,0.23652221860132294,-12.92,2025,10,-0.13493472584856397
14393,2025-10-14,Isha Kulkarni,Central,Office Supplies,Art,23.32,0.1261908435092508,4.08,2025,10,0.17495711835334476
14394,2025-10-25,Vikram Joshi,East,Technology,Phones,261.56,0.15444797965613477,44.06,2025,10,0.16845083346077383
14395,2025-10-03,Vikram Joshi,East,Technology,Accessories,198.8,0.13754320780713306,20.33,2025,10,0.10226358148893358
14396,2025-10-24,Vikram Joshi,East,Technology,Phones,125.02,0.09472927167926154,22.01,2025,10,0.1760518317069269
14397,2025-10-18,Vikram Joshi,East,Office Supplies,Storage,68.11,0.09354531464735015,15.2,2025,10,0.22316840405226837
14398,2025-10-27,Vikram Joshi,East,Office Supplies,Art,109.03,0.08211273781035493,12.37,2025,10,0.11345501238191323
14399,2025-10-13,Vikram Joshi,East,Technology,Accessories,141.33,0.21538976362727066,5.13,2025,10,0.036298025896837185
14400,2025-10-09,Vikram Joshi,East,Office Supplies,Binders,83.76,0.3019287461390153,4.44,2025,10,0.05300859598853868
14401,2025-10-26,Vikram Joshi,East,Technology,Phones,221.72,0.08480625069291055,41.37,2025,10,0.18658668591015695
14402,2025-10-03,Vikram Joshi,East,Technology,Accessories,99.79,0.34193824979761184,1.77,2025,10,0.017737248221264657
14403,2025-10-19,Vikram Joshi,East,Furniture,Bookcases,325.62,0.11297282373209057,16.15,2025,10,0.049597690559547936
14404,2025-10-23,Vikram Joshi,East,Office Supplies,Storage,119.11,0.0708686472467518,30.28,2025,10,0.2542187893543783
14405,2025-10-14,Vikram Joshi,East,Furniture,Tables,172.16,0.4094407037416467,-20.89,2025,10,-0.12134061338289963
14406,2025-10-08,Sneha More,East,Technology,Phones,128.71,0.2578236273556489,5.23,2025,10,0.040633983373475256
14407,2025-10-08,Sneha More,East,Furniture,Tables,167.51,0.30833967918131505,-9.9,2025,10,-0.059100949197062866
14408,2025-10-08,Sneha More,East,Furniture,Tables,87.69,0.27381615653593483,-4.08,2025,10,-0.046527540198426275
14409,2025-10-05,Sneha More,East,Office Supplies,Art,116.84,0.22063755123898088,20.16,2025,10,0.17254364943512496
14410,2025-10-12,Sneha More,East,Technology,Machines,92.45,0.21341891249069303,8.27,2025,10,0.08945375878853433
14411,2025-10-01,Sneha More,East,Office Supplies,Binders,25.08,0.1828286154397208,2.3,2025,10,0.09170653907496013
14412,2025-10-05,Sneha More,East,Furniture,Chairs,154.64,0.18520005436878623,3.14,2025,10,0.020305225038799796
14413,2025-10-04,Sneha More,East,Office Supplies,Binders,27.1,0.3875952135840881,-0.91,2025,10,-0.03357933579335793
14414,2025-10-27,Sneha More,East,Technology,Machines,479.74,0.34641630578865146,15.69,2025,10,0.03270521532496769
14415,2025-10-16,Sneha More,East,Furniture,Tables,140.29,0.07997807812079616,7.68,2025,10,0.05474374509943688
14416,2025-10-16,Sneha More,East,Office Supplies,Storage,56.97,0.2384149853709277,4.21,2025,10,0.07389854309285589
14417,2025-10-04,Aditya Shah,South,Furniture,Chairs,76.51,0.36668219563339793,-14.98,2025,10,-0.19579139981701738
14418,2025-10-09,Aditya Shah,South,Office Supplies,Paper,90.26,0.25184651137293873,11.22,2025,10,0.12430755594947929
14419,2025-10-23,Aditya Shah,South,Furniture,Chairs,47.8,0.0050453969246008,4.84,2025,10,0.10125523012552301
14420,2025-10-05,Aditya Shah,South,Furniture,Chairs,154.51,0.03154316355962867,16.58,2025,10,0.10730697042262637
14421,2025-10-05,Aditya Shah,South,Furniture,Bookcases,279.34,0.1552465627568812,5.49,2025,10,0.01965346889095726
14422,2025-10-17,Aditya Shah,South,Technology,Accessories,161.18,0.12230244446686839,16.82,2025,10,0.10435537907929023
14423,2025-10-01,Aditya Shah,South,Office Supplies,Art,66.03,0.05452262910963126,10.38,2025,10,0.15720127214902319
14424,2025-10-15,Aditya Shah,South,Office Supplies,Paper,97.4,0.07716522168991861,20.12,2025,10,0.20657084188911704
14425,2025-10-07,Aditya Shah,South,Office Supplies,Art,65.89,0.31543645616300936,-2.45,2025,10,-0.037183184094703295
14426,2025-10-06,Aditya Shah,South,Technology,Phones,41.47,0.3011295030178686,-2.86,2025,10,-0.06896551724137931
14427,2025-10-23,Aditya Shah,South,Office Supplies,Paper,41.87,0.055021365366770665,10.89,2025,10,0.26009075710532603
14428,2025-10-23,Aditya Shah,South,Technology,Accessories,128.85,0.16992619769493716,21.75,2025,10,0.16880093131548313
14429,2025-10-17,Aditya Shah,South,Furniture,Chairs,66.91,0.1579085527977375,-0.29,2025,10,-0.004334180242116276
14430,2025-10-23,Aditya Shah,South,Furniture,Tables,452.53,0.2286799417746691,0.58,2025,10,0.001281682982343712
14431,2025-10-04,Neha Pawar,South,Furniture,Bookcases,118.62,0.09502144915967584,0.18,2025,10,0.0015174506828528071
14432,2025-10-15,Neha Pawar,South,Technology,Machines,82.51,0.08756106662666112,14.63,2025,10,0.17731184098897104
14433,2025-10-23,Neha Pawar,South,Furniture,Chairs,328.43,0.17540434450843886,-8.88,2025,10,-0.027037724933775844
14434,2025-10-24,Neha Pawar,South,Furniture,Bookcases,125.7,0.17794588031135783,3.08,2025,10,0.024502784407319015
14435,2025-10-02,Neha Pawar,South,Furniture,Chairs,482.61,0.13529076492015454,32.87,2025,10,0.06810882493110378
14436,2025-10-04,Neha Pawar,South,Office Supplies,Paper,76.1,0.10907544011954123,8.45,2025,10,0.11103810775295664
14437,2025-10-11,Neha Pawar,South,Technology,Machines,38.26,0.2165537926646537,0.62,2025,10,0.01620491374803973
14438,2025-10-25,Neha Pawar,South,Furniture,Tables,138.65,0.31221822528605137,-9.17,2025,10,-0.06613775694194013
14439,2025-10-20,Neha Pawar,South,Office Supplies,Storage,89.46,0.15747315651831195,14.24,2025,10,0.15917728593784933
14440,2025-10-27,Neha Pawar,South,Technology,Accessories,137.3,0.07796731806685155,18.17,2025,10,0.13233794610342317
14441,2025-10-21,Neha Pawar,South,Technology,Accessories,188.77,0.05068436486928782,31.06,2025,10,0.16453885680987443
14442,2025-10-07,Neha Pawar,South,Furniture,Tables,99.34,0.2725808163438655,-5.87,2025,10,-0.0590899939601369
14443,2025-10-24,Neha Pawar,South,Technology,Machines,478.46,0.1762535343748098,27.55,2025,10,0.05758057099862058
14444,2025-10-06,Neha Pawar,South,Furniture,Tables,83.52,0.28284231611929594,-2.24,2025,10,-0.026819923371647514
14445,2025-10-09,Neha Pawar,South,Technology,Accessories,310.47,0.11367669437630547,24.05,2025,10,0.07746320095339324
14446,2025-10-04,Neha Pawar,South,Furniture,Chairs,296.96,0.2029359170222512,29.79,2025,10,0.10031654094827587
14447,2025-10-04,Kunal Mehta,North,Technology,Accessories,221.73,0.37037777952141104,-8.53,2025,10,-0.03847021151851351
14448,2025-10-14,Kunal Mehta,North,Furniture,Tables,148.1,0.19008733848308648,-3.19,2025,10,-0.021539500337609725
14449,2025-10-03,Kunal Mehta,North,Office Supplies,Binders,112.29,0.42390605082251936,-3.18,2025,10,-0.028319529788939354
14450,2025-10-15,Kunal Mehta,North,Technology,Machines,27.12,0.09083556045674347,5.72,2025,10,0.2109144542772861
14451,2025-10-15,Kunal Mehta,North,Office Supplies,Storage,75.97,0.40426583148941614,-0.36,2025,10,-0.004738712649730157
14452,2025-10-08,Kunal Mehta,North,Furniture,Tables,89.15,0.09691626001997662,-1.55,2025,10,-0.017386427369601793
14453,2025-10-16,Kunal Mehta,North,Furniture,Bookcases,648.49,0.2019410011206391,5.65,2025,10,0.008712547610603093
14454,2025-10-08,Kunal Mehta,North,Furniture,Bookcases,45.29,0.65,-14.46,2025,10,-0.3192757783175094
14455,2025-10-21,Kunal Mehta,North,Technology,Accessories,67.49,0.1939167051954675,2.18,2025,10,0.032301081641724703
14456,2025-10-16,Kunal Mehta,North,Furniture,Tables,286.21,0.10620619080828005,6.18,2025,10,0.021592536948394535
14457,2025-10-22,Kunal Mehta,North,Technology,Phones,133.82,0.15669950671174718,13.43,2025,10,0.1003586907786579
14458,2025-10-17,Kunal Mehta,North,Furniture,Tables,96.0,0.14444350495651695,7.51,2025,10,0.07822916666666667
14459,2025-10-03,Kunal Mehta,North,Technology,Phones,101.4,0.521100910037882,-18.23,2025,10,-0.17978303747534516
14460,2025-10-23,Kunal Mehta,North,Furniture,Tables,30.47,0.2235201985458937,4.61,2025,10,0.15129635707253036
14461,2025-10-11,Kunal Mehta,North,Furniture,Chairs,59.38,0.21656440668461732,2.89,2025,10,0.04866958571909734
14462,2025-10-14,Kunal Mehta,North,Technology,Phones,195.97,0.10714310039024576,25.15,2025,10,0.12833596979129458
14463,2025-10-26,Priya Nair,North,Office Supplies,Art,45.16,0.42113251219956216,0.22,2025,10,0.004871567759078831
14464,2025-10-10,Priya Nair,North,Furniture,Bookcases,181.5,0.2690979627724979,-4.32,2025,10,-0.023801652892561986
14465,2025-10-14,Priya Nair,North,Technology,Phones,43.22,0.2714785199394496,1.13,2025,10,0.026145303100416472
14466,2025-10-13,Priya Nair,North,Office Supplies,Storage,76.8,0.301432597942667,6.74,2025,10,0.08776041666666667
14467,2025-10-25,Priya Nair,North,Furniture,Bookcases,103.78,0.23222184322308975,-6.36,2025,10,-0.06128348429369821
14468,2025-10-05,Priya Nair,North,Technology,Phones,105.45,0.1549387122277916,11.57,2025,10,0.10972024656235183
14469,2025-10-04,Priya Nair,North,Technology,Phones,83.86,0.238053096272506,0.67,2025,10,0.007989506320057238
14470,2025-10-20,Priya Nair,North,Furniture,Bookcases,102.2,0.1869356172711639,-11.17,2025,10,-0.10929549902152641
14471,2025-10-16,Priya Nair,North,Office Supplies,Binders,50.32,0.27255162333306077,4.15,2025,10,0.08247217806041336
14472,2025-10-17,Priya Nair,North,Furniture,Bookcases,272.23,0.342312460240205,-19.19,2025,10,-0.07049186349777761
14473,2025-10-17,Priya Nair,North,Technology,Machines,158.48,0.2742939089407903,8.25,2025,10,0.0520570418980313
14474,2025-10-27,Priya Nair,North,Technology,Machines,103.03,0.12356378546666826,14.93,2025,10,0.14490924973308744
14475,2025-10-27,Priya Nair,North,Technology,Phones,169.75,0.08262173401209458,25.88,2025,10,0.15245949926362298
14476,2025-10-25,Priya Nair,North,Furniture,Chairs,134.91,0.2243511503406115,3.45,2025,10,0.025572603958194353
14477,2025-10-08,Priya Nair,North,Furniture,Bookcases,117.61,0.3254037144211846,-10.36,2025,10,-0.08808774764050675
14478,2025-10-05,Priya Nair,North,Furniture,Chairs,133.67,0.07437346026012005,13.21,2025,10,0.09882546569910976
14479,2025-10-12,Priya Nair,North,Technology,Accessories,172.89,0.0843330210184235,19.79,2025,10,0.11446584533518422
14480,2025-10-09,Priya Nair,North,Office Supplies,Paper,71.41,0.1678140097804445,11.81,2025,10,0.16538299957989078
14481,2025-10-05,Priya Nair,North,Technology,Machines,39.52,0.130222687581492,5.2,2025,10,0.13157894736842105
14482,2025-10-26,Priya Nair,North,Technology,Phones,71.94,0.10878779477369326,0.67,2025,10,0.009313316652766196
14483,2025-10-19,Priya Nair,North,Furniture,Chairs,152.68,0.0652305397228036,11.82,2025,10,0.07741681949174745
14484,2025-10-01,Rahul Jadhav,West,Technology,Accessories,141.6,0.18882298069417777,5.08,2025,10,0.03587570621468927
14485,2025-10-21,Rahul Jadhav,West,Office Supplies,Storage,148.64,0.21908737195940478,25.79,2025,10,0.1735064585575888
14486,2025-10-08,Rahul Jadhav,West,Technology,Accessories,257.63,0.12365070478837853,17.28,2025,10,0.06707293405271125
14487,2025-10-07,Rahul Jadhav,West,Office Supplies,Binders,87.94,0.29786488734555594,5.36,2025,10,0.060950648169206284
14488,2025-10-10,Rahul Jadhav,West,Technology,Machines,231.23,0.12515253462473783,11.58,2025,10,0.05008000691951737
14489,2025-10-21,Rahul Jadhav,West,Furniture,Chairs,209.75,0.33567780237871747,-10.0,2025,10,-0.04767580452920143
14490,2025-10-03,Rahul Jadhav,West,Office Supplies,Art,101.03,0.08018571696110392,16.34,2025,10,0.16173413837474018
14491,2025-10-10,Rahul Jadhav,West,Furniture,Tables,131.63,0.21645695055656639,3.25,2025,10,0.024690420116994606
14492,2025-10-12,Rahul Jadhav,West,Technology,Phones,62.75,0.3034957977649503,-3.1,2025,10,-0.04940239043824701
14493,2025-10-25,Rahul Jadhav,West,Furniture,Chairs,196.97,0.025975275719988006,25.27,2025,10,0.12829364877900187
14494,2025-10-20,Rahul Jadhav,West,Furniture,Tables,141.3,0.24431373377412596,7.97,2025,10,0.056404812455767867
14495,2025-10-12,Rahul Jadhav,West,Office Supplies,Art,36.91,0.3392136442606729,6.57,2025,10,0.17800054185857495
14496,2025-10-22,Rahul Jadhav,West,Office Supplies,Art,73.68,0.21768997802341292,3.37,2025,10,0.04573832790445168
14497,2025-10-23,Rahul Jadhav,West,Furniture,Chairs,86.72,0.2705736279584164,-3.74,2025,10,-0.043127306273062736
14498,2025-10-18,Rahul Jadhav,West,Technology,Accessories,19.79,0.25919730310440275,-0.53,2025,10,-0.026781202627589696
14499,2025-10-12,Meera Singh,Central,Technology,Phones,169.54,0.01883711579565059,23.06,2025,10,0.1360150996814911
14500,2025-10-14,Meera Singh,Central,Technology,Accessories,217.56,0.29408431152780273,11.15,2025,10,0.051250229821658395
14501,2025-10-13,Meera Singh,Central,Technology,Phones,295.19,0.10479178761371107,33.84,2025,10,0.11463802974355501
14502,2025-10-03,Meera Singh,Central,Technology,Phones,102.17,0.213161448190278,6.23,2025,10,0.06097680336693746
14503,2025-10-21,Meera Singh,Central,Technology,Machines,189.59,0.1680448753969673,11.87,2025,10,0.0626087873833008
14504,2025-10-02,Meera Singh,Central,Technology,Phones,473.91,0.1916874136616425,38.47,2025,10,0.08117575066995843
14505,2025-10-20,Meera Singh,Central,Office Supplies,Storage,34.42,0.1273500656818569,6.55,2025,10,0.1902963393375944
14506,2025-10-02,Meera Singh,Central,Technology,Phones,63.56,0.2322276468961435,0.48,2025,10,0.007551919446192573
14507,2025-10-04,Meera Singh,Central,Office Supplies,Storage,54.28,0.1489591697756869,6.62,2025,10,0.12196020633750922
14508,2025-10-05,Meera Singh,Central,Technology,Accessories,947.38,0.06773029963615881,168.82,2025,10,0.17819671092908865
14509,2025-10-17,Meera Singh,Central,Furniture,Bookcases,85.43,0.1875790814743453,-0.63,2025,10,-0.007374458621093293
14510,2025-10-14,Meera Singh,Central,Technology,Phones,137.75,0.0643769601835151,28.53,2025,10,0.20711433756805808
14511,2025-10-22,Meera Singh,Central,Furniture,Chairs,317.54,0.018810747011188844,21.45,2025,10,0.06755054481325187
14512,2025-10-15,Meera Singh,Central,Furniture,Tables,146.41,0.35719286099687797,-13.58,2025,10,-0.0927532272385766
14513,2025-10-08,Meera Singh,Central,Furniture,Tables,243.55,0.2347085160642569,-4.37,2025,10,-0.017942927530281257
14514,2025-10-24,Meera Singh,Central,Technology,Accessories,122.5,0.03768771462901546,8.65,2025,10,0.07061224489795918
14515,2025-10-16,Meera Singh,Central,Office Supplies,Storage,71.65,0.2202891616126937,3.43,2025,10,0.04787159804605722
14516,2025-10-03,Meera Singh,Central,Technology,Machines,233.96,0.2623473668321737,14.12,2025,10,0.060352196956744736
14517,2025-10-08,Meera Singh,Central,Furniture,Bookcases,88.07,0.024597801122680337,9.88,2025,10,0.1121834904053594
14518,2025-11-07,Aarav Sharma,West,Furniture,Bookcases,124.7,0.2242487938347538,1.64,2025,11,0.013151563753007215
14519,2025-11-08,Aarav Sharma,West,Furniture,Chairs,307.57,0.13328571154254043,-7.22,2025,11,-0.02347433104659102
14520,2025-11-09,Aarav Sharma,West,Technology,Machines,116.91,0.3664618989443263,3.06,2025,11,0.02617397998460354
14521,2025-11-12,Aarav Sharma,West,Technology,Accessories,112.11,0.03757207615992581,23.27,2025,11,0.20756399964320757
14522,2025-11-15,Aarav Sharma,West,Furniture,Chairs,125.34,0.19956645767442446,13.66,2025,11,0.10898356470400511
14523,2025-11-01,Aarav Sharma,West,Technology,Accessories,513.57,0.060590982853579896,75.98,2025,11,0.1479447787059213
14524,2025-11-02,Aarav Sharma,West,Furniture,Bookcases,151.14,0.43422892875608576,-21.7,2025,11,-0.1435754929204711
14525,2025-11-27,Aarav Sharma,West,Technology,Machines,119.2,0.4992330378186713,-6.36,2025,11,-0.05335570469798658
14526,2025-11-16,Aarav Sharma,West,Technology,Accessories,27.08,0.16483440017271925,2.6,2025,11,0.09601181683899558
14527,2025-11-23,Aarav Sharma,West,Technology,Phones,133.67,0.1578113601886743,18.16,2025,11,0.13585696117303808
14528,2025-11-14,Aarav Sharma,West,Office Supplies,Paper,37.9,0.09148311493820642,4.54,2025,11,0.11978891820580476
14529,2025-11-16,Aarav Sharma,West,Office Supplies,Paper,88.5,0.26282291298034455,13.51,2025,11,0.15265536723163842
14530,2025-11-27,Aarav Sharma,West,Furniture,Chairs,228.71,0.07057460041053526,48.01,2025,11,0.20991648812907174
14531,2025-11-25,Aarav Sharma,West,Technology,Phones,114.28,0.37064380284049925,0.3,2025,11,0.002625131256562828
14532,2025-11-13,Aarav Sharma,West,Office Supplies,Paper,48.89,0.06481828462397603,5.5,2025,11,0.11249744323992636
14533,2025-11-22,Aarav Sharma,West,Technology,Accessories,76.4,0.11907283716102492,14.94,2025,11,0.19554973821989527
14534,2025-11-08,Aarav Sharma,West,Furniture,Tables,94.91,0.09510485474388071,3.8,2025,11,0.04003793067116215
14535,2025-11-03,Aarav Sharma,West,Furniture,Bookcases,62.39,0.5649238232157261,-15.56,2025,11,-0.24939894213816316
14536,2025-11-14,Ananya Patil,West,Furniture,Tables,417.58,0.33870840511437045,-26.52,2025,11,-0.06350878873509268
14537,2025-11-19,Ananya Patil,West,Technology,Phones,80.71,0.27020525169825493,-0.72,2025,11,-0.008920827654565729
14538,2025-11-01,Ananya Patil,West,Technology,Accessories,184.69,0.20868027551847684,-0.82,2025,11,-0.0044398722183117655
14539,2025-11-03,Ananya Patil,West,Technology,Machines,189.86,0.5636147631316715,-14.83,2025,11,-0.07811018645317602
14540,2025-11-08,Ananya Patil,West,Technology,Machines,494.6,0.19604881609125346,30.6,2025,11,0.06186817630408411
14541,2025-11-23,Ananya Patil,West,Office Supplies,Paper,77.21,0.1650255530586852,12.46,2025,11,0.16137805983680872
14542,2025-11-04,Ananya Patil,West,Furniture,Chairs,318.95,0.03250430656724569,33.63,2025,11,0.1054397240946857
14543,2025-11-06,Ananya Patil,West,Technology,Accessories,40.51,0.1046056523154016,4.91,2025,11,0.12120464082942484
14544,2025-11-02,Ananya Patil,West,Technology,Accessories,496.21,0.3574483176937005,-23.87,2025,11,-0.048104633119042346
14545,2025-11-27,Ananya Patil,West,Furniture,Bookcases,87.07,0.490200479848113,-22.16,2025,11,-0.25450786723326063
14546,2025-11-15,Ananya Patil,West,Furniture,Bookcases,32.14,0.405305643126209,-0.03,2025,11,-0.0009334163036714375
14547,2025-11-08,Ananya Patil,West,Furniture,Tables,156.37,0.3042924685915029,-9.77,2025,11,-0.06248001534821257
14548,2025-11-01,Ananya Patil,West,Technology,Phones,132.11,0.18072015207025002,7.68,2025,11,0.05813337370373173
14549,2025-11-24,Rohan Deshmukh,Central,Furniture,Tables,119.01,0.004378571838847101,19.9,2025,11,0.16721283925720526
14550,2025-11-15,Rohan Deshmukh,Central,Furniture,Tables,164.28,0.14631628008254957,5.28,2025,11,0.032140248356464576
14551,2025-11-23,Rohan Deshmukh,Central,Technology,Accessories,145.35,0.31460677298789014,-0.01,2025,11,-6.879944960440316e-05
14552,2025-11-01,Rohan Deshmukh,Central,Office Supplies,Paper,31.54,0.2752165188401623,0.89,2025,11,0.02821813570069753
14553,2025-11-20,Rohan Deshmukh,Central,Office Supplies,Paper,82.44,0.17273314554819963,15.05,2025,11,0.18255701115963127
14554,2025-11-24,Rohan Deshmukh,Central,Furniture,Bookcases,293.3,0.09318054917083156,24.81,2025,11,0.08458915785884759
14555,2025-11-15,Rohan Deshmukh,Central,Office Supplies,Art,156.78,0.38775305946984984,13.65,2025,11,0.08706467661691543
14556,2025-11-09,Rohan Deshmukh,Central,Technology,Phones,209.4,0.2889148076344087,11.22,2025,11,0.05358166189111748
14557,2025-11-01,Rohan Deshmukh,Central,Office Supplies,Paper,74.55,0.2702300369078611,6.33,2025,11,0.08490945674044266
14558,2025-11-19,Rohan Deshmukh,Central,Technology,Accessories,779.49,0.04724177385954383,98.94,2025,11,0.12692914598006388
14559,2025-11-05,Rohan Deshmukh,Central,Technology,Accessories,132.48,0.35026707713068106,-6.8,2025,11,-0.05132850241545894
14560,2025-11-14,Rohan Deshmukh,Central,Office Supplies,Storage,42.58,0.05092431276402835,10.7,2025,11,0.2512916862376703
14561,2025-11-15,Rohan Deshmukh,Central,Technology,Phones,194.6,0.2605048432210473,7.67,2025,11,0.039414182939362795
14562,2025-11-13,Rohan Deshmukh,Central,Furniture,Bookcases,75.35,0.20562153643639924,-7.07,2025,11,-0.093828798938288
14563,2025-11-04,Rohan Deshmukh,Central,Furniture,Chairs,189.85,0.07620278110933451,23.2,2025,11,0.12220173821437977
14564,2025-11-10,Rohan Deshmukh,Central,Furniture,Bookcases,101.41,0.060288736217962546,4.43,2025,11,0.04368405482694014
14565,2025-11-12,Rohan Deshmukh,Central,Furniture,Chairs,109.45,0.07059192251923316,10.05,2025,11,0.0918227501142074
14566,2025-11-12,Rohan Deshmukh,Central,Technology,Machines,127.44,0.2418451075607813,-4.29,2025,11,-0.033662900188323915
14567,2025-11-15,Isha Kulkarni,Central,Office Supplies,Art,29.07,0.23828815924489283,-2.88,2025,11,-0.09907120743034055
14568,2025-11-07,Isha Kulkarni,Central,Furniture,Tables,92.02,0.14080290509803903,-8.82,2025,11,-0.09584872853727451
14569,2025-11-11,Isha Kulkarni,Central,Office Supplies,Art,64.88,0.14965965615177498,12.85,2025,11,0.19805795314426636
14570,2025-11-09,Isha Kulkarni,Central,Furniture,Bookcases,54.62,0.15087030241837412,1.35,2025,11,0.024716221164408643
14571,2025-11-07,Isha Kulkarni,Central,Office Supplies,Art,37.68,0.06165113869799836,12.27,2025,11,0.32563694267515925
14572,2025-11-25,Isha Kulkarni,Central,Technology,Machines,139.11,0.03349733465899043,19.67,2025,11,0.14139889296240385
14573,2025-11-12,Isha Kulkarni,Central,Furniture,Bookcases,94.55,0.3539511828629637,-5.59,2025,11,-0.05912215758857747
14574,2025-11-15,Isha Kulkarni,Central,Office Supplies,Binders,58.45,0.22907740258592757,10.59,2025,11,0.181180496150556
14575,2025-11-06,Isha Kulkarni,Central,Office Supplies,Paper,42.35,0.19811346139293282,2.26,2025,11,0.053364817001180634
14576,2025-11-27,Isha Kulkarni,Central,Technology,Machines,257.23,0.16684849510740565,-4.78,2025,11,-0.018582591455117987
14577,2025-11-07,Isha Kulkarni,Central,Office Supplies,Storage,43.67,0.05156042090008654,10.48,2025,11,0.23998168078772614
14578,2025-11-26,Isha Kulkarni,Central,Furniture,Chairs,186.56,0.3817915199449106,-19.05,2025,11,-0.10211192109777016
14579,2025-11-09,Isha Kulkarni,Central,Technology,Accessories,206.03,0.025639032741898996,39.51,2025,11,0.19176818909867493
14580,2025-11-13,Isha Kulkarni,Central,Furniture,Tables,106.68,0.013193966596594303,8.9,2025,11,0.083427071616048
14581,2025-11-24,Isha Kulkarni,Central,Technology,Machines,310.69,0.3664237620554999,-15.74,2025,11,-0.050661431008400655
14582,2025-11-17,Vikram Joshi,East,Furniture,Tables,163.13,0.37607279737880533,-17.29,2025,11,-0.10598908845705879
14583,2025-11-16,Vikram Joshi,East,Technology,Accessories,173.4,0.12964458151399694,7.28,2025,11,0.0419838523644752
14584,2025-11-02,Vikram Joshi,East,Technology,Phones,215.43,0.29594414221015725,-0.78,2025,11,-0.0036206656454532797
14585,2025-11-26,Vikram Joshi,East,Furniture,Tables,111.13,0.3039271723125227,0.44,2025,11,0.003959326914424548
14586,2025-11-04,Vikram Joshi,East,Technology,Phones,211.79,0.2242418987625691,12.5,2025,11,0.059020728079701594
14587,2025-11-02,Vikram Joshi,East,Office Supplies,Paper,149.28,0.13258973365408586,22.03,2025,11,0.14757502679528403
14588,2025-11-18,Vikram Joshi,East,Furniture,Chairs,127.8,0.38467976201749354,-14.0,2025,11,-0.10954616588419405
14589,2025-11-20,Vikram Joshi,East,Technology,Machines,281.66,0.4236586895089154,-28.01,2025,11,-0.09944614073705886
14590,2025-11-24,Vikram Joshi,East,Technology,Accessories,295.25,0.4894600466061203,-22.09,2025,11,-0.07481795088907706
14591,2025-11-14,Vikram Joshi,East,Technology,Machines,339.35,0.19750581662472272,35.94,2025,11,0.10590835420657137
14592,2025-11-25,Vikram Joshi,East,Technology,Machines,217.29,0.37565128656858676,-1.53,2025,11,-0.007041281237056469
14593,2025-11-08,Vikram Joshi,East,Technology,Machines,329.5,0.21212992621268517,36.13,2025,11,0.10965098634294386
14594,2025-11-15,Vikram Joshi,East,Technology,Phones,33.25,0.23130323564351055,1.95,2025,11,0.058646616541353384
14595,2025-11-19,Vikram Joshi,East,Office Supplies,Paper,90.73,0.49716265867162,-2.84,2025,11,-0.0313016642786289
14596,2025-11-04,Vikram Joshi,East,Furniture,Bookcases,130.02,0.21447433267008087,-2.81,2025,11,-0.02161205968312567
14597,2025-11-17,Vikram Joshi,East,Furniture,Bookcases,122.83,0.06551801374939735,13.03,2025,11,0.10608157616217537
14598,2025-11-20,Vikram Joshi,East,Furniture,Chairs,166.68,0.01976200866853392,18.21,2025,11,0.10925125989920806
14599,2025-11-11,Vikram Joshi,East,Technology,Accessories,117.98,0.2327543994150088,4.34,2025,11,0.036785895914561786
14600,2025-11-21,Vikram Joshi,East,Technology,Phones,249.62,0.08172134993380342,57.68,2025,11,0.23107122826696577
14601,2025-11-10,Vikram Joshi,East,Furniture,Bookcases,289.44,0.2783102523679003,15.45,2025,11,0.05337893864013267
14602,2025-11-09,Vikram Joshi,East,Office Supplies,Art,68.21,0.18740517674609855,10.2,2025,11,0.14953819088110248
14603,2025-11-20,Vikram Joshi,East,Technology,Phones,148.88,0.1768605009925191,17.72,2025,11,0.11902203116603977
14604,2025-11-22,Sneha More,East,Technology,Phones,411.39,0.2470007296910756,2.16,2025,11,0.005250492233646905
14605,2025-11-18,Sneha More,East,Office Supplies,Art,38.74,0.0007896483955308712,11.74,2025,11,0.30304594734124934
14606,2025-11-18,Sneha More,East,Office Supplies,Storage,86.37,0.05439516994715357,10.83,2025,11,0.12539076068079194
14607,2025-11-17,Sneha More,East,Technology,Machines,89.05,0.13661506291711942,7.86,2025,11,0.08826501965188097
14608,2025-11-23,Sneha More,East,Technology,Machines,266.63,0.16150959105268095,18.02,2025,11,0.06758429284026554
14609,2025-11-25,Sneha More,East,Technology,Machines,386.6,0.01370021614210243,84.04,2025,11,0.2173823072943611
14610,2025-11-04,Sneha More,East,Technology,Accessories,83.61,0.547168951753438,-13.81,2025,11,-0.16517163018777659
14611,2025-11-17,Sneha More,East,Technology,Machines,119.08,0.09981132385416581,14.68,2025,11,0.12327846825663419
14612,2025-11-07,Sneha More,East,Office Supplies,Binders,56.91,0.03229500303087578,22.19,2025,11,0.38991389913899144
14613,2025-11-23,Sneha More,East,Office Supplies,Binders,45.59,0.09919710967390648,6.65,2025,11,0.14586532134239966
14614,2025-11-10,Sneha More,East,Technology,Phones,230.41,0.5695754090317755,-14.22,2025,11,-0.06171607135106984
14615,2025-11-05,Sneha More,East,Furniture,Bookcases,76.62,0.41049032714808426,-6.88,2025,11,-0.08979378752283998
14616,2025-11-25,Aditya Shah,South,Office Supplies,Binders,106.67,0.3323581078031521,4.02,2025,11,0.03768632230242804
14617,2025-11-15,Aditya Shah,South,Office Supplies,Binders,99.99,0.13654618719316508,12.92,2025,11,0.12921292129212922
14618,2025-11-01,Aditya Shah,South,Furniture,Bookcases,239.47,0.13823216568357585,24.68,2025,11,0.10306092621205161
14619,2025-11-21,Aditya Shah,South,Technology,Accessories,89.02,0.13915052634278494,6.61,2025,11,0.07425297685913279
14620,2025-11-24,Aditya Shah,South,Office Supplies,Paper,73.0,0.23736648335518862,14.44,2025,11,0.1978082191780822
14621,2025-11-27,Aditya Shah,South,Office Supplies,Storage,60.43,0.23019084254421773,2.63,2025,11,0.043521429753433725
14622,2025-11-26,Aditya Shah,South,Technology,Machines,37.44,0.20352572596843052,0.23,2025,11,0.006143162393162394
14623,2025-11-08,Aditya Shah,South,Office Supplies,Art,46.43,0.20087365064225018,11.34,2025,11,0.2442386388111135
14624,2025-11-15,Aditya Shah,South,Furniture,Chairs,241.32,0.16903942101004,6.78,2025,11,0.028095474888115368
14625,2025-11-20,Aditya Shah,South,Furniture,Bookcases,41.6,0.20653950636190582,3.76,2025,11,0.09038461538461538
14626,2025-11-05,Aditya Shah,South,Furniture,Tables,61.09,0.044809519956502765,4.55,2025,11,0.07448027500409232
14627,2025-11-26,Aditya Shah,South,Technology,Accessories,129.32,0.023414480020976215,28.3,2025,11,0.21883699350448502
14628,2025-11-09,Aditya Shah,South,Furniture,Bookcases,116.29,0.09009451578652058,7.74,2025,11,0.06655774357210421
14629,2025-11-09,Aditya Shah,South,Office Supplies,Storage,94.77,0.34644005389558125,-3.91,2025,11,-0.041257781998522744
14630,2025-11-10,Neha Pawar,South,Technology,Phones,190.59,0.158511072287143,17.6,2025,11,0.09234482396767932
14631,2025-11-22,Neha Pawar,South,Office Supplies,Art,55.99,0.04329921983165806,9.87,2025,11,0.17628147883550632
14632,2025-11-20,Neha Pawar,South,Furniture,Chairs,207.14,0.33003054755886196,-13.46,2025,11,-0.06498020662353965
14633,2025-11-03,Neha Pawar,South,Technology,Machines,261.96,0.2604278180054708,16.42,2025,11,0.06268132539318981
14634,2025-11-11,Neha Pawar,South,Furniture,Bookcases,219.62,0.2944307677752636,-14.68,2025,11,-0.06684272834896639
14635,2025-11-24,Neha Pawar,South,Furniture,Chairs,250.73,0.05757242999738663,24.79,2025,11,0.09887129581621665
14636,2025-11-11,Neha Pawar,South,Furniture,Bookcases,277.21,0.3892433876906539,-24.48,2025,11,-0.08830850257927204
14637,2025-11-25,Neha Pawar,South,Technology,Machines,161.07,0.10755537244222589,9.48,2025,11,0.05885639783944869
14638,2025-11-23,Neha Pawar,South,Office Supplies,Binders,81.73,0.07520688985960879,13.89,2025,11,0.1699498348219748
14639,2025-11-23,Neha Pawar,South,Technology,Machines,237.05,0.1659601306354368,19.46,2025,11,0.08209238557266399
14640,2025-11-09,Neha Pawar,South,Furniture,Bookcases,188.98,0.07802730165520677,9.94,2025,11,0.05259815853529474
14641,2025-11-01,Neha Pawar,South,Technology,Machines,351.26,0.20880208161541508,20.36,2025,11,0.057962762625975064
14642,2025-11-19,Neha Pawar,South,Technology,Machines,170.34,0.08354508332572226,33.07,2025,11,0.19414112950569448
14643,2025-11-26,Neha Pawar,South,Office Supplies,Art,62.34,0.45570476949536215,-4.19,2025,11,-0.0672120628809753
14644,2025-11-12,Neha Pawar,South,Technology,Machines,63.76,0.1250844058879288,6.67,2025,11,0.10461104140526976
14645,2025-11-15,Neha Pawar,South,Furniture,Chairs,129.9,0.162703479550297,9.23,2025,11,0.07105465742879138
14646,2025-11-07,Neha Pawar,South,Technology,Phones,104.74,0.0823595811141982,12.99,2025,11,0.12402138628986062
14647,2025-11-18,Neha Pawar,South,Furniture,Bookcases,376.2,0.07647935371382056,19.91,2025,11,0.05292397660818714
14648,2025-11-17,Neha Pawar,South,Office Supplies,Storage,54.09,0.2052862134189358,0.78,2025,11,0.014420410427066
14649,2025-11-11,Kunal Mehta,North,Technology,Phones,83.41,0.15951757124677124,1.68,2025,11,0.020141469847740078
14650,2025-11-16,Kunal Mehta,North,Office Supplies,Storage,51.79,0.1478838052483945,5.11,2025,11,0.09866769646649934
14651,2025-11-27,Kunal Mehta,North,Furniture,Tables,103.85,0.054886256395211025,7.72,2025,11,0.07433798748194512
14652,2025-11-24,Kunal Mehta,North,Technology,Phones,196.42,0.09208019377879378,37.23,2025,11,0.18954281641380713
14653,2025-11-15,Kunal Mehta,North,Technology,Machines,130.46,0.20290753098369751,9.05,2025,11,0.06936992181511574
14654,2025-11-10,Kunal Mehta,North,Technology,Accessories,158.59,0.1689902895243504,27.11,2025,11,0.17094394350211237
14655,2025-11-20,Kunal Mehta,North,Technology,Phones,127.93,0.11803848432471041,14.07,2025,11,0.10998202141796294
14656,2025-11-06,Kunal Mehta,North,Technology,Phones,129.15,0.11788400010161267,13.63,2025,11,0.10553619821912505
14657,2025-11-04,Kunal Mehta,North,Technology,Accessories,239.26,0.19655300536084075,-8.5,2025,11,-0.03552620580122043
14658,2025-11-08,Kunal Mehta,North,Office Supplies,Binders,46.61,0.5238863084519507,-1.69,2025,11,-0.03625831366659515
14659,2025-11-22,Kunal Mehta,North,Technology,Phones,176.15,0.3592847088487862,11.09,2025,11,0.06295770650014192
14660,2025-11-19,Kunal Mehta,North,Furniture,Bookcases,177.16,0.022826300055633124,11.12,2025,11,0.06276811921426959
14661,2025-11-05,Kunal Mehta,North,Technology,Machines,143.98,0.04155381910355345,32.71,2025,11,0.22718433115710518
14662,2025-11-02,Kunal Mehta,North,Technology,Accessories,158.01,0.1815889275754519,-2.56,2025,11,-0.016201506233782675
14663,2025-11-03,Kunal Mehta,North,Technology,Phones,483.91,0.2965870404879186,22.13,2025,11,0.04573164431402533
14664,2025-11-25,Kunal Mehta,North,Office Supplies,Storage,53.92,0.34016407037322366,4.16,2025,11,0.0771513353115727
14665,2025-11-15,Kunal Mehta,North,Furniture,Bookcases,40.16,0.20014277776414843,1.1,2025,11,0.027390438247011956
14666,2025-11-04,Kunal Mehta,North,Furniture,Bookcases,98.43,0.4698606901649773,-9.43,2025,11,-0.09580412475871176
14667,2025-11-03,Kunal Mehta,North,Technology,Machines,194.49,0.12362429894196879,25.76,2025,11,0.13244896909866832
14668,2025-11-21,Kunal Mehta,North,Furniture,Tables,108.93,0.2719066167861966,8.72,2025,11,0.08005140916184705
14669,2025-11-12,Kunal Mehta,North,Furniture,Chairs,107.11,0.14291727700877607,6.36,2025,11,0.05937820931752404
14670,2025-11-17,Kunal Mehta,North,Office Supplies,Art,173.66,0.20464743834547358,32.51,2025,11,0.18720488310491765
14671,2025-11-19,Priya Nair,North,Office Supplies,Art,58.9,0.3173369397029397,5.75,2025,11,0.09762308998302208
14672,2025-11-13,Priya Nair,North,Technology,Phones,140.47,0.435296128454771,-5.77,2025,11,-0.04107638641702854
14673,2025-11-13,Priya Nair,North,Technology,Phones,336.11,0.1195732191473589,31.92,2025,11,0.09496890898812889
14674,2025-11-08,Priya Nair,North,Office Supplies,Paper,161.29,0.03960904241972625,37.38,2025,11,0.23175646351292706
14675,2025-11-04,Priya Nair,North,Furniture,Bookcases,115.3,0.24811251509695642,-0.7,2025,11,-0.006071118820468343
14676,2025-11-19,Priya Nair,North,Technology,Machines,65.66,0.16692201717205363,2.16,2025,11,0.03289674078586659
14677,2025-11-04,Priya Nair,North,Office Supplies,Binders,183.21,0.4957660630196027,-16.99,2025,11,-0.09273511271218819
14678,2025-11-03,Priya Nair,North,Furniture,Bookcases,206.98,0.061995589538638984,13.1,2025,11,0.06329113924050633
14679,2025-11-07,Priya Nair,North,Office Supplies,Paper,18.12,0.4451046353054342,-3.21,2025,11,-0.1771523178807947
14680,2025-11-26,Priya Nair,North,Furniture,Bookcases,196.78,0.2592444920454757,2.0,2025,11,0.010163634515702815
14681,2025-11-11,Priya Nair,North,Furniture,Tables,58.96,0.13631375718181682,6.67,2025,11,0.11312754409769335
14682,2025-11-22,Priya Nair,North,Office Supplies,Art,87.48,0.059269170810706456,15.03,2025,11,0.17181069958847736
14683,2025-11-01,Priya Nair,North,Office Supplies,Paper,57.01,0.1602173711813653,14.06,2025,11,0.2466233994036134
14684,2025-11-23,Priya Nair,North,Technology,Accessories,215.31,0.5474122585319868,-26.79,2025,11,-0.12442524731782081
14685,2025-11-05,Priya Nair,North,Furniture,Tables,43.56,0.12776026373887361,3.62,2025,11,0.08310376492194674
14686,2025-11-12,Priya Nair,North,Technology,Phones,738.86,0.18523332364183034,98.59,2025,11,0.13343529220691336
14687,2025-11-10,Priya Nair,North,Office Supplies,Art,84.45,0.06511960285018362,11.8,2025,11,0.13972764949674363
14688,2025-11-13,Priya Nair,North,Office Supplies,Art,50.37,0.04182823254265604,17.88,2025,11,0.3549731983323407
14689,2025-11-12,Priya Nair,North,Office Supplies,Art,116.2,0.13733380593942515,17.01,2025,11,0.14638554216867472
14690,2025-11-07,Priya Nair,North,Technology,Machines,104.44,0.18923236028645077,11.46,2025,11,0.10972807353504406
14691,2025-11-13,Priya Nair,North,Technology,Phones,120.88,0.23447520818563955,11.07,2025,11,0.09157842488418266
14692,2025-11-04,Rahul Jadhav,West,Office Supplies,Art,35.4,0.15052560377837662,6.02,2025,11,0.17005649717514124
14693,2025-11-06,Rahul Jadhav,West,Office Supplies,Paper,105.01,0.35775813019123703,-6.78,2025,11,-0.06456527949719074
14694,2025-11-01,Rahul Jadhav,West,Technology,Machines,140.62,0.03839362782028292,25.28,2025,11,0.1797752808988764
14695,2025-11-01,Rahul Jadhav,West,Furniture,Bookcases,215.45,0.4875937620479748,-14.32,2025,11,-0.06646553724762126
14696,2025-11-01,Rahul Jadhav,West,Technology,Accessories,154.5,0.37594933763075444,-11.04,2025,11,-0.07145631067961164
14697,2025-11-09,Rahul Jadhav,West,Furniture,Bookcases,145.4,0.3261871963913751,-8.79,2025,11,-0.06045392022008252
14698,2025-11-25,Rahul Jadhav,West,Office Supplies,Art,26.84,0.1781585746664614,2.43,2025,11,0.09053651266766022
14699,2025-11-19,Rahul Jadhav,West,Furniture,Tables,401.66,0.08514948897689764,31.69,2025,11,0.07889757506348653
14700,2025-11-21,Rahul Jadhav,West,Technology,Phones,205.33,0.11221812093946414,14.76,2025,11,0.07188428383577655
14701,2025-11-14,Rahul Jadhav,West,Furniture,Bookcases,181.99,0.22869783594200135,-5.56,2025,11,-0.030551129182922136
14702,2025-11-25,Meera Singh,Central,Technology,Phones,351.94,0.13468098061654607,23.54,2025,11,0.06688640109109507
14703,2025-11-24,Meera Singh,Central,Furniture,Chairs,153.54,0.3754644191035212,-8.18,2025,11,-0.053276019278363944
14704,2025-11-13,Meera Singh,Central,Office Supplies,Paper,26.9,0.23804213079171846,2.86,2025,11,0.10631970260223049
14705,2025-11-23,Meera Singh,Central,Furniture,Tables,208.49,0.1336760559537823,7.79,2025,11,0.03736390234543623
14706,2025-11-21,Meera Singh,Central,Furniture,Bookcases,153.98,0.22499618649560701,-0.28,2025,11,-0.0018184179763605665
14707,2025-11-10,Meera Singh,Central,Office Supplies,Art,86.26,0.34091642144468703,2.87,2025,11,0.033271504753072105
14708,2025-11-17,Meera Singh,Central,Furniture,Tables,132.29,0.1346258863270774,17.46,2025,11,0.1319827651371986
14709,2025-11-16,Meera Singh,Central,Furniture,Tables,100.15,0.1320989742542047,4.88,2025,11,0.04872690963554668
14710,2025-11-12,Meera Singh,Central,Technology,Phones,200.1,0.03122171082578984,36.14,2025,11,0.18060969515242378
14711,2025-11-07,Meera Singh,Central,Technology,Phones,135.89,0.10168097290482797,18.02,2025,11,0.13260725586871736
14712,2025-11-06,Meera Singh,Central,Office Supplies,Art,82.47,0.252205151133126,8.09,2025,11,0.0980962774342185
14713,2025-11-25,Meera Singh,Central,Office Supplies,Art,30.05,0.12644900174177723,4.24,2025,11,0.1410981697171381
14714,2025-11-19,Meera Singh,Central,Technology,Machines,539.09,0.21947800365165668,33.16,2025,11,0.061511064942773926
14715,2025-12-04,Aarav Sharma,West,Furniture,Chairs,170.83,0.11481716112175215,4.72,2025,12,0.027629807410876308
14716,2025-12-01,Aarav Sharma,West,Technology,Accessories,76.49,0.06115250945767289,16.65,2025,12,0.2176755131389724
14717,2025-12-24,Aarav Sharma,West,Technology,Accessories,50.51,0.18271827148877667,1.13,2025,12,0.02237180756285884
14718,2025-12-26,Aarav Sharma,West,Furniture,Tables,184.05,0.19436699275988933,9.17,2025,12,0.04982341754957891
14719,2025-12-19,Aarav Sharma,West,Technology,Machines,105.96,0.12706299731061746,17.51,2025,12,0.16525103812759534
14720,2025-12-21,Aarav Sharma,West,Technology,Phones,195.86,0.24850453417833157,8.14,2025,12,0.04156029817216379
14721,2025-12-10,Aarav Sharma,West,Technology,Machines,166.85,0.1219763958078044,19.38,2025,12,0.11615223254420137
14722,2025-12-05,Aarav Sharma,West,Technology,Machines,136.7,0.34644416628162417,-2.56,2025,12,-0.01872713972201902
14723,2025-12-22,Aarav Sharma,West,Technology,Accessories,130.17,0.17391205635851195,17.61,2025,12,0.13528462779442268
14724,2025-12-12,Aarav Sharma,West,Furniture,Bookcases,125.8,0.21560596728381815,3.68,2025,12,0.029252782193958667
14725,2025-12-01,Aarav Sharma,West,Furniture,Tables,70.76,0.09675082901290188,5.5,2025,12,0.07772752967778405
14726,2025-12-16,Aarav Sharma,West,Technology,Machines,158.43,0.48083913327727484,-21.83,2025,12,-0.1377895600580698
14727,2025-12-12,Aarav Sharma,West,Technology,Phones,105.75,0.1288331427978045,11.52,2025,12,0.10893617021276596
14728,2025-12-22,Aarav Sharma,West,Furniture,Chairs,144.22,0.2464571211054831,5.82,2025,12,0.04035501317431702
14729,2025-12-04,Aarav Sharma,West,Technology,Accessories,354.99,0.15503174355610705,29.83,2025,12,0.08403053607143862
14730,2025-12-12,Aarav Sharma,West,Furniture,Tables,410.64,0.164020912521386,3.52,2025,12,0.008571985193843756
14731,2025-12-21,Aarav Sharma,West,Office Supplies,Paper,78.47,0.11928343714183182,17.48,2025,12,0.22276029055690075
14732,2025-12-16,Aarav Sharma,West,Furniture,Tables,341.59,0.15809208614546927,22.81,2025,12,0.06677595948359144
14733,2025-12-08,Aarav Sharma,West,Office Supplies,Art,217.88,0.0238971360161454,61.21,2025,12,0.280934459335414
14734,2025-12-14,Aarav Sharma,West,Furniture,Tables,96.78,0.03220676310562491,12.91,2025,12,0.13339532961355652
14735,2025-12-02,Aarav Sharma,West,Office Supplies,Paper,44.57,0.38706313364697237,-1.53,2025,12,-0.03432802333408122
14736,2025-12-17,Aarav Sharma,West,Technology,Machines,259.15,0.2540628634267285,14.96,2025,12,0.05772718502797609
14737,2025-12-19,Aarav Sharma,West,Office Supplies,Paper,213.08,0.03896980101318991,40.66,2025,12,0.19082034916463297
14738,2025-12-03,Aarav Sharma,West,Technology,Phones,302.79,0.12863508764488793,40.84,2025,12,0.1348789590144985
14739,2025-12-26,Aarav Sharma,West,Office Supplies,Storage,68.24,0.32505967397738106,-0.94,2025,12,-0.01377491207502931
14740,2025-12-21,Aarav Sharma,West,Office Supplies,Paper,57.03,0.2020304819061224,8.21,2025,12,0.14395931965632125
14741,2025-12-20,Ananya Patil,West,Furniture,Bookcases,357.92,0.046004402722948506,8.1,2025,12,0.02263075547608404
14742,2025-12-15,Ananya Patil,West,Office Supplies,Art,111.81,0.45580283221098666,3.21,2025,12,0.02870941776227529
14743,2025-12-13,Ananya Patil,West,Furniture,Tables,130.78,0.3011659720847645,-4.63,2025,12,-0.03540296681449763
14744,2025-12-05,Ananya Patil,West,Technology,Machines,239.66,0.17535567335222713,14.55,2025,12,0.06071100726028541
14745,2025-12-01,Ananya Patil,West,Furniture,Tables,106.58,0.24389371595308346,2.91,2025,12,0.02730343404015763
14746,2025-12-04,Ananya Patil,West,Office Supplies,Storage,72.03,0.3110827589665164,3.89,2025,12,0.0540052755796196
14747,2025-12-23,Ananya Patil,West,Technology,Machines,194.91,0.021663844701608755,43.23,2025,12,0.22179467446513773
14748,2025-12-12,Ananya Patil,West,Technology,Phones,318.54,0.14248442270343678,38.72,2025,12,0.12155459282978588
14749,2025-12-21,Ananya Patil,West,Technology,Accessories,321.57,0.09344116042942693,21.67,2025,12,0.06738812700189695
14750,2025-12-14,Ananya Patil,West,Technology,Machines,347.38,0.10205300439198436,41.88,2025,12,0.12055961770971271
14751,2025-12-26,Ananya Patil,West,Furniture,Chairs,93.82,0.31034428784110796,0.42,2025,12,0.004476657429119591
14752,2025-12-15,Ananya Patil,West,Technology,Machines,99.41,0.18111171434331624,8.51,2025,12,0.08560506991248365
14753,2025-12-06,Ananya Patil,West,Technology,Machines,224.11,0.1929502590789021,12.3,2025,12,0.054883762438088436
14754,2025-12-01,Ananya Patil,West,Technology,Phones,124.18,0.05716077240441818,25.28,2025,12,0.20357545498469962
14755,2025-12-04,Ananya Patil,West,Office Supplies,Paper,56.87,0.0767552342891168,11.19,2025,12,0.19676455072973448
14756,2025-12-22,Ananya Patil,West,Office Supplies,Binders,45.45,0.24261678477234355,8.29,2025,12,0.18239823982398237
14757,2025-12-25,Ananya Patil,West,Office Supplies,Storage,58.1,0.1475410856421536,6.74,2025,12,0.11600688468158347
14758,2025-12-11,Ananya Patil,West,Furniture,Chairs,317.73,0.25273189555798325,-7.35,2025,12,-0.023132848645076004
14759,2025-12-07,Ananya Patil,West,Furniture,Bookcases,121.84,0.2822755263009888,-2.0,2025,12,-0.016414970453053183
14760,2025-12-13,Ananya Patil,West,Office Supplies,Storage,40.81,0.06895907139060148,10.04,2025,12,0.2460181328105856
14761,2025-12-05,Ananya Patil,West,Technology,Phones,126.53,0.09783668161060738,17.6,2025,12,0.1390974472457125
14762,2025-12-18,Rohan Deshmukh,Central,Technology,Phones,363.63,0.15202156470473416,30.05,2025,12,0.08263894618155818
14763,2025-12-06,Rohan Deshmukh,Central,Furniture,Chairs,77.31,0.29161524445031595,-6.53,2025,12,-0.08446514034406934
14764,2025-12-14,Rohan Deshmukh,Central,Technology,Accessories,176.26,0.12178053097339173,17.86,2025,12,0.10132758425053898
14765,2025-12-24,Rohan Deshmukh,Central,Technology,Accessories,679.25,0.18302967141314136,88.48,2025,12,0.1302613176297387
14766,2025-12-09,Rohan Deshmukh,Central,Office Supplies,Storage,66.81,0.10966117729154308,11.05,2025,12,0.16539440203562342
14767,2025-12-01,Rohan Deshmukh,Central,Furniture,Chairs,236.21,0.3270640396159768,-3.3,2025,12,-0.013970619364125142
14768,2025-12-01,Rohan Deshmukh,Central,Office Supplies,Art,39.15,0.3132660332016929,5.85,2025,12,0.14942528735632182
14769,2025-12-02,Rohan Deshmukh,Central,Office Supplies,Art,90.2,0.21151326368139703,5.19,2025,12,0.05753880266075388
14770,2025-12-13,Rohan Deshmukh,Central,Furniture,Bookcases,78.26,0.18297068092837596,-1.42,2025,12,-0.018144646051622793
14771,2025-12-25,Rohan Deshmukh,Central,Office Supplies,Storage,27.8,0.45202539601713665,1.11,2025,12,0.039928057553956835
14772,2025-12-22,Rohan Deshmukh,Central,Technology,Accessories,384.93,0.22866241412936034,14.44,2025,12,0.03751331410905879
14773,2025-12-11,Rohan Deshmukh,Central,Office Supplies,Art,91.39,0.1193422118393305,11.69,2025,12,0.12791333843965422
14774,2025-12-21,Rohan Deshmukh,Central,Technology,Phones,127.19,0.20842626883782103,14.28,2025,12,0.11227297743533296
14775,2025-12-17,Isha Kulkarni,Central,Office Supplies,Storage,172.33,0.05384288742145687,30.09,2025,12,0.17460685893344163
14776,2025-12-14,Isha Kulkarni,Central,Technology,Accessories,256.28,0.1520476133869414,29.47,2025,12,0.1149914156391447
14777,2025-12-24,Isha Kulkarni,Central,Furniture,Tables,277.0,0.23070880784100792,1.61,2025,12,0.005812274368231047
14778,2025-12-26,Isha Kulkarni,Central,Office Supplies,Art,78.44,0.4120449930759309,1.12,2025,12,0.014278429372768997
14779,2025-12-20,Isha Kulkarni,Central,Technology,Accessories,181.42,0.16546106479403985,26.92,2025,12,0.14838496306912138
14780,2025-12-24,Isha Kulkarni,Central,Office Supplies,Paper,38.81,0.059336787604159,5.15,2025,12,0.132697758309714
14781,2025-12-04,Isha Kulkarni,Central,Technology,Accessories,101.51,0.027386381583568715,16.01,2025,12,0.1577184513841001
14782,2025-12-01,Isha Kulkarni,Central,Office Supplies,Binders,16.45,0.4101762405861418,-0.46,2025,12,-0.027963525835866265
14783,2025-12-06,Isha Kulkarni,Central,Technology,Accessories,227.36,0.5044997253192142,-14.29,2025,12,-0.06285186488388458
14784,2025-12-13,Isha Kulkarni,Central,Technology,Phones,118.59,0.3158471379282404,2.23,2025,12,0.018804283666413693
14785,2025-12-20,Isha Kulkarni,Central,Furniture,Tables,158.17,0.4503861233867213,-21.77,2025,12,-0.13763671998482646
14786,2025-12-17,Isha Kulkarni,Central,Office Supplies,Storage,87.05,0.1814457911514928,9.98,2025,12,0.11464675473865596
14787,2025-12-26,Isha Kulkarni,Central,Office Supplies,Art,65.26,0.15268729451614,12.23,2025,12,0.18740422923689856
14788,2025-12-19,Isha Kulkarni,Central,Furniture,Chairs,60.66,0.15622692361048873,2.75,2025,12,0.04533465215957798
14789,2025-12-26,Isha Kulkarni,Central,Technology,Machines,159.84,0.35749321534847817,-14.13,2025,12,-0.0884009009009009
14790,2025-12-09,Isha Kulkarni,Central,Technology,Machines,221.05,0.1845470539117088,20.12,2025,12,0.091020131192038
14791,2025-12-27,Isha Kulkarni,Central,Office Supplies,Paper,94.13,0.08569792857319466,18.72,2025,12,0.19887389780091363
14792,2025-12-24,Isha Kulkarni,Central,Office Supplies,Storage,83.85,0.28329006979156596,4.04,2025,12,0.04818127608825284
14793,2025-12-03,Isha Kulkarni,Central,Technology,Phones,101.13,0.2373184371287011,7.5,2025,12,0.07416196974191634
14794,2025-12-26,Vikram Joshi,East,Office Supplies,Binders,40.92,0.23948902234587954,1.53,2025,12,0.0373900293255132
14795,2025-12-02,Vikram Joshi,East,Furniture,Chairs,238.11,0.17588010369360765,-8.36,2025,12,-0.035109823190962154
14796,2025-12-20,Vikram Joshi,East,Technology,Machines,191.42,0.19776940176920738,1.63,2025,12,0.008515306655521889
14797,2025-12-10,Vikram Joshi,East,Technology,Phones,135.85,0.052263869275952786,23.08,2025,12,0.16989326463010673
14798,2025-12-20,Vikram Joshi,East,Furniture,Tables,531.58,0.3621737130506463,-26.76,2025,12,-0.050340494375258664
14799,2025-12-18,Vikram Joshi,East,Technology,Machines,360.06,0.01457511770128597,56.61,2025,12,0.15722379603399433
14800,2025-12-01,Vikram Joshi,East,Furniture,Chairs,45.74,0.19050859628779435,-5.66,2025,12,-0.12374289462177525
14801,2025-12-14,Vikram Joshi,East,Technology,Phones,408.5,0.22390662470915984,33.28,2025,12,0.081468788249694
14802,2025-12-24,Vikram Joshi,East,Technology,Machines,316.28,0.17862724298063315,25.09,2025,12,0.0793284431516378
14803,2025-12-04,Vikram Joshi,East,Technology,Phones,114.66,0.17722455725965477,7.16,2025,12,0.06244549101691959
14804,2025-12-16,Vikram Joshi,East,Office Supplies,Paper,38.4,0.22586685597931452,1.81,2025,12,0.04713541666666667
14805,2025-12-07,Vikram Joshi,East,Furniture,Tables,228.59,0.019165114672036545,30.43,2025,12,0.13312043396474035
14806,2025-12-05,Vikram Joshi,East,Office Supplies,Paper,66.01,0.30311154748064545,10.04,2025,12,0.15209816694440234
14807,2025-12-27,Vikram Joshi,East,Furniture,Tables,313.94,0.49571668995341805,-46.43,2025,12,-0.14789450213416577
14808,2025-12-13,Vikram Joshi,East,Technology,Accessories,445.7,0.45588085120510186,-23.18,2025,12,-0.05200807718196096
14809,2025-12-26,Sneha More,East,Furniture,Tables,259.63,0.13489996107884716,24.47,2025,12,0.09424950891653507
14810,2025-12-16,Sneha More,East,Technology,Accessories,155.18,0.25344783359045386,1.28,2025,12,0.008248485629591441
14811,2025-12-08,Sneha More,East,Technology,Accessories,190.51,0.3066005828475412,-3.87,2025,12,-0.020313894283764632
14812,2025-12-05,Sneha More,East,Technology,Accessories,102.07,0.15764348515001145,16.12,2025,12,0.15793083178211034
14813,2025-12-05,Sneha More,East,Technology,Machines,73.11,0.15262950107046383,7.46,2025,12,0.10203802489399535
14814,2025-12-12,Sneha More,East,Furniture,Chairs,261.27,0.25917706007256286,5.13,2025,12,0.019634860489149156
14815,2025-12-19,Sneha More,East,Technology,Accessories,170.67,0.10509350758708846,23.13,2025,12,0.13552469678326595
14816,2025-12-02,Sneha More,East,Furniture,Bookcases,163.35,0.29052309750055894,-11.12,2025,12,-0.06807468625650444
14817,2025-12-15,Sneha More,East,Technology,Accessories,68.45,0.08441793114488261,15.19,2025,12,0.22191380569758948
14818,2025-12-13,Sneha More,East,Technology,Accessories,166.32,0.10383399830843154,14.07,2025,12,0.0845959595959596
14819,2025-12-20,Sneha More,East,Furniture,Chairs,205.53,0.200369227266011,3.34,2025,12,0.01625066900209215
14820,2025-12-12,Sneha More,East,Furniture,Chairs,134.0,0.15925200344846113,6.27,2025,12,0.0467910447761194
14821,2025-12-25,Sneha More,East,Technology,Phones,196.94,0.10762043320945443,10.1,2025,12,0.051284655224941605
14822,2025-12-07,Sneha More,East,Technology,Phones,201.91,0.07192285825633989,25.7,2025,12,0.12728443365856074
14823,2025-12-05,Sneha More,East,Technology,Accessories,55.11,0.022760549302897167,10.59,2025,12,0.19216113228089277
14824,2025-12-08,Sneha More,East,Office Supplies,Paper,59.31,0.08149178769149613,11.76,2025,12,0.19828022255943348
14825,2025-12-05,Sneha More,East,Technology,Accessories,67.31,0.339201714554739,-2.18,2025,12,-0.032387461001337096
14826,2025-12-26,Sneha More,East,Furniture,Chairs,95.99,0.030539371187838747,6.8,2025,12,0.07084071257422649
14827,2025-12-10,Sneha More,East,Furniture,Tables,195.51,0.0484221607071585,12.93,2025,12,0.06613472456651834
14828,2025-12-07,Sneha More,East,Furniture,Tables,150.32,0.23614175439731136,-0.56,2025,12,-0.0037253858435337952
14829,2025-12-17,Sneha More,East,Technology,Accessories,154.23,0.17764397918687674,16.79,2025,12,0.10886338585229852
14830,2025-12-12,Sneha More,East,Technology,Machines,217.14,0.24076864324758607,12.71,2025,12,0.05853366491664365
14831,2025-12-15,Aditya Shah,South,Technology,Accessories,181.86,0.21699445648307533,11.99,2025,12,0.06592983613768832
14832,2025-12-16,Aditya Shah,South,Furniture,Chairs,145.42,0.19568258404343064,6.8,2025,12,0.046761105762618625
14833,2025-12-17,Aditya Shah,South,Furniture,Chairs,58.84,0.24922314415673302,-0.4,2025,12,-0.006798096532970768
14834,2025-12-15,Aditya Shah,South,Technology,Phones,587.01,0.40284765134086514,-1.95,2025,12,-0.003321919558440231
14835,2025-12-01,Aditya Shah,South,Technology,Machines,138.37,0.09697054295567106,21.85,2025,12,0.1579099515790995
14836,2025-12-09,Aditya Shah,South,Furniture,Chairs,148.9,0.13273524250762364,11.2,2025,12,0.07521826729348555
14837,2025-12-14,Aditya Shah,South,Furniture,Bookcases,129.28,0.06347592717133053,12.25,2025,12,0.09475556930693069
14838,2025-12-27,Aditya Shah,South,Office Supplies,Paper,31.7,0.38630034805684904,-5.19,2025,12,-0.1637223974763407
14839,2025-12-14,Aditya Shah,South,Technology,Machines,261.99,0.31061414575884866,-0.7,2025,12,-0.002671857704492538
14840,2025-12-02,Aditya Shah,South,Technology,Phones,98.53,0.18831986860606797,15.28,2025,12,0.1550796711661423
14841,2025-12-04,Aditya Shah,South,Technology,Machines,78.63,0.21840977439651763,8.96,2025,12,0.11395141803382934
14842,2025-12-02,Aditya Shah,South,Furniture,Chairs,406.61,0.15367713017248438,44.7,2025,12,0.10993335136863333
14843,2025-12-19,Aditya Shah,South,Office Supplies,Paper,103.89,0.10947659890922062,19.38,2025,12,0.1865434594282414
14844,2025-12-19,Aditya Shah,South,Technology,Machines,184.03,0.14467404503540363,25.42,2025,12,0.13812965277400424
14845,2025-12-26,Aditya Shah,South,Furniture,Chairs,859.9,0.03636686065919369,101.77,2025,12,0.11835097104314456
14846,2025-12-08,Aditya Shah,South,Technology,Machines,321.74,0.21854485425328937,23.2,2025,12,0.07210791322185615
14847,2025-12-08,Aditya Shah,South,Technology,Phones,105.27,0.16475464210531682,12.93,2025,12,0.12282701624394414
14848,2025-12-19,Aditya Shah,South,Office Supplies,Art,39.1,0.09748234425734115,7.38,2025,12,0.1887468030690537
14849,2025-12-15,Aditya Shah,South,Office Supplies,Paper,117.79,0.49260879713864836,-9.91,2025,12,-0.0841327786739112
14850,2025-12-24,Aditya Shah,South,Technology,Accessories,532.93,0.07402340039887684,77.74,2025,12,0.14587281631734
14851,2025-12-09,Aditya Shah,South,Office Supplies,Art,79.81,0.29346719193078347,7.91,2025,12,0.09911038716952762
14852,2025-12-27,Neha Pawar,South,Office Supplies,Binders,39.53,0.07731135630014176,5.69,2025,12,0.1439413103971667
14853,2025-12-15,Neha Pawar,South,Office Supplies,Storage,63.57,0.05022156166984779,11.66,2025,12,0.18341985213150858
14854,2025-12-01,Neha Pawar,South,Furniture,Bookcases,75.34,0.12092517718125773,7.38,2025,12,0.0979559331032652
14855,2025-12-04,Neha Pawar,South,Furniture,Tables,118.84,0.09763698474273576,0.79,2025,12,0.0066475934028946485
14856,2025-12-04,Neha Pawar,South,Office Supplies,Paper,29.13,0.14253901908267264,5.85,2025,12,0.20082389289392377
14857,2025-12-05,Neha Pawar,South,Furniture,Tables,51.83,0.16646422061453914,1.85,2025,12,0.03569361373721783
14858,2025-12-04,Neha Pawar,South,Technology,Phones,114.57,0.3029319740887542,-3.57,2025,12,-0.031159989526053943
14859,2025-12-24,Neha Pawar,South,Furniture,Chairs,249.02,0.09180880075111243,19.83,2025,12,0.0796321580595936
14860,2025-12-12,Neha Pawar,South,Office Supplies,Binders,27.66,0.26507474299781864,-3.67,2025,12,-0.1326825741142444
14861,2025-12-23,Neha Pawar,South,Technology,Accessories,169.99,0.0827494685640564,16.93,2025,12,0.09959409377022177
14862,2025-12-06,Neha Pawar,South,Office Supplies,Storage,43.99,0.2458986116495629,-2.69,2025,12,-0.06115026142305069
14863,2025-12-12,Neha Pawar,South,Office Supplies,Binders,43.6,0.1655256383876791,6.51,2025,12,0.14931192660550457
14864,2025-12-19,Neha Pawar,South,Furniture,Chairs,165.43,0.14966341937978372,7.96,2025,12,0.048117028350359664
14865,2025-12-04,Neha Pawar,South,Furniture,Chairs,89.16,0.1859387008537134,1.52,2025,12,0.01704800358905339
14866,2025-12-12,Neha Pawar,South,Furniture,Bookcases,301.2,0.07993751414108394,10.63,2025,12,0.0352921646746348
14867,2025-12-07,Neha Pawar,South,Technology,Accessories,233.81,0.13050690387694538,15.13,2025,12,0.06471066250374236
14868,2025-12-01,Neha Pawar,South,Furniture,Chairs,102.11,0.3664738073281318,-6.71,2025,12,-0.06571344628341984
14869,2025-12-04,Kunal Mehta,North,Technology,Machines,108.53,0.07578967721461644,20.58,2025,12,0.18962498848244724
14870,2025-12-14,Kunal Mehta,North,Technology,Accessories,223.51,0.20668293821332331,5.93,2025,12,0.026531251398147732
14871,2025-12-20,Kunal Mehta,North,Technology,Machines,339.56,0.2539310959956884,11.18,2025,12,0.032924961715160794
14872,2025-12-06,Kunal Mehta,North,Furniture,Tables,218.45,0.2125276703960194,11.69,2025,12,0.05351338979171435
14873,2025-12-06,Kunal Mehta,North,Furniture,Chairs,177.0,0.2864702057785416,-10.73,2025,12,-0.06062146892655367
14874,2025-12-03,Kunal Mehta,North,Technology,Machines,236.46,0.14181816825964377,21.76,2025,12,0.0920240209760636
14875,2025-12-11,Kunal Mehta,North,Technology,Phones,481.17,0.2663967064633272,34.51,2025,12,0.07172101336326038
14876,2025-12-04,Kunal Mehta,North,Technology,Machines,68.39,0.02629531165888092,8.78,2025,12,0.12838134230150605
14877,2025-12-06,Kunal Mehta,North,Furniture,Tables,633.84,0.3771248837371094,-80.0,2025,12,-0.12621481761958853
14878,2025-12-10,Kunal Mehta,North,Technology,Phones,180.5,0.11483091540847733,11.97,2025,12,0.06631578947368422
14879,2025-12-01,Kunal Mehta,North,Technology,Machines,160.79,0.18385108266503997,5.21,2025,12,0.0324025125940668
14880,2025-12-08,Kunal Mehta,North,Technology,Accessories,128.98,0.04254905782223352,28.79,2025,12,0.22321290122499612
14881,2025-12-16,Kunal Mehta,North,Technology,Accessories,236.25,0.07451230372277579,48.49,2025,12,0.20524867724867726
14882,2025-12-19,Priya Nair,North,Furniture,Bookcases,133.16,0.29298748421819204,-8.04,2025,12,-0.060378492039651545
14883,2025-12-07,Priya Nair,North,Technology,Phones,107.55,0.014710800838611296,18.96,2025,12,0.17629009762900977
14884,2025-12-04,Priya Nair,North,Furniture,Chairs,55.02,0.12143020390649302,-0.79,2025,12,-0.0143584151217739
14885,2025-12-14,Priya Nair,North,Technology,Machines,332.53,0.3843816716996066,-20.73,2025,12,-0.062340239978347825
14886,2025-12-05,Priya Nair,North,Technology,Accessories,327.81,0.15083628159593165,21.7,2025,12,0.0661968823403801
14887,2025-12-22,Priya Nair,North,Furniture,Chairs,448.33,0.18254639439596596,15.22,2025,12,0.0339482077933665
14888,2025-12-17,Priya Nair,North,Furniture,Chairs,60.78,0.26410876893440105,2.24,2025,12,0.03685422836459362
14889,2025-12-26,Priya Nair,North,Furniture,Tables,59.06,0.09925848561023476,4.42,2025,12,0.07483914663054521
14890,2025-12-04,Priya Nair,North,Furniture,Tables,85.42,0.16896032723650106,11.87,2025,12,0.1389604308124561
14891,2025-12-16,Priya Nair,North,Furniture,Tables,138.85,0.1080335593205904,22.73,2025,12,0.163701836514224
14892,2025-12-17,Priya Nair,North,Furniture,Bookcases,323.66,0.41181063162522324,-14.53,2025,12,-0.04489278872891305
14893,2025-12-19,Priya Nair,North,Office Supplies,Paper,95.29,0.21130666919838986,7.95,2025,12,0.08342953090565641
14894,2025-12-16,Priya Nair,North,Technology,Phones,205.97,0.02524056795796757,47.16,2025,12,0.22896538330824875
14895,2025-12-24,Priya Nair,North,Technology,Accessories,76.43,0.1663856348110966,11.57,2025,12,0.1513803480308779
14896,2025-12-17,Priya Nair,North,Office Supplies,Art,128.06,0.13499046305437934,21.28,2025,12,0.1661721068249258
14897,2025-12-27,Priya Nair,North,Technology,Accessories,234.2,0.06341584951601767,31.38,2025,12,0.13398804440649018
14898,2025-12-01,Priya Nair,North,Technology,Accessories,368.92,0.07524494975934573,68.19,2025,12,0.18483682099100074
14899,2025-12-16,Priya Nair,North,Technology,Machines,253.36,0.12486519773644493,15.29,2025,12,0.06034891064098515
14900,2025-12-24,Priya Nair,North,Furniture,Bookcases,151.66,0.267252036773375,4.11,2025,12,0.02710009231174997
14901,2025-12-01,Priya Nair,North,Office Supplies,Art,20.08,0.09135263064924061,3.58,2025,12,0.17828685258964144
14902,2025-12-11,Priya Nair,North,Technology,Machines,285.68,0.43606771182096293,-5.4,2025,12,-0.018902268272192664
14903,2025-12-05,Rahul Jadhav,West,Furniture,Chairs,132.83,0.11847042205227482,5.74,2025,12,0.043213129564104495
14904,2025-12-04,Rahul Jadhav,West,Technology,Phones,186.84,0.21988653351055054,13.28,2025,12,0.07107685720402483
14905,2025-12-26,Rahul Jadhav,West,Technology,Machines,589.35,0.26611975861863774,-6.32,2025,12,-0.010723678628998048
14906,2025-12-27,Rahul Jadhav,West,Technology,Machines,63.01,0.26734987761724416,0.38,2025,12,0.006030788763688304
14907,2025-12-19,Rahul Jadhav,West,Technology,Machines,102.82,0.10935238298204299,6.67,2025,12,0.06487064773390391
14908,2025-12-02,Rahul Jadhav,West,Furniture,Bookcases,219.45,0.10216780644723993,8.72,2025,12,0.03973570289359764
14909,2025-12-21,Rahul Jadhav,West,Furniture,Tables,233.61,0.4569250738574089,-38.18,2025,12,-0.1634347844698429
14910,2025-12-19,Rahul Jadhav,West,Furniture,Bookcases,254.94,0.15826134034581835,20.19,2025,12,0.07919510473052484
14911,2025-12-16,Rahul Jadhav,West,Technology,Machines,261.59,0.24428727574094444,15.3,2025,12,0.0584884743300585
14912,2025-12-09,Rahul Jadhav,West,Office Supplies,Storage,138.28,0.10279086429574961,14.46,2025,12,0.10457043679490889
14913,2025-12-02,Rahul Jadhav,West,Furniture,Chairs,177.99,0.24293224245447106,10.88,2025,12,0.061127029608404965
14914,2025-12-16,Rahul Jadhav,West,Technology,Accessories,177.65,0.16106184487243622,1.54,2025,12,0.0086687306501548
14915,2025-12-24,Rahul Jadhav,West,Technology,Phones,143.05,0.08911935553319623,17.8,2025,12,0.12443201677735057
14916,2025-12-14,Rahul Jadhav,West,Office Supplies,Storage,72.65,0.2984237959989881,4.82,2025,12,0.06634549208534067
14917,2025-12-11,Rahul Jadhav,West,Technology,Machines,335.89,0.0402127683111498,35.95,2025,12,0.10702908690345055
14918,2025-12-12,Rahul Jadhav,West,Technology,Phones,143.45,0.42638714887399937,-17.56,2025,12,-0.12241199024050192
14919,2025-12-24,Rahul Jadhav,West,Office Supplies,Storage,79.11,0.43746801513977385,-9.09,2025,12,-0.1149032992036405
14920,2025-12-10,Meera Singh,Central,Furniture,Bookcases,53.54,0.3226146657744568,-2.88,2025,12,-0.053791557713858795
14921,2025-12-05,Meera Singh,Central,Technology,Accessories,178.09,0.18410385802969303,12.44,2025,12,0.06985232185973383
14922,2025-12-19,Meera Singh,Central,Technology,Machines,162.51,0.0772062290215365,16.28,2025,12,0.10017845055688882
14923,2025-12-06,Meera Singh,Central,Technology,Phones,796.98,0.30125880186628545,18.83,2025,12,0.023626690757609974
14924,2025-12-20,Meera Singh,Central,Technology,Phones,515.94,0.0737753791409389,75.39,2025,12,0.14612164205140132
14925,2025-12-11,Meera Singh,Central,Technology,Phones,244.58,0.5125564566947367,-17.17,2025,12,-0.07020197890260856
14926,2025-12-03,Meera Singh,Central,Technology,Machines,245.1,0.22483367029573387,27.35,2025,12,0.11158710730314159
14927,2025-12-25,Meera Singh,Central,Technology,Phones,159.86,0.03244206224269045,22.84,2025,12,0.14287501563868382
14928,2025-12-18,Meera Singh,Central,Technology,Machines,286.9,0.12196581371411873,19.5,2025,12,0.06796793307772743
14929,2025-12-08,Meera Singh,Central,Office Supplies,Binders,63.0,0.14060445148293554,17.68,2025,12,0.2806349206349206
14930,2025-12-17,Meera Singh,Central,Furniture,Chairs,255.22,0.33842857923544356,-7.49,2025,12,-0.02934722984092156
14931,2025-12-09,Meera Singh,Central,Technology,Phones,95.19,0.3229929866205457,-1.86,2025,12,-0.019539867633154746
14932,2025-12-18,Meera Singh,Central,Technology,Accessories,133.18,0.40562413538423,-4.38,2025,12,-0.03288782099414326
14933,2025-12-22,Meera Singh,Central,Technology,Machines,90.02,0.3596269882799091,4.09,2025,12,0.045434347922683846
14934,2025-12-26,Meera Singh,Central,Technology,Phones,179.36,0.05127530101675435,23.57,2025,12,0.13141168599464761
14935,2025-12-10,Meera Singh,Central,Technology,Accessories,132.48,0.17788719917151952,10.98,2025,12,0.0828804347826087
14936,2025-12-08,Meera Singh,Central,Furniture,Tables,128.07,0.05501304503576025,18.1,2025,12,0.14132896072460374
